strain	x_files	x_files__colour	next_gen
A/ABUDHABI/UAE/0000053/2025	Field Trip	#FFD23F	Unnatural Selection
A/ABUDHABI/UAE/0000479/2022	Field Trip	#FFD23F	Journey's End
A/ABUDHABI/UAE/0001435/2023	Jose Chung's From Outer Space	#3FD5D0	Phantasms
A/ABUDHABI/UAE/0002049/2025	Ghouli	#FF6F69	Phantasms
A/ABUDHABI/UAE/0003309/2022	The End	#C48A5A	The Price
A/ABUDHABI/UAE/0003961/2025	Ghouli	#FF6F69	Conundrum
A/ABUDHABI/UAE/0004539/2025	Anasazi	#F47CC3	The Price
A/ABUDHABI/UAE/0004807/2025	Elegy	#B084F5	Conundrum
A/ABUDHABI/UAE/0004813/2025	The End	#C48A5A	Phantasms
A/ABUDHABI/UAE/0004870/2025	Field Trip	#FFD23F	The Price
A/ABUDHABI/UAE/0008533/2022	Musings of a Cigarette Smoking Man	#FF9F40	Journey's End
A/ABUDHABI/UAE/0018056/2025	Anasazi	#F47CC3	The Arsenal of Freedom
A/ABUDHABI/UAE/0020091/2025	Anasazi	#F47CC3	The Arsenal of Freedom
A/ABUDHABI/UAE/0021440/2025	Jose Chung's From Outer Space	#3FD5D0	Q Who
A/ABUDHABI/UAE/0021443/2025	Musings of a Cigarette Smoking Man	#FF9F40	Unnatural Selection
A/ABUDHABI/UAE/0022230/2025	Jose Chung's From Outer Space	#3FD5D0	The Price
A/ABUDHABI/UAE/0024921/2025	The End	#C48A5A	The Price
A/ABUDHABI/UAE/4002462/2022	The Walk	#4CCB7F	Phantasms
A/AKITA/17/2025	Hollywood A.D.	#6BA3E6	Up the Long Ladder
A/AKITA/19/2025	Hollywood A.D.	#6BA3E6	Phantasms
A/AVILA/271/2025	Musings of a Cigarette Smoking Man	#FF9F40	Unnatural Selection
A/Aberystwyth/5654/2025	Musings of a Cigarette Smoking Man	#FF9F40	Phantasms
A/Aberystwyth/7246/2025	Field Trip	#FFD23F	The Price
A/AbuDhabi/003/2019	Hollywood A.D.	#6BA3E6	The Arsenal of Freedom
A/AbuDhabi/0039/2025	Musings of a Cigarette Smoking Man	#FF9F40	The Price
A/AbuDhabi/4513/2023	Musings of a Cigarette Smoking Man	#FF9F40	Family
A/Acre/041705-IEC/2025	Musings of a Cigarette Smoking Man	#FF9F40	Family
A/Acre/041706-IEC/2025	Ghouli	#FF6F69	Phantasms
A/Acre/042365-IEC/2025	Elegy	#B084F5	Up the Long Ladder
A/Acre/042366-IEC/2025	Hollywood A.D.	#6BA3E6	Conundrum
A/Acre/042368-IEC/2025	Clyde Bruckman's Final Repose	#9E9E9E	Family
A/Acre/042369-IEC/2025	Musings of a Cigarette Smoking Man	#FF9F40	Q Who
A/Acre/043217-IEC/2025	Musings of a Cigarette Smoking Man	#FF9F40	Phantasms
A/Acre/045155-IEC/2025	Anasazi	#F47CC3	Journey's End
A/Aktobe/3564/2025	Elegy	#B084F5	11001001
A/Aktobe/3566/2025	Hollywood A.D.	#6BA3E6	Conundrum
A/Aktobe/3573/2025	Jose Chung's From Outer Space	#3FD5D0	Phantasms
A/Aktobe/3578/2025	The Walk	#4CCB7F	Up the Long Ladder
A/Alagoas/3567/2025	Clyde Bruckman's Final Repose	#9E9E9E	11001001
A/Alagoas/3568/2025	Ghouli	#FF6F69	Conundrum
A/Alagoas/3569/2025	Field Trip	#FFD23F	Up the Long Ladder
A/Alagoas/3570/2025	Hollywood A.D.	#6BA3E6	The Arsenal of Freedom
A/Alagoas/3571/2025	The Walk	#4CCB7F	Conundrum
A/Alagoas/3573/2025	Elegy	#B084F5	Family
A/Alagoas/3581/2025	Ghouli	#FF6F69	Unnatural Selection
A/Alagoas/3585/2025	Anasazi	#F47CC3	Phantasms
A/Alagoas/4130/2025	Hollywood A.D.	#6BA3E6	The Arsenal of Freedom
A/Alagoas/4132/2025	The End	#C48A5A	Unnatural Selection
A/Alagoas/4133/2025	Jose Chung's From Outer Space	#3FD5D0	11001001
A/Alagoas/4139/2025	Jose Chung's From Outer Space	#3FD5D0	11001001
A/Alagoas/4141/2025	Field Trip	#FFD23F	The Arsenal of Freedom
A/Alagoas/4859/2025	Musings of a Cigarette Smoking Man	#FF9F40	11001001
A/Alagoas/4860/2025	Jose Chung's From Outer Space	#3FD5D0	Q Who
A/Alagoas/4873/2025	Jose Chung's From Outer Space	#3FD5D0	Journey's End
A/Alagoas/4874/2025	Hollywood A.D.	#6BA3E6	The Price
A/Alagoas/4876/2025	Field Trip	#FFD23F	Unnatural Selection
A/Alagoas/4878/2025	Jose Chung's From Outer Space	#3FD5D0	Up the Long Ladder
A/Alagoas/5323/2025	Clyde Bruckman's Final Repose	#9E9E9E	Q Who
A/Alagoas/5328/2025	Field Trip	#FFD23F	Unnatural Selection
A/Alagoas/5331/2025	Anasazi	#F47CC3	Q Who
A/Alagoas/5333/2025	Clyde Bruckman's Final Repose	#9E9E9E	The Price
A/Alagoas/5352/2025	Field Trip	#FFD23F	Family
A/Alagoas/5733/2025	Hollywood A.D.	#6BA3E6	Unnatural Selection
A/Alagoas/5742/2025	Jose Chung's From Outer Space	#3FD5D0	Family
A/Alagoas/8016/2024	The End	#C48A5A	Journey's End
A/Alagoas/975/2025	Jose Chung's From Outer Space	#3FD5D0	Family
A/Alaska/08/2025_S2	The End	#C48A5A	Up the Long Ladder
A/Alaska/63/2025	Jose Chung's From Outer Space	#3FD5D0	Family
A/Alaska/80/2025	Hollywood A.D.	#6BA3E6	The Price
A/Alaska/82/2025	The Walk	#4CCB7F	The Arsenal of Freedom
A/Alaska/84/2025	The Walk	#4CCB7F	Unnatural Selection
A/Albania/289813/2022_cs	Elegy	#B084F5	Unnatural Selection
A/Albania/310561/2025	Hollywood A.D.	#6BA3E6	11001001
A/Alberta/24/2025	The Walk	#4CCB7F	Journey's End
A/Almaty/3524/2025	Clyde Bruckman's Final Repose	#9E9E9E	11001001
A/Almaty/3531/2025	Field Trip	#FFD23F	Journey's End
A/Americana/LEIAL6909/2025	Elegy	#B084F5	The Price
A/Anapolis/LEIAL6543/2025	The Walk	#4CCB7F	Conundrum
A/Anapolis/LEIAL6544/2025	Anasazi	#F47CC3	Journey's End
A/Anapolis/LEIAL6919/2025	The End	#C48A5A	The Price
A/Andalucia/PMC-00963/2025	Elegy	#B084F5	Journey's End
A/Andalucia/PMC-00992/2025	Elegy	#B084F5	Conundrum
A/Andalucia/PMC-01021/2025	Musings of a Cigarette Smoking Man	#FF9F40	11001001
A/Andalucia/PMC-01060/2025	Clyde Bruckman's Final Repose	#9E9E9E	The Arsenal of Freedom
A/Andalucia/PMC-01072/2025	Anasazi	#F47CC3	Unnatural Selection
A/Andalucia/PMC-01093/2025	Jose Chung's From Outer Space	#3FD5D0	The Arsenal of Freedom
A/Andalucia/PMC-01139/2025	Elegy	#B084F5	Up the Long Ladder
A/Andalucia/PMC-01140/2025	Ghouli	#FF6F69	Conundrum
A/Ankara/GED-14020_7/2022	The Walk	#4CCB7F	The Arsenal of Freedom
A/Antofagasta/79854/2025	The End	#C48A5A	The Arsenal of Freedom
A/Antofagasta/80921/2025	Clyde Bruckman's Final Repose	#9E9E9E	11001001
A/Antofagasta/86380/2025	Jose Chung's From Outer Space	#3FD5D0	Up the Long Ladder
A/Antofagasta/86381/2025	Jose Chung's From Outer Space	#3FD5D0	Unnatural Selection
A/Antofagasta/88370/2025	Field Trip	#FFD23F	11001001
A/Antofagasta/91984/2025	Clyde Bruckman's Final Repose	#9E9E9E	11001001
A/Arica/59150/2025	The Walk	#4CCB7F	Conundrum
A/Arica/64979/2025	Jose Chung's From Outer Space	#3FD5D0	Conundrum
A/Arizona/15932/2025	Hollywood A.D.	#6BA3E6	Phantasms
A/Arizona/ASU107748/2024	Jose Chung's From Outer Space	#3FD5D0	Unnatural Selection
A/Arkansas/15/2023	Musings of a Cigarette Smoking Man	#FF9F40	Up the Long Ladder
A/Arkansas/58/2025	Field Trip	#FFD23F	Phantasms
A/Astana/3551/2025	The End	#C48A5A	Q Who
A/Asturias/232460582/2024	The Walk	#4CCB7F	Family
A/Asturias/232566520/2025	Anasazi	#F47CC3	11001001
A/Asturias/232567602/2025	Jose Chung's From Outer Space	#3FD5D0	Family
A/Asturias/232568804/2025	Ghouli	#FF6F69	Family
A/Asturias/232569671/2025	Musings of a Cigarette Smoking Man	#FF9F40	Phantasms
A/Asturias/232570914/2025	The Walk	#4CCB7F	Unnatural Selection
A/AsuncionMita/FLU-268/2025	Jose Chung's From Outer Space	#3FD5D0	The Arsenal of Freedom
A/AthensGR/103/2025	Hollywood A.D.	#6BA3E6	Up the Long Ladder
A/AthensGR/SENT18351/2025	Clyde Bruckman's Final Repose	#9E9E9E	Q Who
A/Atyrau/3520/2025	Anasazi	#F47CC3	The Arsenal of Freedom
A/Auckland/100/2025	Ghouli	#FF6F69	The Price
A/Auckland/101/2025	Elegy	#B084F5	11001001
A/Auckland/103/2025	Jose Chung's From Outer Space	#3FD5D0	Up the Long Ladder
A/Auckland/104/2025	Musings of a Cigarette Smoking Man	#FF9F40	Q Who
A/Auckland/106/2025	Anasazi	#F47CC3	Journey's End
A/Auckland/96/2025	Musings of a Cigarette Smoking Man	#FF9F40	The Arsenal of Freedom
A/Auckland/97/2025	Musings of a Cigarette Smoking Man	#FF9F40	Journey's End
A/Auckland/98/2025	Anasazi	#F47CC3	Family
A/Auckland/99/2025	Field Trip	#FFD23F	Conundrum
A/Australia/2529607979/2025	Jose Chung's From Outer Space	#3FD5D0	Q Who
A/AustralianCapitalTerritory/2518816558/2025	Hollywood A.D.	#6BA3E6	The Arsenal of Freedom
A/AustralianCapitalTerritory/2529015441/2025	The Walk	#4CCB7F	Up the Long Ladder
A/AustralianCapitalTerritory/2530216242/2025	The End	#C48A5A	Journey's End
A/Austria/1845417/2025	Musings of a Cigarette Smoking Man	#FF9F40	Unnatural Selection
A/Austria/1851216/2025	The Walk	#4CCB7F	Family
A/Austria/1852583/2025	Jose Chung's From Outer Space	#3FD5D0	Phantasms
A/BENIN/838824/LFHV/2025	Clyde Bruckman's Final Repose	#9E9E9E	Phantasms
A/BOLIVIA/LPZ5319/2025	Ghouli	#FF6F69	The Price
A/BOLIVIA/LPZ5327/2025	Jose Chung's From Outer Space	#3FD5D0	Up the Long Ladder
A/BOLIVIA/LPZ5362/2025	Field Trip	#FFD23F	The Arsenal of Freedom
A/BOLIVIA/LPZ5469/2025	Elegy	#B084F5	Conundrum
A/BURGOS/319/2025	Elegy	#B084F5	Unnatural Selection
A/BURGOS/320/2025	Hollywood A.D.	#6BA3E6	Journey's End
A/BURGOS/321/2025	Anasazi	#F47CC3	Q Who
A/BURGOS/322/2025	Musings of a Cigarette Smoking Man	#FF9F40	The Arsenal of Freedom
A/BURGOS/323/2025	Anasazi	#F47CC3	Family
A/Badajoz/18773196/2025	The End	#C48A5A	Journey's End
A/Badajoz/18773595/2025	The Walk	#4CCB7F	Journey's End
A/Badajoz/18777813/2025	Clyde Bruckman's Final Repose	#9E9E9E	The Price
A/Baden-Wuerttemberg/113/2025	The End	#C48A5A	Phantasms
A/Baden-Wuerttemberg/295/2019	Musings of a Cigarette Smoking Man	#FF9F40	The Arsenal of Freedom
A/Baden-Wuerttemberg/90/2019	Anasazi	#F47CC3	Unnatural Selection
A/Baglan/2737/2025	Musings of a Cigarette Smoking Man	#FF9F40	Conundrum
A/Bahia/090-292041806/2021	Ghouli	#FF6F69	Phantasms
A/Bahia/2379/2025	Clyde Bruckman's Final Repose	#9E9E9E	The Arsenal of Freedom
A/Bahia/293495829/2024	Elegy	#B084F5	Journey's End
A/Bahia/3102/2025	Elegy	#B084F5	Unnatural Selection
A/Bahia/3217/2025	The End	#C48A5A	Journey's End
A/Bahia/3532/2025	Elegy	#B084F5	The Arsenal of Freedom
A/Bahia/3662/2025	Clyde Bruckman's Final Repose	#9E9E9E	11001001
A/Bahia/4230/2025	The End	#C48A5A	Journey's End
A/Bahia/4232/2025	Clyde Bruckman's Final Repose	#9E9E9E	Conundrum
A/Bahia/4495/2025	Field Trip	#FFD23F	11001001
A/Bahia/4561/2025	Anasazi	#F47CC3	Journey's End
A/Bahia/4562/2025	The Walk	#4CCB7F	Unnatural Selection
A/Bahia/4563/2025	Field Trip	#FFD23F	Unnatural Selection
A/Bahia/4835/2025	Anasazi	#F47CC3	The Arsenal of Freedom
A/Bahia/4838/2025	Field Trip	#FFD23F	Conundrum
A/Bahia/4840/2025	Clyde Bruckman's Final Repose	#9E9E9E	Q Who
A/Bahia/4841/2025	Clyde Bruckman's Final Repose	#9E9E9E	The Price
A/Bahia/5164/2025	Ghouli	#FF6F69	Unnatural Selection
A/Bahia/5165/2025	Elegy	#B084F5	Up the Long Ladder
A/Bahia/5167/2025	Anasazi	#F47CC3	Phantasms
A/Bahia/5169/2025	Anasazi	#F47CC3	Conundrum
A/Bahia/5170/2025	Jose Chung's From Outer Space	#3FD5D0	11001001
A/Bahia/5316/2025	Elegy	#B084F5	Unnatural Selection
A/Bahia/5318/2025	Jose Chung's From Outer Space	#3FD5D0	11001001
A/Bahia/5459/2025	Anasazi	#F47CC3	Conundrum
A/Bahrain/0005/2025	Hollywood A.D.	#6BA3E6	Q Who
A/Bahrain/0122/2025	The End	#C48A5A	Conundrum
A/Bahrain/0211/2025	Elegy	#B084F5	Conundrum
A/Bahrain/0253/2025	Hollywood A.D.	#6BA3E6	The Arsenal of Freedom
A/Bahrain/0337/2025	The Walk	#4CCB7F	The Price
A/Bahrain/0379/2025	Jose Chung's From Outer Space	#3FD5D0	11001001
A/Bahrain/0382/2025	Ghouli	#FF6F69	11001001
A/Bahrain/0396/2025	Musings of a Cigarette Smoking Man	#FF9F40	Journey's End
A/Bahrain/0523/2025	The Walk	#4CCB7F	Up the Long Ladder
A/Bahrain/0616/2025	The End	#C48A5A	Up the Long Ladder
A/Bahrain/0667/2025	The Walk	#4CCB7F	Up the Long Ladder
A/Bahrain/0719/2025	The Walk	#4CCB7F	The Price
A/Bahrain/0759/2025	Anasazi	#F47CC3	Up the Long Ladder
A/Bahrain/0803/2025	Anasazi	#F47CC3	Up the Long Ladder
A/Bahrain/0804/2025	The Walk	#4CCB7F	Phantasms
A/Bahrain/0880/2025	Ghouli	#FF6F69	Journey's End
A/Bahrain/09182025	Hollywood A.D.	#6BA3E6	Q Who
A/Bahrain/0988/2025	Musings of a Cigarette Smoking Man	#FF9F40	Journey's End
A/Bahrain/0992/2025	Hollywood A.D.	#6BA3E6	Journey's End
A/Bahrain/1158/2025	Musings of a Cigarette Smoking Man	#FF9F40	Phantasms
A/Bahrain/1177/2025	Clyde Bruckman's Final Repose	#9E9E9E	Up the Long Ladder
A/Bahrain/1613/2025	Jose Chung's From Outer Space	#3FD5D0	Phantasms
A/Bahrain/1642/2025	Musings of a Cigarette Smoking Man	#FF9F40	Journey's End
A/Bahrain/1648/2025	Clyde Bruckman's Final Repose	#9E9E9E	The Price
A/Bahrain/1692/2025	Musings of a Cigarette Smoking Man	#FF9F40	Unnatural Selection
A/Bahrain/1723/2025	Hollywood A.D.	#6BA3E6	The Arsenal of Freedom
A/Bahrain/1772/2025	Clyde Bruckman's Final Repose	#9E9E9E	The Arsenal of Freedom
A/Bahrain/1795/2025	Anasazi	#F47CC3	The Price
A/Bahrain/1797/2025	Musings of a Cigarette Smoking Man	#FF9F40	Unnatural Selection
A/Bahrain/1811/2025	The Walk	#4CCB7F	The Price
A/Bahrain/1898/2025	Hollywood A.D.	#6BA3E6	Conundrum
A/Bahrain/1902/2025	The Walk	#4CCB7F	Journey's End
A/Bahrain/1903/2025	Anasazi	#F47CC3	Phantasms
A/Bahrain/1910/2025	Elegy	#B084F5	Q Who
A/Bahrain/1927/2025	Clyde Bruckman's Final Repose	#9E9E9E	The Price
A/Bahrain/1960/2025	Musings of a Cigarette Smoking Man	#FF9F40	Journey's End
A/Bahrain/2015/2025	The Walk	#4CCB7F	11001001
A/Bahrain/2169/2025	Musings of a Cigarette Smoking Man	#FF9F40	Conundrum
A/Bahrain/2179/2025	The Walk	#4CCB7F	Up the Long Ladder
A/Bahrain/2180/2025	The End	#C48A5A	Q Who
A/Bahrain/2248/2025	Elegy	#B084F5	Up the Long Ladder
A/Bahrain/2389/2025	The Walk	#4CCB7F	11001001
A/Bahrain/2400/2025	Hollywood A.D.	#6BA3E6	Q Who
A/Bahrain/2447/2025	Jose Chung's From Outer Space	#3FD5D0	Up the Long Ladder
A/Bahrain/2528/2025	The End	#C48A5A	The Price
A/Bahrain/2585/2025	Musings of a Cigarette Smoking Man	#FF9F40	The Arsenal of Freedom
A/Bahrain/2702/2025	Clyde Bruckman's Final Repose	#9E9E9E	The Price
A/Bahrain/2803/2025	The Walk	#4CCB7F	Family
A/Bahrain/2906/2025	Ghouli	#FF6F69	The Arsenal of Freedom
A/Bahrain/2991/2025	Jose Chung's From Outer Space	#3FD5D0	The Arsenal of Freedom
A/Bahrain/3193/2025	Clyde Bruckman's Final Repose	#9E9E9E	Q Who
A/Bahrain/3214/2025	The Walk	#4CCB7F	11001001
A/Bahrain/3296/2025	Ghouli	#FF6F69	Journey's End
A/Bahrain/3344/2025	Ghouli	#FF6F69	Up the Long Ladder
A/Bahrain/3508/2025	Elegy	#B084F5	Q Who
A/Bahrain/3558/2025	Field Trip	#FFD23F	The Price
A/Bahrain/3672/2025	The End	#C48A5A	Conundrum
A/Bahrain/3787/2025	Field Trip	#FFD23F	Conundrum
A/Bahrain/3828/2025	Ghouli	#FF6F69	Q Who
A/Bahrain/3916/2025	Hollywood A.D.	#6BA3E6	Q Who
A/Bahrain/4069/2025	Musings of a Cigarette Smoking Man	#FF9F40	11001001
A/Bahrain/4098/2025	Elegy	#B084F5	The Price
A/Bahrain/4241/2025	The Walk	#4CCB7F	Conundrum
A/Bahrain/4419/2025	Musings of a Cigarette Smoking Man	#FF9F40	Conundrum
A/Bahrain/4538/2025	Ghouli	#FF6F69	Conundrum
A/Bahrain/4651/2025	Musings of a Cigarette Smoking Man	#FF9F40	The Price
A/Bahrain/4683/2025	Clyde Bruckman's Final Repose	#9E9E9E	Phantasms
A/Bahrain/4684/2025	Anasazi	#F47CC3	The Price
A/Bahrain/4686/2025	Elegy	#B084F5	Q Who
A/Bahrain/5089/2025	The End	#C48A5A	Family
A/Bahrain/5116/2025	The Walk	#4CCB7F	11001001
A/Bahrain/5138/2025	Ghouli	#FF6F69	Unnatural Selection
A/Bahrain/5215/2025	Field Trip	#FFD23F	Unnatural Selection
A/Bahrain/5254/2025	Hollywood A.D.	#6BA3E6	11001001
A/Bahrain/5393/2025	Ghouli	#FF6F69	Phantasms
A/Bahrain/5448/2025	The End	#C48A5A	Up the Long Ladder
A/Bahrain/5645/2025	Anasazi	#F47CC3	Family
A/Bahrain/6223/2025	Hollywood A.D.	#6BA3E6	The Arsenal of Freedom
A/Bahrain/6224/2025	The End	#C48A5A	Family
A/Bahrain/6319/2025	Hollywood A.D.	#6BA3E6	Journey's End
A/Bahrain/6512/2025	Musings of a Cigarette Smoking Man	#FF9F40	The Arsenal of Freedom
A/Bahrain/6738/2025	Ghouli	#FF6F69	The Arsenal of Freedom
A/Bahrain/6782/2025	The End	#C48A5A	The Arsenal of Freedom
A/Bahrain/6859/2025	Hollywood A.D.	#6BA3E6	Phantasms
A/Bahrain/6866/2025	Jose Chung's From Outer Space	#3FD5D0	11001001
A/Bahrain/6937/2025	Clyde Bruckman's Final Repose	#9E9E9E	The Arsenal of Freedom
A/Bahrain/6946/2025	Musings of a Cigarette Smoking Man	#FF9F40	Journey's End
A/Bahrain/6947/2025	The End	#C48A5A	Journey's End
A/Bahrain/7091/2025	Clyde Bruckman's Final Repose	#9E9E9E	Journey's End
A/Bahrain/7102/2025	Ghouli	#FF6F69	Conundrum
A/Bahrain/7154/2025	The Walk	#4CCB7F	Family
A/Bahrain/7203/2025	The Walk	#4CCB7F	Conundrum
A/Bahrain/7240/2025	The End	#C48A5A	Journey's End
A/Bahrain/7241/2025	Field Trip	#FFD23F	Conundrum
A/Bahrain/7275/2024	Clyde Bruckman's Final Repose	#9E9E9E	The Price
A/Bahrain/7279/2025	Jose Chung's From Outer Space	#3FD5D0	The Arsenal of Freedom
A/Bahrain/7324/2025	The End	#C48A5A	The Arsenal of Freedom
A/Bahrain/7464/2025	Elegy	#B084F5	Conundrum
A/Bahrain/7492/2025	Musings of a Cigarette Smoking Man	#FF9F40	Unnatural Selection
A/Bahrain/7557/2025	Anasazi	#F47CC3	The Price
A/Bahrain/7575/2025	The Walk	#4CCB7F	Conundrum
A/Bahrain/7661/2025	Anasazi	#F47CC3	Conundrum
A/Bahrain/7663/2025	Clyde Bruckman's Final Repose	#9E9E9E	Conundrum
A/Bahrain/7797/2025	Jose Chung's From Outer Space	#3FD5D0	11001001
A/Bahrain/8044/2025	Jose Chung's From Outer Space	#3FD5D0	Q Who
A/Bahrain/8101/2025	Hollywood A.D.	#6BA3E6	Phantasms
A/Bahrain/8118/2025	Hollywood A.D.	#6BA3E6	Family
A/Bahrain/8170/2025	The End	#C48A5A	Up the Long Ladder
A/Bahrain/8322/2025	Field Trip	#FFD23F	Up the Long Ladder
A/Bahrain/8326/2025	Hollywood A.D.	#6BA3E6	Phantasms
A/Bahrain/8390/2025	Anasazi	#F47CC3	Family
A/Bahrain/8673/2025	Jose Chung's From Outer Space	#3FD5D0	Unnatural Selection
A/Bahrain/8698/2025	The End	#C48A5A	Family
A/Bahrain/8722/2025	Musings of a Cigarette Smoking Man	#FF9F40	11001001
A/Bahrain/8723/2025	Hollywood A.D.	#6BA3E6	11001001
A/Bahrain/9224/2025	Jose Chung's From Outer Space	#3FD5D0	11001001
A/Bahrain/9350/2025	Clyde Bruckman's Final Repose	#9E9E9E	Family
A/Bahrain/9564/2025	Field Trip	#FFD23F	Conundrum
A/Bahrain/9705/2025	Jose Chung's From Outer Space	#3FD5D0	The Price
A/Bahrain/9776/2025	Hollywood A.D.	#6BA3E6	Up the Long Ladder
A/Bahrain/9835/2025	The End	#C48A5A	The Price
A/Baltimore/JH-0351/2022	Anasazi	#F47CC3	Family
A/Baltimore/JH-0472/2022	The Walk	#4CCB7F	Unnatural Selection
A/Baltimore/JH-0616/2022	Jose Chung's From Outer Space	#3FD5D0	Journey's End
A/Baltimore/JH-087/2021	The Walk	#4CCB7F	Family
A/Baltimore/JH-1020/2025	Jose Chung's From Outer Space	#3FD5D0	Journey's End
A/Baltimore/JH-1273/2024	The Walk	#4CCB7F	Phantasms
A/Bangkok/AST-021/2023	Hollywood A.D.	#6BA3E6	Journey's End
A/Bangkok/AST-0364/2025	Ghouli	#FF6F69	The Price
A/Bangkok/AST-0371/2025	Musings of a Cigarette Smoking Man	#FF9F40	Phantasms
A/Bangkok/AST-0372/2025	Jose Chung's From Outer Space	#3FD5D0	Unnatural Selection
A/Bangkok/AST-0373/2025	Jose Chung's From Outer Space	#3FD5D0	Journey's End
A/Bangkok/AST-0378/2025	Ghouli	#FF6F69	Q Who
A/Bangkok/AST-0437/2025	Ghouli	#FF6F69	Journey's End
A/Bangkok/P1892/2025	Hollywood A.D.	#6BA3E6	11001001
A/Bangkok/P2097/2025	Elegy	#B084F5	The Arsenal of Freedom
A/Bangkok/P2120/2025	Jose Chung's From Outer Space	#3FD5D0	Up the Long Ladder
A/Bangkok/P2121/2025	Elegy	#B084F5	Phantasms
A/Bangkok/P2127/2025	Musings of a Cigarette Smoking Man	#FF9F40	Up the Long Ladder
A/Bangkok/P2128/2025	Elegy	#B084F5	11001001
A/Bangkok/P2138/2025	Jose Chung's From Outer Space	#3FD5D0	Q Who
A/Bangkok/P2237/2025	The Walk	#4CCB7F	Up the Long Ladder
A/Bangkok/P2260/2025	The Walk	#4CCB7F	Q Who
A/Bangkok/P2262/2025	Hollywood A.D.	#6BA3E6	The Price
A/Bangkok/P2319/2025	The Walk	#4CCB7F	Phantasms
A/Bangkok/P2322/2025	Musings of a Cigarette Smoking Man	#FF9F40	Journey's End
A/Bangkok/P2323/2025	Elegy	#B084F5	Family
A/Bangkok/P2387/2025	The End	#C48A5A	Family
A/Bangkok/P2388/2025	Jose Chung's From Outer Space	#3FD5D0	Conundrum
A/Bangkok/P2390/2025	Musings of a Cigarette Smoking Man	#FF9F40	Phantasms
A/Bangkok/P2391/2025	Elegy	#B084F5	Unnatural Selection
A/Bangkok/P2393/2025	Musings of a Cigarette Smoking Man	#FF9F40	Family
A/Bangkok/P2395/2025	The Walk	#4CCB7F	Up the Long Ladder
A/Bangkok/P2491/2025	Hollywood A.D.	#6BA3E6	Phantasms
A/Bangkok/P2494/2025	Hollywood A.D.	#6BA3E6	Conundrum
A/Bangkok/P2566/2025	Anasazi	#F47CC3	11001001
A/Bangkok/P2567/2025	Field Trip	#FFD23F	Family
A/Bangkok/P2568/2025	The End	#C48A5A	Unnatural Selection
A/Bangkok/P2572/2025	Jose Chung's From Outer Space	#3FD5D0	Phantasms
A/Bangkok/P2578/2025	Anasazi	#F47CC3	Journey's End
A/Bangkok/P2636/2025	Jose Chung's From Outer Space	#3FD5D0	The Price
A/Bangkok/P2694/2025	Clyde Bruckman's Final Repose	#9E9E9E	Conundrum
A/Bangkok/P2695/2025	Clyde Bruckman's Final Repose	#9E9E9E	Up the Long Ladder
A/Bangkok/P2698/2025	Anasazi	#F47CC3	Conundrum
A/Bangkok/P2699/2025	Field Trip	#FFD23F	Conundrum
A/Bangkok/P2848/2025	Elegy	#B084F5	The Arsenal of Freedom
A/Bangkok/P2849/2025	Field Trip	#FFD23F	Phantasms
A/Bangkok/P2850/2025	Clyde Bruckman's Final Repose	#9E9E9E	The Price
A/Bangkok/P2871/2025	Musings of a Cigarette Smoking Man	#FF9F40	Q Who
A/Bangkok/P2873/2025	The Walk	#4CCB7F	Q Who
A/Bangkok/P2882/2025	Musings of a Cigarette Smoking Man	#FF9F40	Journey's End
A/Bangkok/P2883/2025	Field Trip	#FFD23F	11001001
A/Bangkok/P2884/2025	Musings of a Cigarette Smoking Man	#FF9F40	Phantasms
A/Bangkok/P2891/2025	Ghouli	#FF6F69	Journey's End
A/Bangkok/P2921/2025	Ghouli	#FF6F69	Up the Long Ladder
A/Bangkok/P3021/2025	The Walk	#4CCB7F	The Price
A/Bangkok/P3052/2025	Musings of a Cigarette Smoking Man	#FF9F40	The Arsenal of Freedom
A/Bangkok/P3055/2025	The End	#C48A5A	The Arsenal of Freedom
A/Bangkok/P3170/2025	Clyde Bruckman's Final Repose	#9E9E9E	Family
A/Bangkok/P3172/2025	Ghouli	#FF6F69	11001001
A/Bangkok/P3263/2025	Field Trip	#FFD23F	The Arsenal of Freedom
A/Bangkok/P3375/2025	Hollywood A.D.	#6BA3E6	Up the Long Ladder
A/Bangkok/P3379/2025	The Walk	#4CCB7F	Conundrum
A/Bangkok/P3392/2025	Hollywood A.D.	#6BA3E6	Q Who
A/Bangkok/P3396/2025	Field Trip	#FFD23F	Phantasms
A/Bangkok/P3398/2025	Elegy	#B084F5	11001001
A/Bangkok/P3403/2025	Jose Chung's From Outer Space	#3FD5D0	Up the Long Ladder
A/Bangkok/P3404/2025	Clyde Bruckman's Final Repose	#9E9E9E	Up the Long Ladder
A/Bangkok/P3428/2025	Anasazi	#F47CC3	The Arsenal of Freedom
A/Bangkok/P3434/2025	Clyde Bruckman's Final Repose	#9E9E9E	The Arsenal of Freedom
A/Bangkok/P3438/2025	Hollywood A.D.	#6BA3E6	Unnatural Selection
A/Bangkok/P3439/2025	The End	#C48A5A	Journey's End
A/Bangkok/P3449/2025	The Walk	#4CCB7F	Family
A/Bangkok/P3450/2025	Elegy	#B084F5	The Arsenal of Freedom
A/Bangkok/P3454/2025	Field Trip	#FFD23F	Conundrum
A/Bangkok/P3481/2025	Anasazi	#F47CC3	The Price
A/Bangkok/P3484/2025	Ghouli	#FF6F69	Journey's End
A/Bangkok/P3585/2025	Ghouli	#FF6F69	Q Who
A/Bangkok/P3588/2025	The End	#C48A5A	Conundrum
A/Bangkok/P3603/2025	The End	#C48A5A	Family
A/Bangkok/P3605/2025	Ghouli	#FF6F69	Conundrum
A/Bangkok/P3607/2025	Musings of a Cigarette Smoking Man	#FF9F40	Up the Long Ladder
A/Bangkok/P3612/2025	The Walk	#4CCB7F	Q Who
A/Bangkok/P3629/2025	Jose Chung's From Outer Space	#3FD5D0	Q Who
A/Bangkok/P3648/2025	Hollywood A.D.	#6BA3E6	Journey's End
A/Bangkok/P3649/2025	Anasazi	#F47CC3	The Arsenal of Freedom
A/Bangkok/P3650/2025	Anasazi	#F47CC3	Up the Long Ladder
A/Bangkok/P3716/2025	Field Trip	#FFD23F	The Arsenal of Freedom
A/Bangkok/P3720/2025	Hollywood A.D.	#6BA3E6	Up the Long Ladder
A/Bangkok/P3813/2025	Clyde Bruckman's Final Repose	#9E9E9E	Up the Long Ladder
A/Bangkok/P3819/2025	Anasazi	#F47CC3	The Arsenal of Freedom
A/Bangkok/P3823/2025	The Walk	#4CCB7F	Up the Long Ladder
A/Bangkok/P3824/2025	Hollywood A.D.	#6BA3E6	Journey's End
A/Bangkok/P3825/2025	The Walk	#4CCB7F	The Price
A/Bangkok/P3826/2025	The End	#C48A5A	The Arsenal of Freedom
A/Bangkok/P3838/2025	Ghouli	#FF6F69	11001001
A/Bangkok/P3875/2025	The End	#C48A5A	Unnatural Selection
A/Bangkok/P3879/2025	The Walk	#4CCB7F	Conundrum
A/Bangkok/P3880/2025	Field Trip	#FFD23F	Unnatural Selection
A/Bangkok/P3882/2025	Elegy	#B084F5	Family
A/Bangkok/P3883/2025	Elegy	#B084F5	The Arsenal of Freedom
A/Bangkok/P3969/2025	The Walk	#4CCB7F	The Arsenal of Freedom
A/Bangkok/P3990/2025	Clyde Bruckman's Final Repose	#9E9E9E	Conundrum
A/Bangkok/P3996/2025	Field Trip	#FFD23F	Up the Long Ladder
A/Bangkok/P4006/2025	Ghouli	#FF6F69	The Arsenal of Freedom
A/Bangkok/P4014/2025	The Walk	#4CCB7F	Conundrum
A/Bangkok/P4017/2025	The Walk	#4CCB7F	The Price
A/Bangkok/P4038/2025	Clyde Bruckman's Final Repose	#9E9E9E	Unnatural Selection
A/Bangkok/P4098/2025	Ghouli	#FF6F69	Phantasms
A/Bangkok/P4181/2025	Elegy	#B084F5	Q Who
A/Bangkok/P4182/2025	The Walk	#4CCB7F	Q Who
A/Bangkok/P4286/2025	Clyde Bruckman's Final Repose	#9E9E9E	Journey's End
A/Bangkok/P4287/2025	Jose Chung's From Outer Space	#3FD5D0	11001001
A/Bangkok/P4288/2025	Elegy	#B084F5	The Arsenal of Freedom
A/Bangkok/P4295/2025	Musings of a Cigarette Smoking Man	#FF9F40	Conundrum
A/Bangkok/P4302/2025	Clyde Bruckman's Final Repose	#9E9E9E	Up the Long Ladder
A/Bangkok/P4303/2025	Ghouli	#FF6F69	Conundrum
A/Bangkok/P4306/2025	Jose Chung's From Outer Space	#3FD5D0	Up the Long Ladder
A/Bangkok/P4308/2025	Anasazi	#F47CC3	The Arsenal of Freedom
A/Bangkok/P4309/2025	Anasazi	#F47CC3	Unnatural Selection
A/Bangkok/P4310/2025	The Walk	#4CCB7F	Up the Long Ladder
A/Bangkok/P4311/2025	Anasazi	#F47CC3	Conundrum
A/Bangkok/P4313/2025	Jose Chung's From Outer Space	#3FD5D0	Family
A/Bangkok/P4332/2025	Hollywood A.D.	#6BA3E6	Up the Long Ladder
A/Bangkok/P4447/2025	Ghouli	#FF6F69	Q Who
A/Bangkok/P4448/2025	Jose Chung's From Outer Space	#3FD5D0	The Price
A/Bangkok/P4458/2025	Jose Chung's From Outer Space	#3FD5D0	Up the Long Ladder
A/Bangkok/P4467/2025	Elegy	#B084F5	Conundrum
A/Bangkok/P4567/2025	The End	#C48A5A	Conundrum
A/Bangkok/P4940/2025	Clyde Bruckman's Final Repose	#9E9E9E	Journey's End
A/Bangkok/P4943/2025	The Walk	#4CCB7F	Family
A/Bangkok/s4196w/2025	Musings of a Cigarette Smoking Man	#FF9F40	Q Who
A/Bangkok/s4225w/2025	Elegy	#B084F5	Q Who
A/Bangkok/s4259w/2025	Musings of a Cigarette Smoking Man	#FF9F40	Family
A/Bangkok/s4283w/2025	The Walk	#4CCB7F	Q Who
A/Bangkok/s4287w/2025	Field Trip	#FFD23F	The Price
A/Bangkok/s4296w/2025	Musings of a Cigarette Smoking Man	#FF9F40	The Arsenal of Freedom
A/Bangkok/s4299w/2025	Ghouli	#FF6F69	Phantasms
A/Bangladesh/0002/2025	Field Trip	#FFD23F	Up the Long Ladder
A/Bangladesh/1001/2025	Jose Chung's From Outer Space	#3FD5D0	Phantasms
A/Bangladesh/1002/2025	Jose Chung's From Outer Space	#3FD5D0	Unnatural Selection
A/Bangladesh/1004/2025	Elegy	#B084F5	Up the Long Ladder
A/Bangladesh/1006/2025	Clyde Bruckman's Final Repose	#9E9E9E	11001001
A/Bangladesh/1010/2025	The End	#C48A5A	Family
A/Bangladesh/1020/2025	Elegy	#B084F5	Conundrum
A/Bangladesh/1924/2020	Hollywood A.D.	#6BA3E6	Family
A/Bangladesh/2893/2025	Hollywood A.D.	#6BA3E6	11001001
A/Bangladesh/3009/2025	Musings of a Cigarette Smoking Man	#FF9F40	Up the Long Ladder
A/Bangladesh/3011/2018	Anasazi	#F47CC3	11001001
A/Bangladesh/3011/2025	The End	#C48A5A	11001001
A/Bangladesh/3014/2025	Elegy	#B084F5	Conundrum
A/Bangladesh/3024/2025	The End	#C48A5A	The Price
A/Bangladesh/3026/2023	The Walk	#4CCB7F	The Arsenal of Freedom
A/Bangladesh/4018/2025	Anasazi	#F47CC3	Up the Long Ladder
A/Bangladesh/4119/2025	Clyde Bruckman's Final Repose	#9E9E9E	Q Who
A/Bangladesh/4122/2025	The End	#C48A5A	The Arsenal of Freedom
A/Bangladesh/712010/2025	Jose Chung's From Outer Space	#3FD5D0	Phantasms
A/Bangladesh/8003/2025	Jose Chung's From Outer Space	#3FD5D0	Journey's End
A/Bangladesh/8006/2025	The End	#C48A5A	The Price
A/Bangladesh/9016/2025	Elegy	#B084F5	Phantasms
A/Bangladesh/icddrb-1220608023/2022	Field Trip	#FFD23F	Q Who
A/Bangladesh/icddrb-1240412010/2024	Clyde Bruckman's Final Repose	#9E9E9E	Phantasms
A/Bangladesh/icddrb-1250703012/2025	Hollywood A.D.	#6BA3E6	Phantasms
A/Bangladesh/icddrb-1250703020/2025	Hollywood A.D.	#6BA3E6	Conundrum
A/Bangladesh/icddrb-1250703021/2025	Ghouli	#FF6F69	Up the Long Ladder
A/Bangladesh/icddrb-1250703050/2025	Elegy	#B084F5	The Price
A/Bangladesh/icddrb-1250708025/2025	Musings of a Cigarette Smoking Man	#FF9F40	Unnatural Selection
A/Bangladesh/icddrb-1250708028/2025	Elegy	#B084F5	Conundrum
A/Bangladesh/icddrb-1250708047/2025	The Walk	#4CCB7F	Q Who
A/Bangladesh/icddrb-1250709020/2025	Hollywood A.D.	#6BA3E6	Family
A/Bangladesh/icddrb-1250709021/2025	Field Trip	#FFD23F	Conundrum
A/Bangladesh/icddrb-1250710008/2025	Clyde Bruckman's Final Repose	#9E9E9E	The Arsenal of Freedom
A/Bangladesh/icddrb-1250710032/2025	Clyde Bruckman's Final Repose	#9E9E9E	Unnatural Selection
A/Bangladesh/icddrb-1250710036/2025	The Walk	#4CCB7F	The Arsenal of Freedom
A/Bangladesh/icddrb-1250710037/2025	Ghouli	#FF6F69	Journey's End
A/Bangladesh/icddrb-1250710038/2025	Jose Chung's From Outer Space	#3FD5D0	Family
A/Bangladesh/icddrb-1250710043/2025	Anasazi	#F47CC3	Conundrum
A/Bangladesh/icddrb-1250710051/2025	Musings of a Cigarette Smoking Man	#FF9F40	Up the Long Ladder
A/Bangladesh/icddrb-1250711025/2025	The End	#C48A5A	Unnatural Selection
A/Bangladesh/icddrb-1250711030/2025	Anasazi	#F47CC3	Journey's End
A/Bangladesh/icddrb-1250711031/2025	The End	#C48A5A	Conundrum
A/Bangladesh/icddrb-1250711033/2025	The Walk	#4CCB7F	Up the Long Ladder
A/Bangladesh/icddrb-1250711034/2025	The Walk	#4CCB7F	Family
A/Bangladesh/icddrb-1250711037/2025	Clyde Bruckman's Final Repose	#9E9E9E	Q Who
A/Bangladesh/icddrb-1250712009/2025	Elegy	#B084F5	11001001
A/Bangladesh/icddrb-1250712032/2025	Ghouli	#FF6F69	The Price
A/Bangladesh/icddrb-1250712037/2025	Anasazi	#F47CC3	Q Who
A/Bangladesh/icddrb-1250803009/2025	Jose Chung's From Outer Space	#3FD5D0	Conundrum
A/Bangladesh/icddrb-1250810013/2025	The End	#C48A5A	The Price
A/Bangladesh/icddrb-1250812028/2025	The Walk	#4CCB7F	Journey's End
A/Bangladesh/icddrb-1250814001/2025	Jose Chung's From Outer Space	#3FD5D0	The Arsenal of Freedom
A/Bangladesh/icddrb-1250904001/2025	The End	#C48A5A	The Price
A/Bangladesh/icddrb-2240410032/2024	The End	#C48A5A	Unnatural Selection
A/Bangladesh/icddrb-2250703017/2025	Musings of a Cigarette Smoking Man	#FF9F40	Up the Long Ladder
A/Bangladesh/icddrb-2250703024/2025	Clyde Bruckman's Final Repose	#9E9E9E	Conundrum
A/Bangladesh/icddrb-2250703038/2025	Hollywood A.D.	#6BA3E6	Conundrum
A/Bangladesh/icddrb-2250710014/2025	Jose Chung's From Outer Space	#3FD5D0	Conundrum
A/Bangladesh/icddrb-2250710021/2025	Ghouli	#FF6F69	Conundrum
A/Bangladesh/icddrb-2250710034/2025	Elegy	#B084F5	Q Who
A/Bangladesh/icddrb-2250710036/2025	Hollywood A.D.	#6BA3E6	Up the Long Ladder
A/Bangladesh/icddrb-2250711003/2025	Ghouli	#FF6F69	Family
A/Bangladesh/icddrb-2250711018/2025	Field Trip	#FFD23F	Conundrum
A/Bangladesh/icddrb-2250711023/2025	Elegy	#B084F5	Conundrum
A/Bangladesh/icddrb-2250713023/2025	Ghouli	#FF6F69	The Arsenal of Freedom
A/Bangladesh/icddrb-2250713028/2025	Musings of a Cigarette Smoking Man	#FF9F40	The Price
A/Bangladesh/icddrb-2250713029/2025	Jose Chung's From Outer Space	#3FD5D0	Conundrum
A/Bangladesh/icddrb-2250713034/2025	Jose Chung's From Outer Space	#3FD5D0	The Price
A/Bangladesh/icddrb-2250713044/2025	Jose Chung's From Outer Space	#3FD5D0	Journey's End
A/Bangladesh/icddrb-2250714021/2025	Ghouli	#FF6F69	11001001
A/Bangladesh/icddrb-2250810001/2025	The End	#C48A5A	Q Who
A/Bangladesh/icddrb-2250910012/2025	Musings of a Cigarette Smoking Man	#FF9F40	Unnatural Selection
A/Bangladesh/icddrb-2251008028/2025	The End	#C48A5A	Family
A/Bangladesh/icddrb-2251013024/2025	Musings of a Cigarette Smoking Man	#FF9F40	Up the Long Ladder
A/Bangladesh/icddrb-3250703029/2025	Clyde Bruckman's Final Repose	#9E9E9E	The Price
A/Bangladesh/icddrb-3250708023/2025	Musings of a Cigarette Smoking Man	#FF9F40	The Price
A/Bangladesh/icddrb-3250709010/2025	Hollywood A.D.	#6BA3E6	Journey's End
A/Bangladesh/icddrb-3250710005/2025	The Walk	#4CCB7F	Unnatural Selection
A/Bangladesh/icddrb-3250711010/2025	The Walk	#4CCB7F	Up the Long Ladder
A/Bangladesh/icddrb-3250712023/2025	Anasazi	#F47CC3	Phantasms
A/Bangladesh/icddrb-3250712024/2025	Field Trip	#FFD23F	Journey's End
A/Bangladesh/icddrb-3250712028/2025	Jose Chung's From Outer Space	#3FD5D0	Q Who
A/Bangladesh/icddrb-3250712032/2025	Hollywood A.D.	#6BA3E6	Journey's End
A/Bangladesh/icddrb-3250712033/2025	Ghouli	#FF6F69	Conundrum
A/Bangladesh/icddrb-3250713016/2025	Clyde Bruckman's Final Repose	#9E9E9E	The Price
A/Bangladesh/icddrb-3250803002/2025	Ghouli	#FF6F69	Unnatural Selection
A/Bangladesh/icddrb-3250804010/2025	Anasazi	#F47CC3	Journey's End
A/Bangladesh/icddrb-3250814016/2025	Clyde Bruckman's Final Repose	#9E9E9E	Journey's End
A/Bangladesh/icddrb-3250904008/2025	Anasazi	#F47CC3	11001001
A/Bangladesh/icddrb-3250904010/2025	The Walk	#4CCB7F	Q Who
A/Bangladesh/icddrb-3250908008/2025	The End	#C48A5A	The Price
A/Bangladesh/icddrb-7250711001/2025	Elegy	#B084F5	Conundrum
A/Bangladesh/icddrb-7250811001/2025	Clyde Bruckman's Final Repose	#9E9E9E	Conundrum
A/Barberena/FLU-346/2025	Hollywood A.D.	#6BA3E6	The Price
A/Barretos/LEIAL6994/2025	Ghouli	#FF6F69	The Price
A/Barretos/LEIAL6995/2025	The End	#C48A5A	Up the Long Ladder
A/Barry/7500/2025	Jose Chung's From Outer Space	#3FD5D0	The Price
A/Barueri/LEIAL6328/2025	Jose Chung's From Outer Space	#3FD5D0	11001001
A/Bauru/LEIAL6969/2025	Field Trip	#FFD23F	The Arsenal of Freedom
A/Bauru/LEIAL6970/2025	Clyde Bruckman's Final Repose	#9E9E9E	Q Who
A/Bavaria/6493751/2025	The End	#C48A5A	11001001
A/Bavaria/6686418/2025	The Walk	#4CCB7F	Conundrum
A/Bavaria/6692867/2025	Anasazi	#F47CC3	The Arsenal of Freedom
A/Bavaria/6692871/2025	The Walk	#4CCB7F	Up the Long Ladder
A/Bavaria/6694103/2025	Hollywood A.D.	#6BA3E6	Conundrum
A/Bavaria/6705876/2025	Field Trip	#FFD23F	11001001
A/Bavaria/6713032/2025	Anasazi	#F47CC3	Family
A/Bavaria/6713994/2025	The Walk	#4CCB7F	The Price
A/Bavaria/6715417/2025	Field Trip	#FFD23F	Up the Long Ladder
A/Bavaria/6720605/2025	Clyde Bruckman's Final Repose	#9E9E9E	The Price
A/Bavaria/6720607/2025	Hollywood A.D.	#6BA3E6	Family
A/Bavaria/6720753/2025	Clyde Bruckman's Final Repose	#9E9E9E	The Arsenal of Freedom
A/Bavaria/6722451/2025	The End	#C48A5A	Up the Long Ladder
A/Bavaria/6725683/2025	Jose Chung's From Outer Space	#3FD5D0	11001001
A/Bavaria/6727008/2025	Jose Chung's From Outer Space	#3FD5D0	Up the Long Ladder
A/Bavaria/6728790/2025	Clyde Bruckman's Final Repose	#9E9E9E	Journey's End
A/Bavaria/6728942/2025	Field Trip	#FFD23F	Up the Long Ladder
A/Bavaria/6730400/2025	The Walk	#4CCB7F	Unnatural Selection
A/Bavaria/6731541/2025	The End	#C48A5A	Phantasms
A/Bayern/83/2025	Anasazi	#F47CC3	Q Who
A/BayofPlenty/03/2025	Hollywood A.D.	#6BA3E6	Q Who
A/Bebedouro/LEIAL6906/2025	Ghouli	#FF6F69	Q Who
A/Beijing-Chaoyang/11253/2024_C1S1	The End	#C48A5A	11001001
A/Beijing-Chaoyang/13272/2025	The End	#C48A5A	Journey's End
A/Beijing-Chaoyang/13438/2025	The End	#C48A5A	Q Who
A/Beijing-Xicheng/12509/2025	The Walk	#4CCB7F	Up the Long Ladder
A/Beijing-Xicheng/38/2025	Elegy	#B084F5	Family
A/Belgium/25-IS-08573/2025	Hollywood A.D.	#6BA3E6	Conundrum
A/Belgium/G0665/2025	Hollywood A.D.	#6BA3E6	Journey's End
A/Belgium/H0004/2022	The End	#C48A5A	The Price
A/Belgium/H0086/2025	Hollywood A.D.	#6BA3E6	Phantasms
A/Belgium/H0097/2025	Elegy	#B084F5	The Price
A/Belgium/H0102/2025	Elegy	#B084F5	The Price
A/Belgium/H0112/2025	Jose Chung's From Outer Space	#3FD5D0	Family
A/Belgium/H0117/2025	The End	#C48A5A	Family
A/Belgium/H0119/2025	Anasazi	#F47CC3	The Price
A/Belgium/H0122/2025	Anasazi	#F47CC3	Phantasms
A/Belgium/H0133/2025	Clyde Bruckman's Final Repose	#9E9E9E	Q Who
A/Belgium/S0524/2023	Jose Chung's From Outer Space	#3FD5D0	Up the Long Ladder
A/Belgium/S3707/2025	The Walk	#4CCB7F	Family
A/Belgium/S8095/2025	Field Trip	#FFD23F	Up the Long Ladder
A/Belgorod_Oblast/337-4V/2025	Hollywood A.D.	#6BA3E6	Unnatural Selection
A/Berlin/32/2023	The End	#C48A5A	Phantasms
A/Berlin/91/2022	Jose Chung's From Outer Space	#3FD5D0	The Arsenal of Freedom
A/Bhutan/01/2025	Clyde Bruckman's Final Repose	#9E9E9E	Unnatural Selection
A/Bhutan/0139/2025	Clyde Bruckman's Final Repose	#9E9E9E	The Arsenal of Freedom
A/Bhutan/0192/2025	Clyde Bruckman's Final Repose	#9E9E9E	Conundrum
A/Bhutan/0201/2025	Elegy	#B084F5	The Arsenal of Freedom
A/Bhutan/0205/2025	Hollywood A.D.	#6BA3E6	The Arsenal of Freedom
A/Bhutan/04/2025	Jose Chung's From Outer Space	#3FD5D0	Journey's End
A/Bhutan/0456/2025	Musings of a Cigarette Smoking Man	#FF9F40	Family
A/Bhutan/0644/2025	Elegy	#B084F5	Unnatural Selection
A/Bhutan/07/2025	Clyde Bruckman's Final Repose	#9E9E9E	Phantasms
A/Bhutan/0763/2025	Field Trip	#FFD23F	Unnatural Selection
A/Bhutan/0776/2025	Jose Chung's From Outer Space	#3FD5D0	The Arsenal of Freedom
A/Bhutan/0831/2025	Field Trip	#FFD23F	The Price
A/Bhutan/0845/2025	Elegy	#B084F5	Q Who
A/Bhutan/0860/2025	Ghouli	#FF6F69	Q Who
A/Bhutan/0862/2025	The End	#C48A5A	Phantasms
A/Bhutan/0871/2025	Field Trip	#FFD23F	Phantasms
A/Bhutan/1222/2025	The Walk	#4CCB7F	Family
A/Bhutan/1250/2025	Anasazi	#F47CC3	The Arsenal of Freedom
A/Bhutan/1267/2025	Elegy	#B084F5	Q Who
A/Bhutan/1271/2025	The End	#C48A5A	Family
A/Bhutan/1283/2025	Ghouli	#FF6F69	Q Who
A/Bhutan/1299/2025	The End	#C48A5A	The Arsenal of Freedom
A/Bhutan/1302/2025	Elegy	#B084F5	11001001
A/Bhutan/1307/2025	The Walk	#4CCB7F	Conundrum
A/Bhutan/1320/2025	Ghouli	#FF6F69	11001001
A/Bhutan/1643/2025	Anasazi	#F47CC3	The Price
A/Bhutan/1738/2025	The Walk	#4CCB7F	Up the Long Ladder
A/Bhutan/18/2025	The Walk	#4CCB7F	The Arsenal of Freedom
A/Bhutan/1912/2025	Ghouli	#FF6F69	Journey's End
A/Bhutan/1913/2025	Field Trip	#FFD23F	Journey's End
A/Bhutan/1931/2025	Field Trip	#FFD23F	Journey's End
A/Bhutan/1941/2025	Musings of a Cigarette Smoking Man	#FF9F40	Conundrum
A/Bhutan/2099/2025	The End	#C48A5A	Family
A/Bhutan/2163/2025	Hollywood A.D.	#6BA3E6	Conundrum
A/Bhutan/2177/2025	Field Trip	#FFD23F	Q Who
A/Bhutan/2178/2025	The End	#C48A5A	Family
A/Bhutan/2180/2025	Anasazi	#F47CC3	Unnatural Selection
A/Bhutan/2181/2025	Jose Chung's From Outer Space	#3FD5D0	Q Who
A/Bhutan/2183/2025	Jose Chung's From Outer Space	#3FD5D0	Q Who
A/Bhutan/2193/2025	Anasazi	#F47CC3	Phantasms
A/Bhutan/2198/2025	Field Trip	#FFD23F	Unnatural Selection
A/Bhutan/2200/2025	Clyde Bruckman's Final Repose	#9E9E9E	The Arsenal of Freedom
A/Bhutan/2206/2025	Hollywood A.D.	#6BA3E6	11001001
A/Bhutan/2222/2025	Musings of a Cigarette Smoking Man	#FF9F40	Q Who
A/Bhutan/2225/2025	Field Trip	#FFD23F	Journey's End
A/Bhutan/2232/2025	Musings of a Cigarette Smoking Man	#FF9F40	Family
A/Bhutan/2241/2025	Field Trip	#FFD23F	11001001
A/Bhutan/2242/2025	Hollywood A.D.	#6BA3E6	The Arsenal of Freedom
A/Bhutan/2249/2025	Musings of a Cigarette Smoking Man	#FF9F40	Family
A/Bhutan/2263/2025	Musings of a Cigarette Smoking Man	#FF9F40	Unnatural Selection
A/Bhutan/2445/2025	Hollywood A.D.	#6BA3E6	Phantasms
A/Bhutan/2458/2025	Field Trip	#FFD23F	The Price
A/Bhutan/2464/2025	Hollywood A.D.	#6BA3E6	The Arsenal of Freedom
A/Bhutan/2502/2025	Musings of a Cigarette Smoking Man	#FF9F40	The Arsenal of Freedom
A/Bhutan/2514/2025	Jose Chung's From Outer Space	#3FD5D0	The Arsenal of Freedom
A/Bhutan/3483/2025	Jose Chung's From Outer Space	#3FD5D0	Journey's End
A/Bhutan/3484/2025	Musings of a Cigarette Smoking Man	#FF9F40	Q Who
A/Bhutan/3489/2025	The Walk	#4CCB7F	Q Who
A/Bhutan/3502/2025	Hollywood A.D.	#6BA3E6	Q Who
A/Bhutan/3508/2025	Musings of a Cigarette Smoking Man	#FF9F40	Family
A/Bhutan/3515/2025	Ghouli	#FF6F69	The Arsenal of Freedom
A/Bhutan/3522/2025	Jose Chung's From Outer Space	#3FD5D0	Unnatural Selection
A/Bhutan/3523/2025	Clyde Bruckman's Final Repose	#9E9E9E	Conundrum
A/Bhutan/3548/2025	Elegy	#B084F5	Unnatural Selection
A/Bhutan/3576/2025	Clyde Bruckman's Final Repose	#9E9E9E	Q Who
A/Bhutan/3588/2025	The Walk	#4CCB7F	Q Who
A/Bhutan/3618/2025	Jose Chung's From Outer Space	#3FD5D0	11001001
A/Bhutan/BUM01/2025	Clyde Bruckman's Final Repose	#9E9E9E	Q Who
A/Bhutan/BUM06/2025	The End	#C48A5A	The Arsenal of Freedom
A/Bhutan/BUM07/2025	The Walk	#4CCB7F	Phantasms
A/Bhutan/FLU-BTD-01352/2022	Anasazi	#F47CC3	11001001
A/BoaVista/LEIAL7340/2025	Anasazi	#F47CC3	Phantasms
A/Bolivia/436/2020	The End	#C48A5A	The Price
A/Bolzano/19/2023	Anasazi	#F47CC3	Q Who
A/Bolzano/3/2023	Clyde Bruckman's Final Repose	#9E9E9E	Family
A/Botucatu/LEIAL7331/2025	The End	#C48A5A	Phantasms
A/Brandenburg/51/2025	The End	#C48A5A	Unnatural Selection
A/Brasilia/LEIAL6319/2025	Jose Chung's From Outer Space	#3FD5D0	Journey's End
A/Brasilia/LEIAL6978/2025	Elegy	#B084F5	The Price
A/Brasilia/LEIAL6979/2025	Elegy	#B084F5	11001001
A/Brasilia/LEIAL6984/2025	Musings of a Cigarette Smoking Man	#FF9F40	Up the Long Ladder
A/Brazil/SP-LEIAL4033/2024	Hollywood A.D.	#6BA3E6	Conundrum
A/Bremen/65/2022	Ghouli	#FF6F69	Conundrum
A/Bridgend/7905/2025	Ghouli	#FF6F69	The Arsenal of Freedom
A/BritishColumbia/RV00920/2023	Jose Chung's From Outer Space	#3FD5D0	Q Who
A/BritishColumbia/RV04670-25/2025	Anasazi	#F47CC3	Journey's End
A/BritishColumbia/RV04674-25/2025	Ghouli	#FF6F69	Unnatural Selection
A/BritishColumbia/RV04675-25/2025	Hollywood A.D.	#6BA3E6	The Price
A/BritishColumbia/RV04676-25/2025	Elegy	#B084F5	The Arsenal of Freedom
A/BritishColumbia/RV04677-25/2025	Anasazi	#F47CC3	Up the Long Ladder
A/BritishColumbia/RV04795-25/2025	Anasazi	#F47CC3	Unnatural Selection
A/BritishColumbia/RV04796-25/2025	Musings of a Cigarette Smoking Man	#FF9F40	Q Who
A/BritishColumbia/RV04830-25/2025	Jose Chung's From Outer Space	#3FD5D0	Q Who
A/BritishColumbia/RV04926-25/2025	Field Trip	#FFD23F	Up the Long Ladder
A/BritishColumbia/RV04927-25/2025	Jose Chung's From Outer Space	#3FD5D0	Journey's End
A/BritishColumbia/RV04930-25/2025	The Walk	#4CCB7F	Phantasms
A/BritishColumbia/RV04932-25/2025	Ghouli	#FF6F69	Unnatural Selection
A/BritishColumbia/RV04936-25/2025	Ghouli	#FF6F69	Conundrum
A/BritishColumbia/RV04937-25/2025	Field Trip	#FFD23F	Up the Long Ladder
A/BritishColumbia/RV04939-25/2025	Jose Chung's From Outer Space	#3FD5D0	The Price
A/BritishColumbia/RV04997-25/2025	Musings of a Cigarette Smoking Man	#FF9F40	The Arsenal of Freedom
A/British_Columbia/262/2025	Elegy	#B084F5	Q Who
A/British_Columbia/551/2025	Jose Chung's From Outer Space	#3FD5D0	Conundrum
A/British_Columbia/552/2025	Field Trip	#FFD23F	Up the Long Ladder
A/British_Columbia/553/2025	Anasazi	#F47CC3	11001001
A/British_Columbia/PHL-2419/2025	Elegy	#B084F5	Unnatural Selection
A/British_Columbia/PHL-2420/2025	Jose Chung's From Outer Space	#3FD5D0	Conundrum
A/British_Columbia/PHL-2421/2025	Musings of a Cigarette Smoking Man	#FF9F40	11001001
A/British_Columbia/PHL-2425/2025	Jose Chung's From Outer Space	#3FD5D0	11001001
A/British_Columbia/PHL-2429/2025	Hollywood A.D.	#6BA3E6	The Price
A/British_Columbia/PHL-2438/2025	Hollywood A.D.	#6BA3E6	Family
A/British_Columbia/PHL-2462/2025	Musings of a Cigarette Smoking Man	#FF9F40	The Price
A/British_Columbia/PHL-2466/2025	Ghouli	#FF6F69	Q Who
A/British_Columbia/PHL-2477/2025	The Walk	#4CCB7F	Q Who
A/British_Columbia/PHL-2481/2025	Jose Chung's From Outer Space	#3FD5D0	11001001
A/British_Columbia/PHL-2496/2025	Anasazi	#F47CC3	Journey's End
A/British_Columbia/PHL-2521/2025	The Walk	#4CCB7F	Phantasms
A/British_Columbia/PHL-2522/2025	Musings of a Cigarette Smoking Man	#FF9F40	The Arsenal of Freedom
A/British_Columbia/PHL-2540/2025	Clyde Bruckman's Final Repose	#9E9E9E	The Arsenal of Freedom
A/British_Columbia/PHL-2541/2025	The Walk	#4CCB7F	Q Who
A/British_Columbia/PHL-2546/2025	The Walk	#4CCB7F	Q Who
A/British_Columbia/PHL-2549/2025	Anasazi	#F47CC3	Unnatural Selection
A/British_Columbia/PHL-2553/2025	Musings of a Cigarette Smoking Man	#FF9F40	Conundrum
A/British_Columbia/PHL-2554/2025	Musings of a Cigarette Smoking Man	#FF9F40	Journey's End
A/British_Columbia/PHL-2562/2025	The Walk	#4CCB7F	The Price
A/British_Columbia/PHL-2573/2025	Field Trip	#FFD23F	Q Who
A/British_Columbia/PHL-2579/2025	Anasazi	#F47CC3	Family
A/British_Columbia/PHL-2580/2025	Clyde Bruckman's Final Repose	#9E9E9E	The Price
A/British_Columbia/PHL-2581/2025	Elegy	#B084F5	Family
A/British_Columbia/PHL-2586/2025	Ghouli	#FF6F69	11001001
A/British_Columbia/PHL-2593/2025	Clyde Bruckman's Final Repose	#9E9E9E	11001001
A/British_Columbia/PHL-2596/2025	The Walk	#4CCB7F	Family
A/British_Columbia/PHL-2603/2025	The Walk	#4CCB7F	Journey's End
A/British_Columbia/PHL-2606/2025	Field Trip	#FFD23F	Unnatural Selection
A/British_Columbia/PHL-2607/2025	Field Trip	#FFD23F	Family
A/British_Columbia/PHL-2610/2025	Ghouli	#FF6F69	Phantasms
A/British_Columbia/PHL-2611/2025	Ghouli	#FF6F69	Unnatural Selection
A/British_Columbia/PHL-2612/2025	Hollywood A.D.	#6BA3E6	Up the Long Ladder
A/British_Columbia/PHL-2613/2025	The End	#C48A5A	Family
A/British_Columbia/PHL-2623/2025	Clyde Bruckman's Final Repose	#9E9E9E	The Price
A/British_Columbia/PHL-2624/2025	Hollywood A.D.	#6BA3E6	Up the Long Ladder
A/British_Columbia/PHL-2630/2025	Elegy	#B084F5	The Price
A/British_Columbia/PHL-2631/2025	Clyde Bruckman's Final Repose	#9E9E9E	The Arsenal of Freedom
A/British_Columbia/PHL-2632/2025	Field Trip	#FFD23F	The Price
A/British_Columbia/PHL-2634/2025	Field Trip	#FFD23F	The Price
A/British_Columbia/PHL-2635/2025	Elegy	#B084F5	Q Who
A/British_Columbia/PHL-2637/2025	Elegy	#B084F5	Phantasms
A/British_Columbia/PHL-2638/2025	Musings of a Cigarette Smoking Man	#FF9F40	Q Who
A/British_Columbia/PHL-2640/2025	Anasazi	#F47CC3	Phantasms
A/British_Columbia/PHL-2641/2025	Hollywood A.D.	#6BA3E6	Family
A/British_Columbia/PHL-2643/2025	Jose Chung's From Outer Space	#3FD5D0	The Arsenal of Freedom
A/British_Columbia/PHL-2645/2025	Elegy	#B084F5	11001001
A/British_Columbia/PHL-2647/2025	Anasazi	#F47CC3	Unnatural Selection
A/British_Columbia/PHL-2648/2025	Jose Chung's From Outer Space	#3FD5D0	Phantasms
A/Brunei/111/2023_SIAT1	Field Trip	#FFD23F	Q Who
A/Brunei/143/2025	Ghouli	#FF6F69	Family
A/Brunei/147/2025	Anasazi	#F47CC3	11001001
A/Brunei/152/2025	The Walk	#4CCB7F	Conundrum
A/Brunei/159/2025	Ghouli	#FF6F69	Journey's End
A/Brunei/161/2025	Field Trip	#FFD23F	Phantasms
A/Brunei/162/2025	The End	#C48A5A	Phantasms
A/Brunei/166/2025	The Walk	#4CCB7F	Q Who
A/Brunei/167/2025	The End	#C48A5A	The Price
A/Brunei/171/2025	Ghouli	#FF6F69	Journey's End
A/Brunei/178/2025	Elegy	#B084F5	Family
A/Brunei/179/2025	Jose Chung's From Outer Space	#3FD5D0	Up the Long Ladder
A/Brunei/184/2025	Musings of a Cigarette Smoking Man	#FF9F40	11001001
A/Brunei/187/2025	Hollywood A.D.	#6BA3E6	Unnatural Selection
A/Brunei/189/2025	Ghouli	#FF6F69	Up the Long Ladder
A/Brunei/191/2025	Elegy	#B084F5	Phantasms
A/Brunei/192/2025	Field Trip	#FFD23F	11001001
A/Brunei/209/2025	Field Trip	#FFD23F	The Price
A/Brunei/211/2025	Musings of a Cigarette Smoking Man	#FF9F40	11001001
A/Brunei/214/2025	Field Trip	#FFD23F	Unnatural Selection
A/Brunei/215/2025	The End	#C48A5A	Journey's End
A/Brunei/219/2025	The Walk	#4CCB7F	Up the Long Ladder
A/Brunei/221/2025	The Walk	#4CCB7F	Q Who
A/Brunei/222/2025	Hollywood A.D.	#6BA3E6	Q Who
A/Brunei/235/2025	Musings of a Cigarette Smoking Man	#FF9F40	The Arsenal of Freedom
A/Brunei/77/2025	Field Trip	#FFD23F	Conundrum
A/Brymbo/5877/2025	Ghouli	#FF6F69	The Price
A/Brynamman/9518/2025	Anasazi	#F47CC3	The Arsenal of Freedom
A/Bryncae/7748/2025	Musings of a Cigarette Smoking Man	#FF9F40	Phantasms
A/Buckley/4825/2025	Ghouli	#FF6F69	Journey's End
A/Bulgaria/648/2022	Field Trip	#FFD23F	Conundrum
A/BurkinaFaso/0599/2025	The Walk	#4CCB7F	Journey's End
A/BurkinaFaso/3046/2025	The Walk	#4CCB7F	Up the Long Ladder
A/BurkinaFaso/3064/2025	The End	#C48A5A	Journey's End
A/BurkinaFaso/4541/2025	Jose Chung's From Outer Space	#3FD5D0	Phantasms
A/BurkinaFaso/4597/2025	The End	#C48A5A	Q Who
A/BurkinaFaso/552/2025	Elegy	#B084F5	Unnatural Selection
A/Busan/1710/2025	Elegy	#B084F5	11001001
A/Busan/1811/2025	Ghouli	#FF6F69	Unnatural Selection
A/CHIBA-C/16/2025	Jose Chung's From Outer Space	#3FD5D0	Conundrum
A/CHIBA-C/17/2025	Hollywood A.D.	#6BA3E6	Phantasms
A/CHIBA-C/19/2025	Clyde Bruckman's Final Repose	#9E9E9E	Phantasms
A/CHIBA-C/20/2025	Ghouli	#FF6F69	The Arsenal of Freedom
A/CHIBA/33/2025	Clyde Bruckman's Final Repose	#9E9E9E	Up the Long Ladder
A/CHIBA/34/2025	Ghouli	#FF6F69	Up the Long Ladder
A/CHIBA/35/2025	Elegy	#B084F5	Journey's End
A/CHIBA/37/2025	Clyde Bruckman's Final Repose	#9E9E9E	Up the Long Ladder
A/CHIBA/41/2025	Clyde Bruckman's Final Repose	#9E9E9E	Q Who
A/CHIBA/44/2025	Elegy	#B084F5	Up the Long Ladder
A/CHL/PUC_MVL_0107_25/2025	Jose Chung's From Outer Space	#3FD5D0	Up the Long Ladder
A/Caarapo/LEIAL6325/2025	Anasazi	#F47CC3	Unnatural Selection
A/Caceres/50826956/2025	Musings of a Cigarette Smoking Man	#FF9F40	Conundrum
A/Caceres/50826958/2025	Hollywood A.D.	#6BA3E6	11001001
A/Caernarfon/5240/2025	Anasazi	#F47CC3	Q Who
A/CaldasNovas/LEIAL6893/2025	Hollywood A.D.	#6BA3E6	Q Who
A/California/122/2022_S1	Jose Chung's From Outer Space	#3FD5D0	The Price
A/California/123/2022CVR-178_QMC1QMC6	Jose Chung's From Outer Space	#3FD5D0	Family
A/California/13545/2022	The Walk	#4CCB7F	Unnatural Selection
A/California/14401/2024	Field Trip	#FFD23F	Conundrum
A/California/166/2024_S112/11/2024Lot4	Jose Chung's From Outer Space	#3FD5D0	The Price
A/California/171/2019	Elegy	#B084F5	Conundrum
A/California/44/2022	The Walk	#4CCB7F	Up the Long Ladder
A/California/59/2025	The Walk	#4CCB7F	Phantasms
A/California/61/2025	Field Trip	#FFD23F	The Price
A/California/62/2025	Clyde Bruckman's Final Repose	#9E9E9E	The Price
A/California/64/2025	Field Trip	#FFD23F	Conundrum
A/California/65/2025	Musings of a Cigarette Smoking Man	#FF9F40	11001001
A/California/GKISBBBG79914/2025	Jose Chung's From Outer Space	#3FD5D0	11001001
A/California/GKISBBBH22588/2025	Field Trip	#FFD23F	Journey's End
A/California/GKISBBBH22612/2025	The Walk	#4CCB7F	Phantasms
A/California/GKISBBBI09017/2025	Musings of a Cigarette Smoking Man	#FF9F40	Conundrum
A/California/LACPHL-INF00622/2024	Jose Chung's From Outer Space	#3FD5D0	The Arsenal of Freedom
A/California/LACPHL-INF01673/2025	Elegy	#B084F5	11001001
A/California/LACPHL-INF02034/2025	Ghouli	#FF6F69	Q Who
A/California/LACPHL-INF02035/2025	Musings of a Cigarette Smoking Man	#FF9F40	Journey's End
A/California/LACPHL-INF02036/2025	Ghouli	#FF6F69	Conundrum
A/California/LACPHL-INF02042/2025	Elegy	#B084F5	Phantasms
A/California/NIRC-IS-1242/2025	Clyde Bruckman's Final Repose	#9E9E9E	The Arsenal of Freedom
A/California/NIRC-IS-1245/2025	Anasazi	#F47CC3	Q Who
A/California/NIRC-IS-1247/2025	Field Trip	#FFD23F	Unnatural Selection
A/California/NIRC-IS-1253/2025	Anasazi	#F47CC3	Phantasms
A/California/NIRC-IS-1255/2025	Musings of a Cigarette Smoking Man	#FF9F40	Journey's End
A/California/NIRC-IS-1258/2025	Elegy	#B084F5	Family
A/California/NIRC-IS-1280/2025	Field Trip	#FFD23F	Conundrum
A/California/SMCPHL-988/2025	Hollywood A.D.	#6BA3E6	The Price
A/Cambodia/AHC250325/2025	The End	#C48A5A	Journey's End
A/Cambodia/AHC250341/2025	Anasazi	#F47CC3	The Arsenal of Freedom
A/Cambodia/AHC250375/2025	Hollywood A.D.	#6BA3E6	11001001
A/Cambodia/AHC250402/2025	The End	#C48A5A	Up the Long Ladder
A/Cambodia/AHC250420/2025	Jose Chung's From Outer Space	#3FD5D0	Journey's End
A/Cambodia/AHC250422/2025	The End	#C48A5A	Phantasms
A/Cambodia/AHC250449/2025	Musings of a Cigarette Smoking Man	#FF9F40	Journey's End
A/Cambodia/ANPH250056/2025	Elegy	#B084F5	Phantasms
A/Cambodia/ANPH250057/2025	Hollywood A.D.	#6BA3E6	Up the Long Ladder
A/Cambodia/ASRH250010/2025	Ghouli	#FF6F69	Up the Long Ladder
A/Cambodia/ASRH250011/2025	The Walk	#4CCB7F	The Arsenal of Freedom
A/Cambodia/ASRH250014/2025	Jose Chung's From Outer Space	#3FD5D0	Conundrum
A/Cambodia/ASRH250021/2025	Elegy	#B084F5	Unnatural Selection
A/Cambodia/ASRH250022/2025	Elegy	#B084F5	Phantasms
A/Cambodia/ASRH250026/2025	Anasazi	#F47CC3	11001001
A/Cambodia/ASRH250034/2025	Musings of a Cigarette Smoking Man	#FF9F40	Phantasms
A/Cambodia/ASRH250043/2025	Hollywood A.D.	#6BA3E6	Phantasms
A/Cambodia/ASRH250046/2025	The End	#C48A5A	Up the Long Ladder
A/Cambodia/ASRH250047/2025	Musings of a Cigarette Smoking Man	#FF9F40	Journey's End
A/Cambodia/ASRH250050/2025	Ghouli	#FF6F69	Phantasms
A/Cambodia/ASRH250051/2025	The End	#C48A5A	Phantasms
A/Cambodia/ASRH250053/2025	Field Trip	#FFD23F	Q Who
A/Cambodia/ASRH250056/2025	Anasazi	#F47CC3	Conundrum
A/Cambodia/ASRH250058/2025	Anasazi	#F47CC3	The Price
A/Cambodia/ASRH250059/2025	Anasazi	#F47CC3	Phantasms
A/Cambodia/ASRH250061/2025	Elegy	#B084F5	Phantasms
A/Cambodia/CCH250195/2025	Elegy	#B084F5	Family
A/Cambodia/IAHC250318/2025	Jose Chung's From Outer Space	#3FD5D0	Conundrum
A/Cambodia/IAHC250323/2025	Field Trip	#FFD23F	The Arsenal of Freedom
A/Cambodia/IAHC250336/2025	Hollywood A.D.	#6BA3E6	Family
A/Cambodia/IAHC250338/2025	Ghouli	#FF6F69	The Arsenal of Freedom
A/Cambodia/IAHC250349/2025	Field Trip	#FFD23F	Unnatural Selection
A/Cambodia/IBTB250051/2025	Field Trip	#FFD23F	Conundrum
A/Cambodia/IBTB250056/2025	Jose Chung's From Outer Space	#3FD5D0	The Arsenal of Freedom
A/Cambodia/IKCM250107/2025	Jose Chung's From Outer Space	#3FD5D0	The Price
A/Cambodia/IKCM250115/2025	Elegy	#B084F5	Journey's End
A/Cambodia/IKPT250105/2025	Ghouli	#FF6F69	Journey's End
A/Cambodia/IMDK250058/2025	Field Trip	#FFD23F	Conundrum
A/Cambodia/INPH250308/2025	Anasazi	#F47CC3	Conundrum
A/Cambodia/INPH250322/2025	The Walk	#4CCB7F	Unnatural Selection
A/Cambodia/INPH250362/2025	Musings of a Cigarette Smoking Man	#FF9F40	11001001
A/Cambodia/INPH250373/2025	The Walk	#4CCB7F	Phantasms
A/Cambodia/INPH250398/2025	The End	#C48A5A	Family
A/Cambodia/ISVR250086/2025	Field Trip	#FFD23F	Family
A/Cambodia/ISVR250088/2025	Ghouli	#FF6F69	11001001
A/Cambodia/ISVR250114/2025	The End	#C48A5A	The Arsenal of Freedom
A/Cambodia/ISVR250115/2025	Field Trip	#FFD23F	Phantasms
A/Cambodia/ISVR250116/2025	Musings of a Cigarette Smoking Man	#FF9F40	Unnatural Selection
A/Cambodia/KPH250212/2025	Hollywood A.D.	#6BA3E6	Up the Long Ladder
A/Cambodia/KPH250234/2025	Musings of a Cigarette Smoking Man	#FF9F40	Conundrum
A/Cambodia/KPH250237/2025	Hollywood A.D.	#6BA3E6	The Price
A/Cambodia/KSH250290/2025	The Walk	#4CCB7F	Phantasms
A/Cambodia/KSH250296/2025	Ghouli	#FF6F69	Unnatural Selection
A/Cambodia/KSH250309/2025	The Walk	#4CCB7F	Journey's End
A/Cambodia/KVH250244/2025	Elegy	#B084F5	Unnatural Selection
A/Cambodia/KVH250283/2025	The Walk	#4CCB7F	Phantasms
A/Cambodia/KVH250292/2025	The Walk	#4CCB7F	Unnatural Selection
A/Cambodia/NDS250115/2025	Field Trip	#FFD23F	Journey's End
A/Cambodia/NDS250118/2025	Ghouli	#FF6F69	Family
A/Cambodia/NDS250119/2025	Musings of a Cigarette Smoking Man	#FF9F40	The Arsenal of Freedom
A/Cambodia/NDS250120/2025	The Walk	#4CCB7F	Family
A/Cambodia/NDS250121/2025	The End	#C48A5A	The Arsenal of Freedom
A/Cambodia/NDS250125/2025	Field Trip	#FFD23F	Unnatural Selection
A/Cambodia/NDS250126/2025	Musings of a Cigarette Smoking Man	#FF9F40	The Price
A/Cambodia/NDS250127/2025	The Walk	#4CCB7F	11001001
A/Cambodia/NDS250128/2025	Field Trip	#FFD23F	Family
A/Cambodia/NDS250129/2025	Anasazi	#F47CC3	The Arsenal of Freedom
A/Cambodia/NDS250131/2025	Musings of a Cigarette Smoking Man	#FF9F40	11001001
A/Cambodia/NDS250133/2025	Field Trip	#FFD23F	Unnatural Selection
A/Cambodia/NDS250134/2025	The Walk	#4CCB7F	The Price
A/Cambodia/NPH250653/2025	Field Trip	#FFD23F	Phantasms
A/Cambodia/NPH250745/2025	The End	#C48A5A	Up the Long Ladder
A/Cambodia/NPH250797/2025	Musings of a Cigarette Smoking Man	#FF9F40	The Arsenal of Freedom
A/Cambodia/NPH250817/2025	Clyde Bruckman's Final Repose	#9E9E9E	Conundrum
A/Cambodia/NPH250828/2025	Elegy	#B084F5	Family
A/Cambodia/NPH250842/2025	Elegy	#B084F5	Q Who
A/Cambodia/NPH250881/2025	Anasazi	#F47CC3	The Price
A/Cambodia/NPH250894/2025	Anasazi	#F47CC3	The Price
A/Cambodia/PKH250260/2025	Anasazi	#F47CC3	Family
A/Cambodia/PKH250266/2025	Anasazi	#F47CC3	11001001
A/Cambodia/SVH250603/2025	Jose Chung's From Outer Space	#3FD5D0	The Price
A/Cambodia/SVH250632/2025	The End	#C48A5A	Conundrum
A/Cambodia/i0610373/2024	Ghouli	#FF6F69	Family
A/Cambodia/j08043599/2025	Jose Chung's From Outer Space	#3FD5D0	Q Who
A/Cameroon/0979/2025	Ghouli	#FF6F69	The Price
A/Cameroon/1180/2025	Clyde Bruckman's Final Repose	#9E9E9E	Phantasms
A/Cameroon/1446/2025	Field Trip	#FFD23F	11001001
A/Cameroon/1588/2025	Hollywood A.D.	#6BA3E6	Phantasms
A/Cameroon/1604/2025	Jose Chung's From Outer Space	#3FD5D0	11001001
A/Cameroon/1742/2023	Hollywood A.D.	#6BA3E6	11001001
A/Cameroon/1849/2025	Anasazi	#F47CC3	Family
A/Cameroon/1855/2025	Field Trip	#FFD23F	Journey's End
A/Cameroon/1896/2025	The End	#C48A5A	The Arsenal of Freedom
A/Cameroon/2032/2025	The End	#C48A5A	Phantasms
A/Cameroon/2289/2025	Anasazi	#F47CC3	Up the Long Ladder
A/CampoGrande/LEIAL6538/2025	Ghouli	#FF6F69	Phantasms
A/CampoGrande/LEIAL6886/2025	Elegy	#B084F5	Q Who
A/CampoGrande/LEIAL6887/2025	Clyde Bruckman's Final Repose	#9E9E9E	Phantasms
A/CampoGrande/LEIAL6889/2025	Musings of a Cigarette Smoking Man	#FF9F40	Unnatural Selection
A/CampoGrande/LEIAL6971/2025	Clyde Bruckman's Final Repose	#9E9E9E	11001001
A/Canada/ABPHL-2066/2025	Elegy	#B084F5	Q Who
A/Canada/ABPHL-2101/2025	Musings of a Cigarette Smoking Man	#FF9F40	The Arsenal of Freedom
A/Canada/ABPHL-2104/2025	Clyde Bruckman's Final Repose	#9E9E9E	The Arsenal of Freedom
A/Canada/ABPHL-2110/2025	Field Trip	#FFD23F	Up the Long Ladder
A/Canada/ABPHL-2119/2025	The End	#C48A5A	Conundrum
A/Canada/ABPHL-2122/2025	Jose Chung's From Outer Space	#3FD5D0	Phantasms
A/Canada/ABPHL-2123/2025	Hollywood A.D.	#6BA3E6	Unnatural Selection
A/Canada/ABPHL-2131/2025	Clyde Bruckman's Final Repose	#9E9E9E	Q Who
A/Canada/ABPHL-2132/2025	Elegy	#B084F5	Unnatural Selection
A/Canada/ABPHL-2133/2025	Elegy	#B084F5	The Arsenal of Freedom
A/Canada/ABPHL-2136/2025	Clyde Bruckman's Final Repose	#9E9E9E	Unnatural Selection
A/Canada/ABPHL-2137/2025	Anasazi	#F47CC3	The Price
A/Canada/ABPHL-2141/2025	Field Trip	#FFD23F	Q Who
A/Canada/ABPHL-2145/2025	Hollywood A.D.	#6BA3E6	Journey's End
A/Canada/ABPHL-2148/2025	Jose Chung's From Outer Space	#3FD5D0	Journey's End
A/Canada/ABPHL-2152/2025	Field Trip	#FFD23F	Q Who
A/Canada/ABPHL-2154/2025	Musings of a Cigarette Smoking Man	#FF9F40	Journey's End
A/Canada/ABPHL-2155/2025	Ghouli	#FF6F69	Conundrum
A/Canada/ABPHL-2163/2025	Elegy	#B084F5	Conundrum
A/Canada/ABPHL-2164/2025	Field Trip	#FFD23F	The Price
A/Canada/ABPHL-2191/2025	Hollywood A.D.	#6BA3E6	Q Who
A/Canada/ABPHL-2192/2025	Clyde Bruckman's Final Repose	#9E9E9E	The Price
A/Canada/ABPHL-2194/2025	Elegy	#B084F5	11001001
A/Canada/ABPHL-2199/2025	Anasazi	#F47CC3	Up the Long Ladder
A/Canada/ABPHL-2205/2025	Anasazi	#F47CC3	Conundrum
A/Canada/ABPHL-2207/2025	Jose Chung's From Outer Space	#3FD5D0	Phantasms
A/Canada/ABPHL-2212/2025	Field Trip	#FFD23F	Journey's End
A/Canada/ABPHL-2215/2025	Jose Chung's From Outer Space	#3FD5D0	Family
A/Canarias/2328/2025	Musings of a Cigarette Smoking Man	#FF9F40	Journey's End
A/Canarias/2333/2025	Musings of a Cigarette Smoking Man	#FF9F40	Conundrum
A/Canarias/2338/2025	The End	#C48A5A	Up the Long Ladder
A/Canberra/302/2023_MDCK1	Jose Chung's From Outer Space	#3FD5D0	The Arsenal of Freedom
A/Canberra/309/2023_MDCK1	Field Trip	#FFD23F	Up the Long Ladder
A/Canberra/327/2023_SIAT1	Elegy	#B084F5	Unnatural Selection
A/Canberra/331/2023_E4	The Walk	#4CCB7F	The Price
A/Canberra/331/2023_MDCK1	Jose Chung's From Outer Space	#3FD5D0	Family
A/Canberra/373/2023_E4	Ghouli	#FF6F69	Journey's End
A/Canberra/373/2023_SIAT1	Elegy	#B084F5	Conundrum
A/Canberra/382/2023_SIAT1	The End	#C48A5A	Up the Long Ladder
A/Canberra/439/2025	The End	#C48A5A	Phantasms
A/Canberra/447/2025	The Walk	#4CCB7F	The Arsenal of Freedom
A/Canberra/459/2025	Clyde Bruckman's Final Repose	#9E9E9E	The Arsenal of Freedom
A/Canberra/717/2025	Elegy	#B084F5	The Arsenal of Freedom
A/Canberra/730/2025	Field Trip	#FFD23F	Journey's End
A/Canberra/734/2025	Elegy	#B084F5	Q Who
A/Canberra/752/2025	Musings of a Cigarette Smoking Man	#FF9F40	Up the Long Ladder
A/Canberra/761/2025	Ghouli	#FF6F69	Q Who
A/Canberra/771/2025	Field Trip	#FFD23F	Journey's End
A/Canberra/794/2025	Field Trip	#FFD23F	Up the Long Ladder
A/Canberra/795/2025	Jose Chung's From Outer Space	#3FD5D0	The Arsenal of Freedom
A/Canberra/798/2025	The End	#C48A5A	Conundrum
A/Canberra/802/2025	The End	#C48A5A	The Price
A/Canberra/805/2025	Musings of a Cigarette Smoking Man	#FF9F40	Conundrum
A/Canberra/809/2025	Hollywood A.D.	#6BA3E6	11001001
A/Canberra/824/2025	Jose Chung's From Outer Space	#3FD5D0	Unnatural Selection
A/Canberra/830/2025	Field Trip	#FFD23F	Up the Long Ladder
A/Canberra/831/2025	Ghouli	#FF6F69	Q Who
A/Canberra/833/2025	Musings of a Cigarette Smoking Man	#FF9F40	Phantasms
A/Canberra/845/2025	Hollywood A.D.	#6BA3E6	Up the Long Ladder
A/Canberra/851/2025	Hollywood A.D.	#6BA3E6	Phantasms
A/Canberra/852/2025	Hollywood A.D.	#6BA3E6	Up the Long Ladder
A/Canberra/853/2025	Hollywood A.D.	#6BA3E6	Conundrum
A/Canberra/854/2025	Anasazi	#F47CC3	Up the Long Ladder
A/Canberra/856/2025	Jose Chung's From Outer Space	#3FD5D0	The Arsenal of Freedom
A/Canberra/857/2025	Field Trip	#FFD23F	Conundrum
A/Canberra/859/2025	Ghouli	#FF6F69	11001001
A/Cantabria/2175/2025	Ghouli	#FF6F69	Phantasms
A/Cantabria/2176/2025	The Walk	#4CCB7F	Conundrum
A/Cantabria/2177/2025	Musings of a Cigarette Smoking Man	#FF9F40	The Price
A/Cantabria/2896/2025	Ghouli	#FF6F69	Unnatural Selection
A/Cantabria/2897/2025	Elegy	#B084F5	The Arsenal of Freedom
A/Cantabria/2898/2025	Field Trip	#FFD23F	The Price
A/Cantabria/2899/2025	Ghouli	#FF6F69	11001001
A/Cantabria/2901/2025	Elegy	#B084F5	Family
A/Cantabria/2902/2025	Jose Chung's From Outer Space	#3FD5D0	Conundrum
A/Cantabria/2903/2025	Musings of a Cigarette Smoking Man	#FF9F40	Conundrum
A/Cantabria/2905/2025	Hollywood A.D.	#6BA3E6	The Price
A/Cantabria/2906/2025	Field Trip	#FFD23F	11001001
A/Canterbury/10/2025	The Walk	#4CCB7F	Q Who
A/Canterbury/11/2025	Hollywood A.D.	#6BA3E6	11001001
A/Canterbury/12/2025	Jose Chung's From Outer Space	#3FD5D0	Up the Long Ladder
A/Canterbury/13/2025	The Walk	#4CCB7F	Family
A/Canterbury/14/2025	Anasazi	#F47CC3	The Price
A/Canterbury/15/2025	Elegy	#B084F5	Conundrum
A/Canterbury/16/2025	Musings of a Cigarette Smoking Man	#FF9F40	Family
A/Canterbury/17/2025	Hollywood A.D.	#6BA3E6	The Price
A/Canterbury/18/2025	Jose Chung's From Outer Space	#3FD5D0	The Arsenal of Freedom
A/Canterbury/19/2025	Hollywood A.D.	#6BA3E6	Phantasms
A/Caraguatatuba/LEIAL6911/2025	The Walk	#4CCB7F	Family
A/Cardiff/0040/2025	Ghouli	#FF6F69	Conundrum
A/Cardiff/0759/2025	Anasazi	#F47CC3	11001001
A/Cardiff/2363/2025	The End	#C48A5A	Unnatural Selection
A/Cardiff/2426/2025	Clyde Bruckman's Final Repose	#9E9E9E	Up the Long Ladder
A/Cardiff/2661/2025	Anasazi	#F47CC3	Up the Long Ladder
A/Cardiff/2793/2025	Field Trip	#FFD23F	Journey's End
A/Cardiff/3587/2025	Ghouli	#FF6F69	Phantasms
A/Cardiff/3772/2025	Ghouli	#FF6F69	The Price
A/Cardiff/3775/2025	Jose Chung's From Outer Space	#3FD5D0	Conundrum
A/Cardiff/4147/2025	Field Trip	#FFD23F	The Arsenal of Freedom
A/Cardiff/4148/2025	Elegy	#B084F5	Conundrum
A/Cardiff/4243/2025	The Walk	#4CCB7F	The Arsenal of Freedom
A/Cardiff/4424/2025	The End	#C48A5A	11001001
A/Cardiff/4749/2025	Hollywood A.D.	#6BA3E6	Family
A/Cardiff/4759/2025	Field Trip	#FFD23F	Phantasms
A/Cardiff/5579/2025	Hollywood A.D.	#6BA3E6	Q Who
A/Cardiff/5690/2025	Field Trip	#FFD23F	11001001
A/Cardiff/5978/2025	The End	#C48A5A	The Price
A/Cardiff/6105/2025	Elegy	#B084F5	Up the Long Ladder
A/Cardiff/6398/2025	Hollywood A.D.	#6BA3E6	The Price
A/Cardiff/6987/2025	The End	#C48A5A	Up the Long Ladder
A/Cardiff/7589/2025	Jose Chung's From Outer Space	#3FD5D0	Family
A/Cardiff/8895/2025	The Walk	#4CCB7F	Q Who
A/Cardiff/9493/2025	Hollywood A.D.	#6BA3E6	Family
A/Cartagena/FCC01872/2025H3N2	Anasazi	#F47CC3	Journey's End
A/Cartagena/UC-25_0076/2025	Clyde Bruckman's Final Repose	#9E9E9E	Unnatural Selection
A/Cartagena/UC-25_0104/2025	Anasazi	#F47CC3	Q Who
A/Cartagena/UC-25_0117/2025	Jose Chung's From Outer Space	#3FD5D0	Q Who
A/Cartagena/UC-25_0123/2025	Clyde Bruckman's Final Repose	#9E9E9E	Journey's End
A/Cartagena/UC-25_0128/2025	Ghouli	#FF6F69	The Price
A/Cartagena/UC-25_0159/2025	The End	#C48A5A	Conundrum
A/Catalonia/0762403S/2019	Clyde Bruckman's Final Repose	#9E9E9E	Up the Long Ladder
A/Catalonia/NSAV198330785/2025	The Walk	#4CCB7F	Conundrum
A/Catalonia/NSAV198336697/2025	Clyde Bruckman's Final Repose	#9E9E9E	Journey's End
A/Catalonia/NSAV198338680/2025	The End	#C48A5A	The Arsenal of Freedom
A/Catalonia/NSAV198338693/2025	Anasazi	#F47CC3	The Arsenal of Freedom
A/Catalonia/NSBE251044515/2025	Jose Chung's From Outer Space	#3FD5D0	Phantasms
A/Catalonia/NSBE252748247/2025	Hollywood A.D.	#6BA3E6	The Arsenal of Freedom
A/Catalonia/NSGT198335451/2025	The Walk	#4CCB7F	11001001
A/Catalonia/NSGT198338185/2025	The Walk	#4CCB7F	Journey's End
A/Catalonia/NSJO510896729/2025	Hollywood A.D.	#6BA3E6	Family
A/Catalonia/NSVH102161296/2023_SIAT1/SIAT1	The Walk	#4CCB7F	Unnatural Selection
A/Catalonia/NSVH102421648/2024_SIAT1/SIAT1	Field Trip	#FFD23F	Conundrum
A/Catalonia/NSVH102636511/2025	Ghouli	#FF6F69	Phantasms
A/Catalonia/NSVH102674920/2025	Elegy	#B084F5	Phantasms
A/Catalonia/NSVH102681872/2025	Field Trip	#FFD23F	Q Who
A/Catalonia/NSVH102688741/2025	Hollywood A.D.	#6BA3E6	Conundrum
A/Catalonia/NSVH102693347/2025	Clyde Bruckman's Final Repose	#9E9E9E	Family
A/Catalonia/NSVH102698407/2025	Musings of a Cigarette Smoking Man	#FF9F40	Unnatural Selection
A/Catalonia/NSVH102699850/2025	Musings of a Cigarette Smoking Man	#FF9F40	Q Who
A/Catalonia/NSVH102704920/2025	Ghouli	#FF6F69	The Price
A/Catalonia/NSVH102713004/2025	Musings of a Cigarette Smoking Man	#FF9F40	Phantasms
A/Catalonia/NSVH102714140/2025	Ghouli	#FF6F69	Unnatural Selection
A/Catalonia/NSVH133238081/2025	Clyde Bruckman's Final Repose	#9E9E9E	Conundrum
A/Catalonia/NSVH160149703/2025	Clyde Bruckman's Final Repose	#9E9E9E	The Price
A/Catalonia/NSVH161522923/2025	Ghouli	#FF6F69	The Price
A/Ceara/043597-IEC/2025	Ghouli	#FF6F69	Up the Long Ladder
A/Ceara/050712-IEC/2025	Elegy	#B084F5	The Price
A/Ceara/050714-IEC/2025	Elegy	#B084F5	Conundrum
A/Ceara/050715-IEC/2025	Clyde Bruckman's Final Repose	#9E9E9E	The Price
A/Ceara/050716-IEC/2025	Field Trip	#FFD23F	Up the Long Ladder
A/Ceara/050717-IEC/2025	Clyde Bruckman's Final Repose	#9E9E9E	The Price
A/Ceilandia/LEIAL6982/2025	Hollywood A.D.	#6BA3E6	Family
A/Ceilndia/LEIAL6321/2025	Field Trip	#FFD23F	Unnatural Selection
A/Ceuta/2354/2025	Elegy	#B084F5	Family
A/Ceuta/2355/2025	Clyde Bruckman's Final Repose	#9E9E9E	Family
A/Ceuta/2356/2025	Ghouli	#FF6F69	11001001
A/Chanthaburi/2377/2019	The End	#C48A5A	Phantasms
A/Chanthaburi/385/2019	Ghouli	#FF6F69	The Price
A/Chanthaburi/P2049/2025	Anasazi	#F47CC3	Journey's End
A/Chanthaburi/P2732/2025	Elegy	#B084F5	Journey's End
A/Chanthaburi/P3494/2025	Field Trip	#FFD23F	Family
A/Chanthaburi/P3733/2025	Musings of a Cigarette Smoking Man	#FF9F40	The Price
A/Chanthaburi/P3740/2025	The End	#C48A5A	Family
A/Chanthaburi/P4114/2025	Anasazi	#F47CC3	The Arsenal of Freedom
A/Chanthaburi/P4331/2025	The Walk	#4CCB7F	Up the Long Ladder
A/ChapadaoDoSul/LEIAL6537/2025	Anasazi	#F47CC3	Phantasms
A/Chester/9331/2025	Hollywood A.D.	#6BA3E6	11001001
A/ChiangRai/P2367/2025	The End	#C48A5A	The Price
A/ChiangRai/P2372/2025	Hollywood A.D.	#6BA3E6	The Price
A/ChiangRai/P2995/2025	Elegy	#B084F5	Family
A/ChiangRai/P3069/2025	Elegy	#B084F5	Journey's End
A/ChiangRai/P3498/2025	Elegy	#B084F5	The Price
A/ChiangRai/P4050/2025	Clyde Bruckman's Final Repose	#9E9E9E	Family
A/ChiangRai/P4051/2025	Musings of a Cigarette Smoking Man	#FF9F40	Journey's End
A/ChiangRai/P4052/2025	Hollywood A.D.	#6BA3E6	The Arsenal of Freedom
A/ChiangRai/P4354/2025	The End	#C48A5A	Q Who
A/ChiangRai/P4498/2025	Musings of a Cigarette Smoking Man	#FF9F40	Phantasms
A/Chile/PUC_MVL_0121_25/2025	Field Trip	#FFD23F	11001001
A/Chile/PUC_MVL_0123_25/2025	Ghouli	#FF6F69	Conundrum
A/Chile/PUC_MVL_0124_25/2025	Hollywood A.D.	#6BA3E6	Family
A/Chile/PUC_MVL_0127_25/2025	Ghouli	#FF6F69	11001001
A/Chile/PUC_MVL_0128_25/2025	The Walk	#4CCB7F	Journey's End
A/Chile/PUC_MVL_0130_25/2025	Field Trip	#FFD23F	The Price
A/Chile/PUC_MVL_0131_25/2025	Field Trip	#FFD23F	Q Who
A/Chile/PUC_MVL_0132_25/2025	Field Trip	#FFD23F	Family
A/Chile/PUC_MVL_0134_25/2025	The End	#C48A5A	Family
A/Chile/PUC_MVL_0136_25/2025	Musings of a Cigarette Smoking Man	#FF9F40	Journey's End
A/Chile/PUC_MVL_0137_25/2025	Elegy	#B084F5	Q Who
A/Chile/PUC_MVL_0138_25/2025	Field Trip	#FFD23F	Q Who
A/Chile/PUC_MVL_0139_25/2025	Jose Chung's From Outer Space	#3FD5D0	Up the Long Ladder
A/Chile/PUC_MVL_0141_25/2025	Jose Chung's From Outer Space	#3FD5D0	11001001
A/Chile/PUC_MVL_0142_25/2025	Field Trip	#FFD23F	11001001
A/Chile/PUC_MVL_0147_25/2025	Jose Chung's From Outer Space	#3FD5D0	The Price
A/Chile/PUC_MVL_0149_25/2025	Field Trip	#FFD23F	The Arsenal of Freedom
A/Chile/PUC_MVL_0150_25/2025	The End	#C48A5A	Unnatural Selection
A/Chile/PUC_MVL_0151_25/2025	Musings of a Cigarette Smoking Man	#FF9F40	Family
A/Chile/PUC_MVL_0152_25/2025	Jose Chung's From Outer Space	#3FD5D0	Up the Long Ladder
A/Chile/PUC_MVL_0153_25/2025	Field Trip	#FFD23F	Unnatural Selection
A/Chile/PUC_MVL_0154_25/2025	Field Trip	#FFD23F	Phantasms
A/Chile/PUC_MVL_0155_25/2025	Clyde Bruckman's Final Repose	#9E9E9E	Q Who
A/Chile/PUC_MVL_0157_25/2025	Elegy	#B084F5	Up the Long Ladder
A/Chile/PUC_MVL_0158_25/2025	Musings of a Cigarette Smoking Man	#FF9F40	The Arsenal of Freedom
A/Chile/PUC_MVL_0159_25/2025	Clyde Bruckman's Final Repose	#9E9E9E	The Arsenal of Freedom
A/Chile/PUC_MVL_0160_25/2025	Hollywood A.D.	#6BA3E6	The Arsenal of Freedom
A/Chile/PUC_MVL_0161_25/2025	The End	#C48A5A	Conundrum
A/Chile/PUC_MVL_0162_25/2025	Hollywood A.D.	#6BA3E6	The Price
A/Chile/PUC_MVL_0163_25/2025	The End	#C48A5A	Phantasms
A/Chile/PUC_MVL_0164_25/2025	Clyde Bruckman's Final Repose	#9E9E9E	Q Who
A/Chile/PUC_MVL_0165_25/2025	The Walk	#4CCB7F	Family
A/Chile/PUC_MVL_0166_25/2025	Elegy	#B084F5	The Price
A/Chile/PUC_MVL_0167_25/2025	The End	#C48A5A	Journey's End
A/Chile/PUC_MVL_0168_25/2025	Elegy	#B084F5	Family
A/Chile/PUC_MVL_0169_25/2025	The End	#C48A5A	Q Who
A/Chile/PUC_MVL_0170_25/2025	Elegy	#B084F5	11001001
A/Chile/PUC_MVL_0171_25/2025	Clyde Bruckman's Final Repose	#9E9E9E	Up the Long Ladder
A/Chile/PUC_MVL_0172_25/2025	Field Trip	#FFD23F	Up the Long Ladder
A/Chile/PUC_MVL_0173_25/2025	Clyde Bruckman's Final Repose	#9E9E9E	Q Who
A/Chile/PUC_MVL_0174_25/2025	Jose Chung's From Outer Space	#3FD5D0	Conundrum
A/Chile/PUC_MVL_0175_25/2025	The Walk	#4CCB7F	The Arsenal of Freedom
A/Chillan/63383/2025	The Walk	#4CCB7F	Up the Long Ladder
A/Chillan/63384/2025	Elegy	#B084F5	Family
A/Chillan/67282/2025	The Walk	#4CCB7F	Conundrum
A/Chillan/79839/2025	The End	#C48A5A	Up the Long Ladder
A/Chillan/79840/2025	Ghouli	#FF6F69	Conundrum
A/Chillan/79841/2025	Musings of a Cigarette Smoking Man	#FF9F40	Family
A/Chillan/83935/2025	Jose Chung's From Outer Space	#3FD5D0	Q Who
A/Chillan/86384/2025	Jose Chung's From Outer Space	#3FD5D0	Up the Long Ladder
A/Chillan/86386/2025	The Walk	#4CCB7F	The Price
A/Chillan/88742/2025	The End	#C48A5A	Family
A/Chillan/88745/2025	Ghouli	#FF6F69	Phantasms
A/Chillan/91369/2025	Musings of a Cigarette Smoking Man	#FF9F40	The Price
A/Chillan/91372/2025	Field Trip	#FFD23F	Journey's End
A/Chinautla/FLU-253/2025	The Walk	#4CCB7F	Q Who
A/Chita/RII-MH269579S/2025	Jose Chung's From Outer Space	#3FD5D0	Conundrum
A/Chonburi/s2133w/2025	The End	#C48A5A	Phantasms
A/Chongqing-Fengjie/11022/2025	Ghouli	#FF6F69	The Arsenal of Freedom
A/Chongqing-Fuling/311/2025	Clyde Bruckman's Final Repose	#9E9E9E	Up the Long Ladder
A/Chongqing-Jiulongpo/32/2025	Elegy	#B084F5	Q Who
A/Chongqing-Liangjiangxin/1890/2025	Clyde Bruckman's Final Repose	#9E9E9E	Journey's End
A/Chongqing-Liangjiangxin/2900/2025	Ghouli	#FF6F69	Unnatural Selection
A/Chongqing-Liangping/1882/2025	Musings of a Cigarette Smoking Man	#FF9F40	Q Who
A/Chongqing-Shapingba/21278/2025	The Walk	#4CCB7F	The Arsenal of Freedom
A/Chongqing-Wanzhou/1224/2025_C1S1	Anasazi	#F47CC3	Family
A/Chongqing-Wanzhou/3181/2025	Ghouli	#FF6F69	The Price
A/Chongqing-Yubei/21039/2025	Elegy	#B084F5	The Arsenal of Freedom
A/Chongqing-Yuzhong/329/2025	Anasazi	#F47CC3	The Arsenal of Freedom
A/Chongqing-Yuzhong/35/2025	Elegy	#B084F5	Q Who
A/Chongqing-Zhangshou/11055/2025	Hollywood A.D.	#6BA3E6	Q Who
A/Chongqing-Zhongxian/320/2025	Elegy	#B084F5	The Price
A/Chungbuk/1690/2025	The Walk	#4CCB7F	Family
A/Chungbuk/1702/2025	Hollywood A.D.	#6BA3E6	Phantasms
A/Chungbuk/1703/2025	The Walk	#4CCB7F	Up the Long Ladder
A/Chungbuk/1723/2025	Hollywood A.D.	#6BA3E6	The Arsenal of Freedom
A/Chungbuk/1724/2025	Anasazi	#F47CC3	Q Who
A/Chungbuk/1725/2025	The Walk	#4CCB7F	Journey's End
A/Chungbuk/1736/2025	Field Trip	#FFD23F	Journey's End
A/Chungbuk/1748/2025	Musings of a Cigarette Smoking Man	#FF9F40	Journey's End
A/Chungbuk/1751/2025	Ghouli	#FF6F69	Up the Long Ladder
A/Chungbuk/1790/2025	Ghouli	#FF6F69	Up the Long Ladder
A/Chungbuk/1791/2025	Elegy	#B084F5	The Arsenal of Freedom
A/Chungbuk/1851/2025	Hollywood A.D.	#6BA3E6	The Arsenal of Freedom
A/Chungbuk/1854/2025	Anasazi	#F47CC3	Journey's End
A/Chungbuk/1855/2025	Jose Chung's From Outer Space	#3FD5D0	The Arsenal of Freedom
A/Chungnam/1701/2025	Elegy	#B084F5	The Arsenal of Freedom
A/Coahuila/IBT_IMSS_01040548CIBIN/2022	Elegy	#B084F5	11001001
A/Coban/FLU-379/2025	The Walk	#4CCB7F	Family
A/Coedpoeth/1703/2025	Anasazi	#F47CC3	Phantasms
A/Coedpoeth/4046/2025	Musings of a Cigarette Smoking Man	#FF9F40	The Arsenal of Freedom
A/Colombia/3041/2025	The End	#C48A5A	Conundrum
A/Colombia/3073/2025	Musings of a Cigarette Smoking Man	#FF9F40	Up the Long Ladder
A/Colombia/4612/2022	The End	#C48A5A	Unnatural Selection
A/Colombia/ANT-LDSP16273/2025	Musings of a Cigarette Smoking Man	#FF9F40	The Price
A/Colombia/ANT-LDSP16550/2025	Clyde Bruckman's Final Repose	#9E9E9E	Up the Long Ladder
A/Colombia/ANT-LDSP17/2025	The End	#C48A5A	11001001
A/Colombia/ANT-LDSP20937/2025	Elegy	#B084F5	The Arsenal of Freedom
A/Colombia/ANT-LDSP21/2025	Hollywood A.D.	#6BA3E6	The Arsenal of Freedom
A/Colombia/ANT-LDSP22/2025	Hollywood A.D.	#6BA3E6	Phantasms
A/Colombia/ANT-LDSP23428/2025	Elegy	#B084F5	Unnatural Selection
A/Colombia/ANT-LDSP36/2025	The End	#C48A5A	The Price
A/Colombia/ANT-LDSP37/2025	Elegy	#B084F5	Conundrum
A/Colombia/ANT-LDSP7/2025	Anasazi	#F47CC3	11001001
A/Colorado/06/2024_S12024-03-12	Anasazi	#F47CC3	Phantasms
A/Colorado/100/2025	Field Trip	#FFD23F	The Price
A/Colorado/101/2025	The End	#C48A5A	Conundrum
A/Colorado/104/2025	Musings of a Cigarette Smoking Man	#FF9F40	Phantasms
A/Colorado/106/2025	Field Trip	#FFD23F	11001001
A/Colorado/108/2025	Hollywood A.D.	#6BA3E6	The Price
A/Colorado/110/2025	Musings of a Cigarette Smoking Man	#FF9F40	Conundrum
A/Colorado/112/2025	Elegy	#B084F5	The Price
A/Colorado/113/2025	Ghouli	#FF6F69	Phantasms
A/Colorado/115/2025	The End	#C48A5A	Up the Long Ladder
A/Colorado/116/2025	Field Trip	#FFD23F	The Price
A/Colorado/118/2025	Musings of a Cigarette Smoking Man	#FF9F40	Journey's End
A/Colorado/121/2025	Anasazi	#F47CC3	Conundrum
A/Colorado/122/2025	Anasazi	#F47CC3	11001001
A/Colorado/123/2025	Musings of a Cigarette Smoking Man	#FF9F40	Journey's End
A/Colorado/125/2025	The End	#C48A5A	The Arsenal of Freedom
A/Colorado/126/2025	Clyde Bruckman's Final Repose	#9E9E9E	Q Who
A/Colorado/127/2025	Anasazi	#F47CC3	11001001
A/Colorado/129/2025	Anasazi	#F47CC3	Up the Long Ladder
A/Colorado/131/2025	The Walk	#4CCB7F	Up the Long Ladder
A/Colorado/132/2025	The End	#C48A5A	Journey's End
A/Colorado/137/2025	Field Trip	#FFD23F	Family
A/Colorado/14334/2023	Musings of a Cigarette Smoking Man	#FF9F40	Journey's End
A/Colorado/16310/2025	Jose Chung's From Outer Space	#3FD5D0	Unnatural Selection
A/Colorado/16366/2025	The Walk	#4CCB7F	Up the Long Ladder
A/Colorado/209/2024_S1	Hollywood A.D.	#6BA3E6	Unnatural Selection
A/Colorado/99/2025	The Walk	#4CCB7F	Conundrum
A/Colorado/ISC-1403/2025	The End	#C48A5A	Q Who
A/Colorado/ISC-1406/2025	The Walk	#4CCB7F	Up the Long Ladder
A/Colorado/ISC-1407/2025	Musings of a Cigarette Smoking Man	#FF9F40	Q Who
A/Colorado/ISC-1409/2025	Clyde Bruckman's Final Repose	#9E9E9E	Conundrum
A/Colorado/ISC-1410/2025	Jose Chung's From Outer Space	#3FD5D0	The Arsenal of Freedom
A/Colorado/ISC-1411/2025	Hollywood A.D.	#6BA3E6	Phantasms
A/Colorado/ISC-1416/2025	Jose Chung's From Outer Space	#3FD5D0	Family
A/Colorado/ISC-1417/2025	Hollywood A.D.	#6BA3E6	Conundrum
A/Colorado/ISC-1418/2025	Anasazi	#F47CC3	Unnatural Selection
A/Colorado/ISC-1419/2025	Ghouli	#FF6F69	Up the Long Ladder
A/Colorado/ISC-1470/2025	Field Trip	#FFD23F	11001001
A/Colorado/ISC-1471/2025	Musings of a Cigarette Smoking Man	#FF9F40	Family
A/Colorado/ISC-1472/2025	The Walk	#4CCB7F	11001001
A/Colorado/ISC-1489/2025	Field Trip	#FFD23F	The Price
A/ColwynBay/3960/2025	Field Trip	#FFD23F	The Price
A/Concepcin/84073/2025	Musings of a Cigarette Smoking Man	#FF9F40	Conundrum
A/Concepcion/50561/2019	Ghouli	#FF6F69	Journey's End
A/Connecticut/08/2022_S1	Elegy	#B084F5	The Price
A/Connecticut/16361/2025	The End	#C48A5A	Family
A/CorumbadeGoias/LEIAL6897/2025	The Walk	#4CCB7F	The Price
A/Corwen/4790/2025	The Walk	#4CCB7F	Unnatural Selection
A/Costa_Rica/INC-0858-829154/2024	Field Trip	#FFD23F	Unnatural Selection
A/Costa_Rica/INC-1025-849695/2024	Field Trip	#FFD23F	The Arsenal of Freedom
A/Costa_Rica/INC-1337-856543/2025	Field Trip	#FFD23F	11001001
A/Costa_Rica/INC-1784-869836/2025	Elegy	#B084F5	Unnatural Selection
A/Costa_Rica/INC-1821-878891/2025	Field Trip	#FFD23F	The Arsenal of Freedom
A/Costa_Rica/INC-1822-878914/2025	Musings of a Cigarette Smoking Man	#FF9F40	Family
A/Costa_Rica/INC-1823-879317/2025	Jose Chung's From Outer Space	#3FD5D0	Phantasms
A/Costa_Rica/INC-1833-881757/2025	Clyde Bruckman's Final Repose	#9E9E9E	11001001
A/Cote-dIvoire/3329/2025	Elegy	#B084F5	Q Who
A/Cote-dIvoire/3330/2025	Ghouli	#FF6F69	Family
A/Cote-dIvoire/3332/2025	Jose Chung's From Outer Space	#3FD5D0	Conundrum
A/CoteDIvoire/1866/2025	Anasazi	#F47CC3	11001001
A/Coyhaique/76271/2025	The End	#C48A5A	Q Who
A/Coyhaique/79850/2025	Anasazi	#F47CC3	The Price
A/Coyhaique/90593/2025	Anasazi	#F47CC3	Up the Long Ladder
A/Coyhaique/90595/2025	Hollywood A.D.	#6BA3E6	Phantasms
A/Croatia/10136RV/2023_SIAT2	The End	#C48A5A	Unnatural Selection
A/Cte-DIvoire/GR3365/2025	Ghouli	#FF6F69	The Price
A/Cte-DIvoire/GR3449/2025	Field Trip	#FFD23F	Up the Long Ladder
A/Cte-DIvoire/GR3614/2025	Elegy	#B084F5	Conundrum
A/Cte-Divoire/GR3311/2025	The End	#C48A5A	Up the Long Ladder
A/Cte-dIvoire/3220/2025	The End	#C48A5A	Phantasms
A/Cte-dIvoire/3298/2025	Anasazi	#F47CC3	Unnatural Selection
A/Cte-dIvoire/3311/2025	Hollywood A.D.	#6BA3E6	Conundrum
A/Cte-dIvoire/3323/2025	Field Trip	#FFD23F	The Price
A/Cte-dIvoire/3324/2025	The End	#C48A5A	Conundrum
A/Cte-dIvoire/3326/2025	Elegy	#B084F5	Q Who
A/Cte-dIvoire/3336/2025	Ghouli	#FF6F69	Unnatural Selection
A/Cte-dIvoire/3338/2025	The End	#C48A5A	The Arsenal of Freedom
A/Cte-dIvoire/3422/2025	Elegy	#B084F5	Family
A/Cte-dIvoire/GR3278/2025	Elegy	#B084F5	Journey's End
A/Cte-dIvoire/GR3279/2025	Jose Chung's From Outer Space	#3FD5D0	The Arsenal of Freedom
A/Cte-dIvoire/GR3297/2025	Field Trip	#FFD23F	Up the Long Ladder
A/Cte-dIvoire/GR3340/2025	Ghouli	#FF6F69	Phantasms
A/Cte-dIvoire/GR3341/2025	Musings of a Cigarette Smoking Man	#FF9F40	Up the Long Ladder
A/Cuilapa/FLU-376/2025	The Walk	#4CCB7F	Up the Long Ladder
A/Cuilapa/FLU-380/2025	The Walk	#4CCB7F	The Arsenal of Freedom
A/Curico/80003/2025	Anasazi	#F47CC3	Journey's End
A/Curico/84228/2025	Elegy	#B084F5	Phantasms
A/Curico/86608/2025	Anasazi	#F47CC3	Family
A/Curico/90752/2025	The Walk	#4CCB7F	Conundrum
A/Cuzco/CUS01749/2025H3N2	Musings of a Cigarette Smoking Man	#FF9F40	Q Who
A/Cuzco/MO0496/2025H3N2	The End	#C48A5A	Family
A/CzechRepublic/3542/2025	Anasazi	#F47CC3	Family
A/CzechRepublic/3777/2025	Musings of a Cigarette Smoking Man	#FF9F40	The Price
A/Daegu/1754/2025	Elegy	#B084F5	The Price
A/Daegu/1806/2025	Jose Chung's From Outer Space	#3FD5D0	Unnatural Selection
A/Daegu/1807/2025	Clyde Bruckman's Final Repose	#9E9E9E	Family
A/Daejeon/1692/2025	Field Trip	#FFD23F	Phantasms
A/Daejeon/1737/2025	The Walk	#4CCB7F	Unnatural Selection
A/Daejeon/1808/2025	Clyde Bruckman's Final Repose	#9E9E9E	Up the Long Ladder
A/Daejeon/1809/2025	Anasazi	#F47CC3	Phantasms
A/Daejeon/1810/2025	Musings of a Cigarette Smoking Man	#FF9F40	Unnatural Selection
A/Darwin/09/2021_E3/E1	Field Trip	#FFD23F	The Arsenal of Freedom
A/Darwin/1045/2025	Musings of a Cigarette Smoking Man	#FF9F40	Up the Long Ladder
A/Darwin/1065/2025	Ghouli	#FF6F69	Journey's End
A/Darwin/1065A/2025	Anasazi	#F47CC3	Unnatural Selection
A/Darwin/1067/2024_SIAT1	Clyde Bruckman's Final Repose	#9E9E9E	The Arsenal of Freedom
A/Darwin/1067/2025	Field Trip	#FFD23F	Phantasms
A/Darwin/1227/2025	The End	#C48A5A	Unnatural Selection
A/Darwin/1319/2025	The End	#C48A5A	11001001
A/Darwin/1345/2025	Ghouli	#FF6F69	Up the Long Ladder
A/Darwin/1369/2025	The Walk	#4CCB7F	Phantasms
A/Darwin/1415/2025	Clyde Bruckman's Final Repose	#9E9E9E	Unnatural Selection
A/Darwin/1454/2025	Clyde Bruckman's Final Repose	#9E9E9E	Conundrum
A/Darwin/1461/2025	Ghouli	#FF6F69	The Arsenal of Freedom
A/Darwin/1468/2025	Hollywood A.D.	#6BA3E6	Journey's End
A/Darwin/1495/2025	Elegy	#B084F5	The Price
A/Darwin/1496/2025	Jose Chung's From Outer Space	#3FD5D0	Family
A/Darwin/1497/2025	Jose Chung's From Outer Space	#3FD5D0	Journey's End
A/Darwin/1499/2025	Hollywood A.D.	#6BA3E6	Unnatural Selection
A/Darwin/1506/2025	Ghouli	#FF6F69	11001001
A/Darwin/1514/2025	Ghouli	#FF6F69	The Price
A/Darwin/1515/2025	The Walk	#4CCB7F	The Price
A/Darwin/1545/2025	Anasazi	#F47CC3	Conundrum
A/Darwin/1556/2025	Jose Chung's From Outer Space	#3FD5D0	Family
A/Darwin/1559/2025	Musings of a Cigarette Smoking Man	#FF9F40	Q Who
A/Darwin/1566/2025	The Walk	#4CCB7F	Phantasms
A/Darwin/1569/2025	Musings of a Cigarette Smoking Man	#FF9F40	The Arsenal of Freedom
A/Darwin/1570/2025	Musings of a Cigarette Smoking Man	#FF9F40	The Price
A/Darwin/1575/2025	Ghouli	#FF6F69	Family
A/Darwin/1576/2025	Ghouli	#FF6F69	Conundrum
A/Darwin/1578/2025	Field Trip	#FFD23F	Up the Long Ladder
A/Darwin/1581/2025	Ghouli	#FF6F69	11001001
A/Darwin/1583/2025	Jose Chung's From Outer Space	#3FD5D0	Phantasms
A/Darwin/1584/2025	The Walk	#4CCB7F	Family
A/Darwin/1588/2025	Field Trip	#FFD23F	Up the Long Ladder
A/Darwin/1590/2025	Field Trip	#FFD23F	The Price
A/Darwin/1594/2025	Elegy	#B084F5	11001001
A/Darwin/1607/2025	Hollywood A.D.	#6BA3E6	11001001
A/Darwin/1608/2025	Anasazi	#F47CC3	Unnatural Selection
A/Darwin/1611/2025	The Walk	#4CCB7F	11001001
A/Darwin/1636/2025	Anasazi	#F47CC3	11001001
A/Darwin/1640/2025	The Walk	#4CCB7F	Family
A/Darwin/1642/2025	The End	#C48A5A	Conundrum
A/Darwin/1649/2025	Anasazi	#F47CC3	The Price
A/Darwin/1650/2025	Ghouli	#FF6F69	Family
A/Darwin/1651/2025	Elegy	#B084F5	Journey's End
A/Darwin/1652/2025	Hollywood A.D.	#6BA3E6	Family
A/Darwin/1653/2025	The Walk	#4CCB7F	Family
A/Darwin/1654/2025	The End	#C48A5A	Journey's End
A/Darwin/1656/2025	The End	#C48A5A	Family
A/Darwin/1660/2025	Musings of a Cigarette Smoking Man	#FF9F40	Journey's End
A/Darwin/1662/2025	The Walk	#4CCB7F	The Arsenal of Freedom
A/Darwin/1669/2025	Elegy	#B084F5	Q Who
A/Darwin/1670/2025	Field Trip	#FFD23F	11001001
A/Darwin/1671/2025	Elegy	#B084F5	Conundrum
A/Darwin/1677/2025	Ghouli	#FF6F69	Q Who
A/Darwin/1678/2025	The End	#C48A5A	Unnatural Selection
A/Darwin/1679/2025	Musings of a Cigarette Smoking Man	#FF9F40	Q Who
A/Darwin/1680/2025	Jose Chung's From Outer Space	#3FD5D0	Unnatural Selection
A/Darwin/1681/2025	Ghouli	#FF6F69	The Price
A/Darwin/1683/2025	Hollywood A.D.	#6BA3E6	Journey's End
A/Darwin/1684/2025	Musings of a Cigarette Smoking Man	#FF9F40	Unnatural Selection
A/Darwin/1686/2025	Clyde Bruckman's Final Repose	#9E9E9E	The Price
A/Darwin/1688/2025	Field Trip	#FFD23F	Unnatural Selection
A/Darwin/1689/2025	Elegy	#B084F5	The Arsenal of Freedom
A/Darwin/1691/2025	The End	#C48A5A	Up the Long Ladder
A/Darwin/1695/2025	Ghouli	#FF6F69	Family
A/Darwin/1696/2025	Elegy	#B084F5	Family
A/Darwin/1697/2025	The End	#C48A5A	The Arsenal of Freedom
A/Darwin/1698/2025	The End	#C48A5A	Q Who
A/Darwin/1702/2025	Field Trip	#FFD23F	Phantasms
A/Darwin/1705/2025	Musings of a Cigarette Smoking Man	#FF9F40	Up the Long Ladder
A/Darwin/1708/2025	Ghouli	#FF6F69	Family
A/Darwin/1712/2025	The End	#C48A5A	Journey's End
A/Darwin/1714/2025	Jose Chung's From Outer Space	#3FD5D0	Unnatural Selection
A/Darwin/1715/2025	The End	#C48A5A	Unnatural Selection
A/Darwin/1716/2025	Field Trip	#FFD23F	The Price
A/Darwin/1717/2025	Field Trip	#FFD23F	The Price
A/Darwin/1718/2025	Anasazi	#F47CC3	Unnatural Selection
A/Darwin/1720/2025	Anasazi	#F47CC3	Family
A/Darwin/1722/2025	The Walk	#4CCB7F	Phantasms
A/Darwin/1725/2025	Hollywood A.D.	#6BA3E6	Conundrum
A/Darwin/1726/2025	The Walk	#4CCB7F	11001001
A/Darwin/1729/2025	Ghouli	#FF6F69	Unnatural Selection
A/Darwin/1730/2025	Hollywood A.D.	#6BA3E6	The Arsenal of Freedom
A/Darwin/1735/2025	Ghouli	#FF6F69	Phantasms
A/Darwin/1742/2025	Elegy	#B084F5	The Price
A/Darwin/1744/2025	The End	#C48A5A	Family
A/Darwin/1745/2025	Ghouli	#FF6F69	Family
A/Darwin/1746/2025	Hollywood A.D.	#6BA3E6	Q Who
A/Darwin/1748/2025	Musings of a Cigarette Smoking Man	#FF9F40	Up the Long Ladder
A/Darwin/1749/2025	Hollywood A.D.	#6BA3E6	Phantasms
A/Darwin/1751/2025	Hollywood A.D.	#6BA3E6	The Price
A/Darwin/1752/2025	Elegy	#B084F5	Journey's End
A/Darwin/1754/2025	Anasazi	#F47CC3	Family
A/Darwin/1755/2025	Musings of a Cigarette Smoking Man	#FF9F40	Family
A/Darwin/1757/2025	Jose Chung's From Outer Space	#3FD5D0	Unnatural Selection
A/Darwin/1760/2025	Anasazi	#F47CC3	Journey's End
A/Darwin/1762/2025	Clyde Bruckman's Final Repose	#9E9E9E	Q Who
A/Darwin/1764/2025	Field Trip	#FFD23F	Family
A/Darwin/1765/2025	The End	#C48A5A	11001001
A/Darwin/1766/2025	Elegy	#B084F5	Phantasms
A/Darwin/1767/2025	The End	#C48A5A	Up the Long Ladder
A/Darwin/1768/2025	Musings of a Cigarette Smoking Man	#FF9F40	The Price
A/Darwin/1770/2025	The End	#C48A5A	The Arsenal of Freedom
A/Darwin/1772/2025	Field Trip	#FFD23F	Up the Long Ladder
A/Darwin/1773/2025	Clyde Bruckman's Final Repose	#9E9E9E	Phantasms
A/Darwin/1781/2025	The End	#C48A5A	The Price
A/Darwin/1782/2025	The Walk	#4CCB7F	The Price
A/Darwin/1785/2025	Field Trip	#FFD23F	Up the Long Ladder
A/Darwin/1786/2025	The Walk	#4CCB7F	Family
A/Darwin/1788/2025	Jose Chung's From Outer Space	#3FD5D0	Unnatural Selection
A/Darwin/1790/2025	Hollywood A.D.	#6BA3E6	Family
A/Darwin/1791/2025	The Walk	#4CCB7F	Up the Long Ladder
A/Darwin/1796/2025	Ghouli	#FF6F69	Unnatural Selection
A/Darwin/1798/2025	The End	#C48A5A	Up the Long Ladder
A/Darwin/1810/2025	Hollywood A.D.	#6BA3E6	The Price
A/Darwin/1814/2025	The End	#C48A5A	Journey's End
A/Darwin/1823/2025	Field Trip	#FFD23F	Journey's End
A/Darwin/1852/2025	Musings of a Cigarette Smoking Man	#FF9F40	The Price
A/Darwin/2022/2025	Ghouli	#FF6F69	Unnatural Selection
A/Darwin/2023/2025	Anasazi	#F47CC3	11001001
A/Darwin/2031/2025	Jose Chung's From Outer Space	#3FD5D0	Phantasms
A/Darwin/2038/2025	Clyde Bruckman's Final Repose	#9E9E9E	Journey's End
A/Darwin/2098/2025	Hollywood A.D.	#6BA3E6	The Price
A/Darwin/2099/2025	Ghouli	#FF6F69	Unnatural Selection
A/Darwin/2100/2025	Field Trip	#FFD23F	The Price
A/Darwin/2101/2025	The Walk	#4CCB7F	The Price
A/Darwin/2147/2025	Musings of a Cigarette Smoking Man	#FF9F40	The Arsenal of Freedom
A/Darwin/344/2023_MDCK1	Field Trip	#FFD23F	Unnatural Selection
A/Darwin/6/2021_S2	The End	#C48A5A	Up the Long Ladder
A/Darwin/985/2025	Jose Chung's From Outer Space	#3FD5D0	Up the Long Ladder
A/Darwin/986/2025	Elegy	#B084F5	The Arsenal of Freedom
A/Delaware/0005/2025	Jose Chung's From Outer Space	#3FD5D0	Unnatural Selection
A/Delaware/0006/2025	Jose Chung's From Outer Space	#3FD5D0	Q Who
A/Delaware/78/2025	Hollywood A.D.	#6BA3E6	11001001
A/Delaware/81/2025	Elegy	#B084F5	The Arsenal of Freedom
A/Delaware/82/2025	Field Trip	#FFD23F	Up the Long Ladder
A/Delaware/83/2025	Elegy	#B084F5	11001001
A/Denmark/1296/2025	Jose Chung's From Outer Space	#3FD5D0	The Arsenal of Freedom
A/Denmark/1308/2025	Hollywood A.D.	#6BA3E6	Conundrum
A/Denmark/2198/2025	Field Trip	#FFD23F	Unnatural Selection
A/Denmark/2314/2024	The End	#C48A5A	Unnatural Selection
A/Denmark/2458/2025	Musings of a Cigarette Smoking Man	#FF9F40	Journey's End
A/Denmark/2858/2025	The Walk	#4CCB7F	11001001
A/Denmark/2872/2025	The End	#C48A5A	The Price
A/Denmark/3124/2025	Ghouli	#FF6F69	Conundrum
A/Denmark/3190/2025	Clyde Bruckman's Final Repose	#9E9E9E	The Price
A/Denmark/3204/2025	Hollywood A.D.	#6BA3E6	Unnatural Selection
A/Denmark/3220/2025	Anasazi	#F47CC3	Journey's End
A/Denmark/3225/2025	The End	#C48A5A	Family
A/Denmark/3226/2025	The Walk	#4CCB7F	Unnatural Selection
A/Denmark/3237/2025	Ghouli	#FF6F69	11001001
A/Denmark/3263/2019	Elegy	#B084F5	Conundrum
A/Denmark/3266/2025	Anasazi	#F47CC3	Phantasms
A/Denmark/3278/2025	Elegy	#B084F5	Unnatural Selection
A/Denmark/3282/2025	The End	#C48A5A	Family
A/Denmark/3300/2025	Ghouli	#FF6F69	The Arsenal of Freedom
A/Denmark/3305/2025	Musings of a Cigarette Smoking Man	#FF9F40	Journey's End
A/Denmark/3312/2025	Ghouli	#FF6F69	Unnatural Selection
A/Denmark/3314/2025	Field Trip	#FFD23F	Unnatural Selection
A/Denmark/3316/2025	Anasazi	#F47CC3	Conundrum
A/Denmark/3317/2025	Clyde Bruckman's Final Repose	#9E9E9E	11001001
A/Denmark/3320/2025	Hollywood A.D.	#6BA3E6	Family
A/Denmark/3326/2025	Musings of a Cigarette Smoking Man	#FF9F40	Family
A/Denmark/3327/2025	Elegy	#B084F5	Family
A/Denmark/3337/2025	Anasazi	#F47CC3	Up the Long Ladder
A/Denmark/3351/2025	Clyde Bruckman's Final Repose	#9E9E9E	Up the Long Ladder
A/Denmark/3384/2025	Anasazi	#F47CC3	Family
A/Denmark/3385/2025	Field Trip	#FFD23F	Family
A/Denmark/3393/2025	Field Trip	#FFD23F	Up the Long Ladder
A/Denmark/3407/2025	Elegy	#B084F5	The Arsenal of Freedom
A/Denmark/3412/2025	Clyde Bruckman's Final Repose	#9E9E9E	Family
A/Denmark/3426/2025	Clyde Bruckman's Final Repose	#9E9E9E	The Arsenal of Freedom
A/Denmark/3431/2025	Anasazi	#F47CC3	11001001
A/Denmark/3440/2025	The End	#C48A5A	The Price
A/Denmark/3442/2025	Anasazi	#F47CC3	The Price
A/Denmark/3443/2025	Field Trip	#FFD23F	Up the Long Ladder
A/Denmark/3445/2025	Field Trip	#FFD23F	The Price
A/Denmark/3449/2025	The Walk	#4CCB7F	Unnatural Selection
A/Denmark/3473/2025	Ghouli	#FF6F69	The Arsenal of Freedom
A/Denmark/3477/2025	Field Trip	#FFD23F	Q Who
A/Denmark/3481/2025	The Walk	#4CCB7F	Up the Long Ladder
A/Denmark/3485/2025	Field Trip	#FFD23F	Conundrum
A/Denmark/3488/2025	Elegy	#B084F5	Unnatural Selection
A/Denmark/3490/2025	Musings of a Cigarette Smoking Man	#FF9F40	The Price
A/Denmark/3493/2025	Ghouli	#FF6F69	11001001
A/Denmark/47/2022	The Walk	#4CCB7F	11001001
A/DistrictOfColumbia/40/2025	Jose Chung's From Outer Space	#3FD5D0	Q Who
A/DistrictOfColumbia/55/2025	Jose Chung's From Outer Space	#3FD5D0	Q Who
A/DistrictOfColumbia/57/2025	Anasazi	#F47CC3	Family
A/DistrictOfColumbia/58/2025	Ghouli	#FF6F69	The Price
A/DistrictOfColumbia/60/2025	Ghouli	#FF6F69	Up the Long Ladder
A/DistritoFederal/240802002201/2024	Elegy	#B084F5	Unnatural Selection
A/DistritoFederal/240802002328/2024	Anasazi	#F47CC3	Up the Long Ladder
A/DistritoFederal/2435715302/2024	The End	#C48A5A	The Arsenal of Freedom
A/DistritoFederal/2442015301/2024	Field Trip	#FFD23F	Q Who
A/DistritoFederal/250106000672/2025	Elegy	#B084F5	Journey's End
A/DistritoFederal/250106000706/2025	Field Trip	#FFD23F	The Price
A/DistritoFederal/250106000728/2025	Anasazi	#F47CC3	The Arsenal of Freedom
A/DistritoFederal/250106000771/2025	Elegy	#B084F5	Journey's End
A/DistritoFederal/250106000774/2025	Clyde Bruckman's Final Repose	#9E9E9E	Q Who
A/DistritoFederal/250106000788/2025	Hollywood A.D.	#6BA3E6	Up the Long Ladder
A/DistritoFederal/250106000800/2025	Elegy	#B084F5	Journey's End
A/DistritoFederal/250106000862/2025	Clyde Bruckman's Final Repose	#9E9E9E	Conundrum
A/DistritoFederal/250106000880/2025	The Walk	#4CCB7F	The Price
A/DistritoFederal/250106000901/2025	Ghouli	#FF6F69	The Arsenal of Freedom
A/DistritoFederal/250134000060/2025	Elegy	#B084F5	The Arsenal of Freedom
A/DistritoFederal/250134000178/2025	The Walk	#4CCB7F	Conundrum
A/DistritoFederal/250203000219/2025	Field Trip	#FFD23F	Unnatural Selection
A/DistritoFederal/250324001407/2025	Musings of a Cigarette Smoking Man	#FF9F40	Conundrum
A/DistritoFederal/250324001477/2025	Musings of a Cigarette Smoking Man	#FF9F40	The Arsenal of Freedom
A/DistritoFederal/250503003578/2025	Hollywood A.D.	#6BA3E6	11001001
A/DistritoFederal/250503003748/2025	Anasazi	#F47CC3	Phantasms
A/DistritoFederal/250503004046/2025	The End	#C48A5A	11001001
A/DistritoFederal/250503004247/2025	Ghouli	#FF6F69	Q Who
A/DistritoFederal/250503004303/2025	Anasazi	#F47CC3	The Arsenal of Freedom
A/DistritoFederal/250503004555/2025	Jose Chung's From Outer Space	#3FD5D0	Family
A/DistritoFederal/250503004676/2025	Jose Chung's From Outer Space	#3FD5D0	The Price
A/DistritoFederal/250503004746/2025	The End	#C48A5A	Journey's End
A/DistritoFederal/250503004826/2025	Field Trip	#FFD23F	Unnatural Selection
A/DistritoFederal/250503004830/2025	Ghouli	#FF6F69	Unnatural Selection
A/DistritoFederal/250503005364/2025	The Walk	#4CCB7F	Q Who
A/DistritoFederal/250603003111/2025	Field Trip	#FFD23F	Journey's End
A/DistritoFederal/250603003385/2025	Musings of a Cigarette Smoking Man	#FF9F40	Up the Long Ladder
A/DistritoFederal/250603004018/2025	Musings of a Cigarette Smoking Man	#FF9F40	Up the Long Ladder
A/DistritoFederal/250802002233/2025	Field Trip	#FFD23F	The Arsenal of Freedom
A/DistritoFederal/250905002921/2025	Clyde Bruckman's Final Repose	#9E9E9E	Conundrum
A/DistritoFederal/250905003150/2025	Musings of a Cigarette Smoking Man	#FF9F40	Journey's End
A/DistritoFederal/251016000114/2025	Anasazi	#F47CC3	The Arsenal of Freedom
A/DistritoFederal/251016000178/2025	The End	#C48A5A	Up the Long Ladder
A/DistritoFederal/251016000201/2025	Jose Chung's From Outer Space	#3FD5D0	Conundrum
A/DistritoFederal/2511141101/2025	Hollywood A.D.	#6BA3E6	Up the Long Ladder
A/DistritoFederal/2561406701/2025	Anasazi	#F47CC3	Unnatural Selection
A/DistritoFederal/2562022901/2025	The Walk	#4CCB7F	11001001
A/DistritoFederal/2563507203/2025	The End	#C48A5A	Journey's End
A/DistritoFederal/2563520601/2025	Clyde Bruckman's Final Repose	#9E9E9E	Q Who
A/DistritoFederal/2565676001/2025	Jose Chung's From Outer Space	#3FD5D0	Phantasms
A/DistritoFederal/2565927001/2025	Ghouli	#FF6F69	Conundrum
A/DistritoFederal/2566436801/2025	The End	#C48A5A	11001001
A/DistritoFederal/2567997901/2025	Hollywood A.D.	#6BA3E6	11001001
A/DistritoFederal/2568356301/2025	Elegy	#B084F5	The Price
A/DistritoFederal/2568724301/2025	The End	#C48A5A	11001001
A/DistritoFederal/2568922101/2025	The Walk	#4CCB7F	11001001
A/DistritoFederal/2569415401/2025	Elegy	#B084F5	The Arsenal of Freedom
A/DistritoFederal/2569473407/2025	Anasazi	#F47CC3	Family
A/DistritoFederal/2571355701/2025	Elegy	#B084F5	Journey's End
A/DistritoFederal/2575405004/2025	Hollywood A.D.	#6BA3E6	11001001
A/DistritoFederal/2576654501/2025	Clyde Bruckman's Final Repose	#9E9E9E	Phantasms
A/DistritoFederal/2576737806/2025	Clyde Bruckman's Final Repose	#9E9E9E	Conundrum
A/DistritoFederal/2577964301/2025	The End	#C48A5A	Family
A/DistritoFederal/2578578201/2025	Ghouli	#FF6F69	Q Who
A/DistritoFederal/2578825701/2025	Hollywood A.D.	#6BA3E6	The Arsenal of Freedom
A/DistritoFederal/2579290801/2025	Anasazi	#F47CC3	Q Who
A/DistritoFederal/2580685701/2025	The Walk	#4CCB7F	Conundrum
A/DistritoFederal/2581327601/2025	Jose Chung's From Outer Space	#3FD5D0	Phantasms
A/DistritoFederal/2581895401/2025	Field Trip	#FFD23F	The Arsenal of Freedom
A/DistritoFederal/2582608001/2025	The Walk	#4CCB7F	11001001
A/DistritoFederal/2582899401/2025	Ghouli	#FF6F69	Unnatural Selection
A/DistritoFederal/2583706202/2025	Elegy	#B084F5	Unnatural Selection
A/DistritoFederal/2583948702/2025	Jose Chung's From Outer Space	#3FD5D0	Q Who
A/DistritoFederal/2585490701/2025	Hollywood A.D.	#6BA3E6	Journey's End
A/DistritoFederal/2585884404/2025	The End	#C48A5A	Q Who
A/DistritoFederal/2586192001/2025	Elegy	#B084F5	11001001
A/DistritoFederal/2586619901/2025	The Walk	#4CCB7F	Up the Long Ladder
A/DistritoFederal/2587292506/2025	Clyde Bruckman's Final Repose	#9E9E9E	Q Who
A/DistritoFederal/2587462205/2025	Hollywood A.D.	#6BA3E6	Family
A/DistritoFederal/2588553101/2025	Ghouli	#FF6F69	The Price
A/DistritoFederal/2589588303/2025	Jose Chung's From Outer Space	#3FD5D0	Family
A/DistritoFederal/2589712105/2025	Clyde Bruckman's Final Repose	#9E9E9E	Up the Long Ladder
A/DistritoFederal/2590230701/2025	Elegy	#B084F5	Phantasms
A/DistritoFederal/2590658802/2025	Ghouli	#FF6F69	Unnatural Selection
A/DistritoFederal/2591027101/2025	Musings of a Cigarette Smoking Man	#FF9F40	Up the Long Ladder
A/DistritoFederal/2591218301/2025	Anasazi	#F47CC3	Unnatural Selection
A/DistritoFederal/2591465101/2025	Musings of a Cigarette Smoking Man	#FF9F40	Q Who
A/DistritoFederal/2591528504/2025	Field Trip	#FFD23F	11001001
A/DistritoFederal/2593897805/2025	Hollywood A.D.	#6BA3E6	The Price
A/DistritoFederal/2594226701/2025	Clyde Bruckman's Final Repose	#9E9E9E	The Arsenal of Freedom
A/DistritoFederal/2594734201/2025	Anasazi	#F47CC3	Phantasms
A/DistritoFederal/2594735601/2025	Hollywood A.D.	#6BA3E6	The Arsenal of Freedom
A/DistritoFederal/2594838601/2025	The Walk	#4CCB7F	Unnatural Selection
A/DistritoFederal/2594906604/2025	The End	#C48A5A	Journey's End
A/DistritoFederal/2594942501/2025	Ghouli	#FF6F69	Phantasms
A/DistritoFederal/2595324501/2025	Anasazi	#F47CC3	The Price
A/DistritoFederal/2596297201/2025	Elegy	#B084F5	Journey's End
A/DistritoFederal/2596351201/2025	The Walk	#4CCB7F	Up the Long Ladder
A/DistritoFederal/2598014201/2025	The End	#C48A5A	Up the Long Ladder
A/DistritoFederal/2598140701/2025	Anasazi	#F47CC3	Up the Long Ladder
A/DistritoFederal/2598321801/2025	Jose Chung's From Outer Space	#3FD5D0	Conundrum
A/DistritoFederal/2598518604/2025	The End	#C48A5A	Q Who
A/DistritoFederal/2598875601/2025	Hollywood A.D.	#6BA3E6	The Arsenal of Freedom
A/DistritoFederal/2599204904/2025	Elegy	#B084F5	Up the Long Ladder
A/DistritoFederal/2599321401/2025	Anasazi	#F47CC3	Unnatural Selection
A/DistritoFederal/2599873101/2025	Jose Chung's From Outer Space	#3FD5D0	Family
A/DistritoFederal/2600155301/2025	Elegy	#B084F5	Journey's End
A/DistritoFederal/2600549501/2025	The End	#C48A5A	Conundrum
A/DistritoFederal/2601903601/2025	Elegy	#B084F5	Up the Long Ladder
A/DistritoFederal/2601977101/2025	Jose Chung's From Outer Space	#3FD5D0	Unnatural Selection
A/DistritoFederal/2602287201/2025	Elegy	#B084F5	The Arsenal of Freedom
A/DistritoFederal/2603096301/2025	Ghouli	#FF6F69	Unnatural Selection
A/DistritoFederal/2603391701/2025	Jose Chung's From Outer Space	#3FD5D0	Conundrum
A/DistritoFederal/2603754201/2025	The End	#C48A5A	Unnatural Selection
A/DistritoFederal/2604270005/2025	The Walk	#4CCB7F	Up the Long Ladder
A/DistritoFederal/2605070602/2025	Musings of a Cigarette Smoking Man	#FF9F40	Phantasms
A/DistritoFederal/2605422705/2025	Jose Chung's From Outer Space	#3FD5D0	Unnatural Selection
A/DistritoFederal/2605662004/2025	Field Trip	#FFD23F	Phantasms
A/DistritoFederal/2605983705/2025	Anasazi	#F47CC3	Journey's End
A/DistritoFederal/2606013001/2025	Musings of a Cigarette Smoking Man	#FF9F40	Q Who
A/DistritoFederal/2606282601/2025	Jose Chung's From Outer Space	#3FD5D0	The Arsenal of Freedom
A/DistritoFederal/2606302201/2025	Hollywood A.D.	#6BA3E6	Unnatural Selection
A/DistritoFederal/2607088901/2025	Ghouli	#FF6F69	Conundrum
A/DistritoFederal/2607708002/2025	Field Trip	#FFD23F	Conundrum
A/DistritoFederal/2608017101/2025	Clyde Bruckman's Final Repose	#9E9E9E	Journey's End
A/DistritoFederal/2608555301/2025	Musings of a Cigarette Smoking Man	#FF9F40	The Price
A/DistritoFederal/2608751706/2025	Musings of a Cigarette Smoking Man	#FF9F40	Phantasms
A/DistritoFederal/2608770201/2025	Field Trip	#FFD23F	Family
A/DistritoFederal/2608831101/2025	Anasazi	#F47CC3	The Arsenal of Freedom
A/DistritoFederal/2608853404/2025	Hollywood A.D.	#6BA3E6	Phantasms
A/DistritoFederal/2608988501/2025	Ghouli	#FF6F69	Phantasms
A/DistritoFederal/2609276501/2025	Hollywood A.D.	#6BA3E6	Phantasms
A/DistritoFederal/2609375701/2025	Field Trip	#FFD23F	Up the Long Ladder
A/DistritoFederal/2609980405/2025	Musings of a Cigarette Smoking Man	#FF9F40	Q Who
A/DistritoFederal/2610587201/2025	Elegy	#B084F5	11001001
A/DistritoFederal/2611699004/2025	Clyde Bruckman's Final Repose	#9E9E9E	11001001
A/DistritoFederal/2612003702/2025	Jose Chung's From Outer Space	#3FD5D0	Q Who
A/DistritoFederal/2612037301/2025	Musings of a Cigarette Smoking Man	#FF9F40	Family
A/DistritoFederal/2612516001/2025	Jose Chung's From Outer Space	#3FD5D0	Journey's End
A/DistritoFederal/2612592201/2025	Jose Chung's From Outer Space	#3FD5D0	Conundrum
A/DistritoFederal/2613724804/2025	Elegy	#B084F5	Family
A/DistritoFederal/2614250601/2025	Clyde Bruckman's Final Repose	#9E9E9E	Conundrum
A/DistritoFederal/2614325901/2025	The Walk	#4CCB7F	The Price
A/DistritoFederal/2614510501/2025	The End	#C48A5A	Conundrum
A/DistritoFederal/2614645303/2025	Elegy	#B084F5	11001001
A/DistritoFederal/2614780505/2025	Field Trip	#FFD23F	Phantasms
A/DistritoFederal/2615109404/2025	The Walk	#4CCB7F	Journey's End
A/DistritoFederal/2615450101/2025	Jose Chung's From Outer Space	#3FD5D0	Conundrum
A/DistritoFederal/2615495701/2025	Ghouli	#FF6F69	Phantasms
A/DistritoFederal/2616017101/2025	The End	#C48A5A	Q Who
A/DistritoFederal/2616358205/2025	Musings of a Cigarette Smoking Man	#FF9F40	Up the Long Ladder
A/DistritoFederal/2617056401/2025	Anasazi	#F47CC3	Conundrum
A/DistritoFederal/2617323902/2025	The End	#C48A5A	The Arsenal of Freedom
A/DistritoFederal/2617455302/2025	Hollywood A.D.	#6BA3E6	Q Who
A/DistritoFederal/5797/2025	Ghouli	#FF6F69	Q Who
A/DistritoFederal/5798/2025	The End	#C48A5A	The Arsenal of Freedom
A/DistritoFederal/5799/2025	Field Trip	#FFD23F	Q Who
A/DistritoFederal/5800/2025	Anasazi	#F47CC3	Q Who
A/DistritoFederal/5801/2025	Field Trip	#FFD23F	The Arsenal of Freedom
A/DistritoFederal/5802/2025	Field Trip	#FFD23F	The Arsenal of Freedom
A/DistritoFederal/5803/2025	Clyde Bruckman's Final Repose	#9E9E9E	Q Who
A/DistritoFederal/5804/2025	Ghouli	#FF6F69	11001001
A/DistritoFederal/5805/2025	Ghouli	#FF6F69	Unnatural Selection
A/DistritoFederal/5806/2025	Field Trip	#FFD23F	The Price
A/DistritoFederal/5807/2025	Musings of a Cigarette Smoking Man	#FF9F40	Up the Long Ladder
A/DistritoFederal/5808/2025	Jose Chung's From Outer Space	#3FD5D0	Q Who
A/DistritoFederal/5809/2025	Clyde Bruckman's Final Repose	#9E9E9E	Q Who
A/DistritoFederal/5810/2025	Hollywood A.D.	#6BA3E6	Journey's End
A/DistritoFederal/5811/2025	Clyde Bruckman's Final Repose	#9E9E9E	Unnatural Selection
A/DistritoFederal/5812/2025	Clyde Bruckman's Final Repose	#9E9E9E	11001001
A/DistritoFederal/5813/2025	Jose Chung's From Outer Space	#3FD5D0	Journey's End
A/DistritoFederal/5814/2025	Clyde Bruckman's Final Repose	#9E9E9E	Conundrum
A/DistritoFederal/5815/2025	Clyde Bruckman's Final Repose	#9E9E9E	The Arsenal of Freedom
A/DistritoFederal/5816/2025	Hollywood A.D.	#6BA3E6	Q Who
A/DistritoFederal/5817/2025	Field Trip	#FFD23F	Unnatural Selection
A/DistritoFederal/5818/2025	Jose Chung's From Outer Space	#3FD5D0	Up the Long Ladder
A/DistritoFederal/5819/2025	Musings of a Cigarette Smoking Man	#FF9F40	Up the Long Ladder
A/DistritoFederal/5820/2025	Clyde Bruckman's Final Repose	#9E9E9E	Journey's End
A/DistritoFederal/5822/2025	Ghouli	#FF6F69	11001001
A/DistritoFederal/5823/2025	Musings of a Cigarette Smoking Man	#FF9F40	Phantasms
A/DistritoFederal/5824/2025	Jose Chung's From Outer Space	#3FD5D0	Conundrum
A/DistritoFederal/5825/2025	The Walk	#4CCB7F	Up the Long Ladder
A/DistritoFederal/5826/2025	Musings of a Cigarette Smoking Man	#FF9F40	Unnatural Selection
A/DistritoFederal/5827/2025	Anasazi	#F47CC3	Conundrum
A/DistritoFederal/5828/2025	Clyde Bruckman's Final Repose	#9E9E9E	Up the Long Ladder
A/DistritoFederal/5829/2025	Musings of a Cigarette Smoking Man	#FF9F40	11001001
A/DistritoFederal/5830/2025	Jose Chung's From Outer Space	#3FD5D0	11001001
A/DistritoFederal/5831/2025	Elegy	#B084F5	Family
A/DistritoFederal/5832/2025	Field Trip	#FFD23F	Unnatural Selection
A/DistritoFederal/5833/2025	The Walk	#4CCB7F	Family
A/DistritoFederal/5834/2025	Hollywood A.D.	#6BA3E6	11001001
A/DistritoFederal/5835/2025	Hollywood A.D.	#6BA3E6	Journey's End
A/DistritoFederal/5836/2025	Musings of a Cigarette Smoking Man	#FF9F40	Conundrum
A/DistritoFederal/5837/2025	Jose Chung's From Outer Space	#3FD5D0	The Price
A/DistritoFederal/5838/2025	Hollywood A.D.	#6BA3E6	The Price
A/DistritoFederal/5839/2025	Clyde Bruckman's Final Repose	#9E9E9E	Journey's End
A/DistritoFederal/5840/2025	The End	#C48A5A	Q Who
A/DistritoFederal/5841/2025	Anasazi	#F47CC3	The Price
A/DistritoFederal/5842/2025	The Walk	#4CCB7F	Family
A/DistritoFederal/5843/2025	Hollywood A.D.	#6BA3E6	The Arsenal of Freedom
A/DistritoFederal/5844/2025	Elegy	#B084F5	Family
A/DistritoFederal/5845/2025	Clyde Bruckman's Final Repose	#9E9E9E	Journey's End
A/DistritoFederal/5846/2025	Hollywood A.D.	#6BA3E6	Up the Long Ladder
A/DistritoFederal/5847/2025	Hollywood A.D.	#6BA3E6	Q Who
A/DistritoFederal/5848/2025	Anasazi	#F47CC3	Family
A/DistritoFederal/5849/2025	Clyde Bruckman's Final Repose	#9E9E9E	Conundrum
A/DistritoFederal/5850/2025	Clyde Bruckman's Final Repose	#9E9E9E	Journey's End
A/DistritoFederal/5851/2025	Jose Chung's From Outer Space	#3FD5D0	The Arsenal of Freedom
A/DistritoFederal/5852/2025	Anasazi	#F47CC3	Unnatural Selection
A/DistritoFederal/5853/2025	Hollywood A.D.	#6BA3E6	Journey's End
A/DistritoFederal/5854/2025	Hollywood A.D.	#6BA3E6	11001001
A/DistritoFederal/5855/2025	Anasazi	#F47CC3	11001001
A/DistritoFederal/5856/2025	Field Trip	#FFD23F	Family
A/DistritoFederal/5857/2025	Jose Chung's From Outer Space	#3FD5D0	The Arsenal of Freedom
A/DistritoFederal/5858/2025	Clyde Bruckman's Final Repose	#9E9E9E	Unnatural Selection
A/DistritoFederal/5859/2025	The End	#C48A5A	Up the Long Ladder
A/DistritoFederal/5860/2025	Hollywood A.D.	#6BA3E6	Up the Long Ladder
A/DistritoFederal/5861/2025	The Walk	#4CCB7F	The Arsenal of Freedom
A/DistritoFederal/5862/2025	Anasazi	#F47CC3	Q Who
A/DistritoFederal/5863/2025	Hollywood A.D.	#6BA3E6	Conundrum
A/DistritoFederal/5864/2025	Elegy	#B084F5	Phantasms
A/DistritoFederal/5865/2025	Ghouli	#FF6F69	Unnatural Selection
A/DistritoFederal/5866/2025	Anasazi	#F47CC3	Conundrum
A/DistritoFederal/5868/2025	Anasazi	#F47CC3	11001001
A/DistritoFederal/5869/2025	Musings of a Cigarette Smoking Man	#FF9F40	The Arsenal of Freedom
A/DistritoFederal/5870/2025	Field Trip	#FFD23F	Up the Long Ladder
A/DistritoFederal/5871/2025	The End	#C48A5A	11001001
A/DistritoFederal/5872/2025	The Walk	#4CCB7F	Q Who
A/DistritoFederal/5873/2025	Hollywood A.D.	#6BA3E6	Q Who
A/DistritoFederal/5874/2025	Elegy	#B084F5	11001001
A/DistritoFederal/5875/2025	Anasazi	#F47CC3	Journey's End
A/DistritoFederal/5876/2025	The Walk	#4CCB7F	Q Who
A/DistritoFederal/5877/2025	Clyde Bruckman's Final Repose	#9E9E9E	Phantasms
A/DistritoFederal/5878/2025	Clyde Bruckman's Final Repose	#9E9E9E	The Price
A/DistritoFederal/5879/2025	Hollywood A.D.	#6BA3E6	Conundrum
A/DistritoFederal/5880/2025	Field Trip	#FFD23F	Conundrum
A/DistritoFederal/5881/2025	Jose Chung's From Outer Space	#3FD5D0	Conundrum
A/DistritoFederal/5882/2025	The Walk	#4CCB7F	Unnatural Selection
A/DistritoFederal/LEIAL6899/2025	Jose Chung's From Outer Space	#3FD5D0	The Price
A/DistritoFederal/LEIAL6900/2025	The End	#C48A5A	Family
A/DistritoFederal/LEIAL6901/2025	Field Trip	#FFD23F	The Arsenal of Freedom
A/DistritoFederal/LEIAL6902/2025	Musings of a Cigarette Smoking Man	#FF9F40	11001001
A/DistritoFederal/LEIAL6903/2025	Hollywood A.D.	#6BA3E6	The Arsenal of Freedom
A/DistritoFederal/LEIAL6904/2025	Hollywood A.D.	#6BA3E6	Unnatural Selection
A/DistritoFederal/LEIAL6905/2025	Hollywood A.D.	#6BA3E6	The Price
A/Douala/23V-8444/2023	Jose Chung's From Outer Space	#3FD5D0	Q Who
A/Dourados/LEIAL6888/2025	The Walk	#4CCB7F	The Price
A/Dunedin/04/2025	Elegy	#B084F5	Up the Long Ladder
A/Dunedin/05/2025	Hollywood A.D.	#6BA3E6	Conundrum
A/Dunedin/06/2025	Jose Chung's From Outer Space	#3FD5D0	11001001
A/Dunedin/07/2025	Jose Chung's From Outer Space	#3FD5D0	Conundrum
A/Dunedin/08/2025	Ghouli	#FF6F69	Conundrum
A/Dunedin/09/2025	The Walk	#4CCB7F	Up the Long Ladder
A/Dunedin/10/2025	Ghouli	#FF6F69	Journey's End
A/Dunedin/11/2025	Jose Chung's From Outer Space	#3FD5D0	Journey's End
A/Dwyran/6621/2025	Musings of a Cigarette Smoking Man	#FF9F40	Family
A/EHIME/27/2025	Ghouli	#FF6F69	Up the Long Ladder
A/EbbwVale/0023/2025	Anasazi	#F47CC3	The Price
A/Ecuador/6623/2025	Clyde Bruckman's Final Repose	#9E9E9E	Journey's End
A/Egypt/2154967/2025	Hollywood A.D.	#6BA3E6	The Arsenal of Freedom
A/Egypt/2160415/2025	Anasazi	#F47CC3	Family
A/Egypt/48/2024	Ghouli	#FF6F69	Unnatural Selection
A/Egypt/UBGSRCPHL-040126-55/2025	Ghouli	#FF6F69	The Price
A/Egypt/UBGSRCPHL-251225-66/2025	Anasazi	#F47CC3	Family
A/England/01822251/2025	Musings of a Cigarette Smoking Man	#FF9F40	The Arsenal of Freedom
A/England/01822253/2025	Musings of a Cigarette Smoking Man	#FF9F40	The Arsenal of Freedom
A/England/01822255/2025	Clyde Bruckman's Final Repose	#9E9E9E	Up the Long Ladder
A/England/01825797/2025	Jose Chung's From Outer Space	#3FD5D0	Phantasms
A/England/01825798/2025	The Walk	#4CCB7F	Phantasms
A/England/01825799/2025	Ghouli	#FF6F69	Journey's End
A/England/01837727/2025	Ghouli	#FF6F69	Phantasms
A/England/01837730/2025	Musings of a Cigarette Smoking Man	#FF9F40	Journey's End
A/England/01837731/2025	Anasazi	#F47CC3	Q Who
A/England/01837734/2025	Anasazi	#F47CC3	Q Who
A/England/01837737/2025	Elegy	#B084F5	Q Who
A/England/01837738/2025	Jose Chung's From Outer Space	#3FD5D0	Conundrum
A/England/01837739/2025	Elegy	#B084F5	Unnatural Selection
A/England/01837749/2025	Anasazi	#F47CC3	Conundrum
A/England/01837750/2025	Jose Chung's From Outer Space	#3FD5D0	Unnatural Selection
A/England/01837751/2025	Anasazi	#F47CC3	Family
A/England/01837752/2025	Jose Chung's From Outer Space	#3FD5D0	Conundrum
A/England/01837753/2025	Musings of a Cigarette Smoking Man	#FF9F40	Family
A/England/01837755/2025	The Walk	#4CCB7F	Up the Long Ladder
A/England/01837756/2025	The Walk	#4CCB7F	Phantasms
A/England/01837757/2025	Clyde Bruckman's Final Repose	#9E9E9E	Journey's End
A/England/01837758/2025	Hollywood A.D.	#6BA3E6	Unnatural Selection
A/England/01837759/2025	Elegy	#B084F5	Unnatural Selection
A/England/01837761/2025	Ghouli	#FF6F69	Phantasms
A/England/01837764/2025	Clyde Bruckman's Final Repose	#9E9E9E	Up the Long Ladder
A/England/01837765/2025	Anasazi	#F47CC3	11001001
A/England/01841941/2025	The Walk	#4CCB7F	Phantasms
A/England/01841943/2025	Field Trip	#FFD23F	Phantasms
A/England/01841944/2025	The End	#C48A5A	Phantasms
A/England/01841945/2025	Anasazi	#F47CC3	11001001
A/England/01841947/2025	Anasazi	#F47CC3	Family
A/England/01841948/2025	Ghouli	#FF6F69	Conundrum
A/England/01841950/2025	Clyde Bruckman's Final Repose	#9E9E9E	The Arsenal of Freedom
A/England/01841952/2025	The End	#C48A5A	The Price
A/England/01841953/2025	Elegy	#B084F5	Family
A/England/01841954/2025	Hollywood A.D.	#6BA3E6	Unnatural Selection
A/England/01841955/2025	The End	#C48A5A	Conundrum
A/England/01841956/2025	Hollywood A.D.	#6BA3E6	The Arsenal of Freedom
A/England/01841957/2025	Clyde Bruckman's Final Repose	#9E9E9E	Journey's End
A/England/01841958/2025	Field Trip	#FFD23F	The Arsenal of Freedom
A/England/01841960/2025	Elegy	#B084F5	Family
A/England/01841961/2025	Hollywood A.D.	#6BA3E6	Family
A/England/01841962/2025	Elegy	#B084F5	The Price
A/England/01841963/2025	Anasazi	#F47CC3	11001001
A/England/01841964/2025	Clyde Bruckman's Final Repose	#9E9E9E	Family
A/England/01841965/2025	Anasazi	#F47CC3	Unnatural Selection
A/England/01841966/2025	Ghouli	#FF6F69	The Arsenal of Freedom
A/England/01841967/2025	Hollywood A.D.	#6BA3E6	The Price
A/England/01841968/2025	The Walk	#4CCB7F	Journey's End
A/England/01841969/2025	Field Trip	#FFD23F	Journey's End
A/England/01841971/2025	Hollywood A.D.	#6BA3E6	Conundrum
A/England/01841972/2025	Elegy	#B084F5	The Price
A/England/01841973/2025	Anasazi	#F47CC3	Conundrum
A/England/01841974/2025	Field Trip	#FFD23F	Q Who
A/England/01841975/2025	Anasazi	#F47CC3	Q Who
A/England/01841976/2025	Jose Chung's From Outer Space	#3FD5D0	The Arsenal of Freedom
A/England/01841977/2025	Hollywood A.D.	#6BA3E6	Phantasms
A/England/01841979/2025	Elegy	#B084F5	Family
A/England/01841980/2025	Musings of a Cigarette Smoking Man	#FF9F40	Phantasms
A/England/01841981/2025	Jose Chung's From Outer Space	#3FD5D0	The Arsenal of Freedom
A/England/01841982/2025	Elegy	#B084F5	Conundrum
A/England/01841983/2025	Musings of a Cigarette Smoking Man	#FF9F40	Journey's End
A/England/01841984/2025	Jose Chung's From Outer Space	#3FD5D0	Family
A/England/01841985/2025	The Walk	#4CCB7F	Up the Long Ladder
A/England/01841986/2025	The End	#C48A5A	Conundrum
A/England/01841987/2025	Field Trip	#FFD23F	The Arsenal of Freedom
A/England/01841988/2025	Clyde Bruckman's Final Repose	#9E9E9E	Q Who
A/England/01841989/2025	Ghouli	#FF6F69	The Price
A/England/01841991/2025	Anasazi	#F47CC3	Phantasms
A/England/01841993/2025	Hollywood A.D.	#6BA3E6	Phantasms
A/England/01841994/2025	The Walk	#4CCB7F	Phantasms
A/England/01841995/2025	The Walk	#4CCB7F	The Arsenal of Freedom
A/England/01841996/2025	Clyde Bruckman's Final Repose	#9E9E9E	11001001
A/England/01845706/2025	Field Trip	#FFD23F	The Arsenal of Freedom
A/England/01845707/2025	Musings of a Cigarette Smoking Man	#FF9F40	The Price
A/England/01845708/2025	Jose Chung's From Outer Space	#3FD5D0	11001001
A/England/01845709/2025	The Walk	#4CCB7F	Unnatural Selection
A/England/01845710/2025	Ghouli	#FF6F69	Up the Long Ladder
A/England/01845711/2025	Jose Chung's From Outer Space	#3FD5D0	The Arsenal of Freedom
A/England/01845712/2025	Hollywood A.D.	#6BA3E6	Family
A/England/01845713/2025	Ghouli	#FF6F69	The Arsenal of Freedom
A/England/01845714/2025	Hollywood A.D.	#6BA3E6	Up the Long Ladder
A/England/01845715/2025	Jose Chung's From Outer Space	#3FD5D0	The Price
A/England/01845716/2025	Hollywood A.D.	#6BA3E6	Up the Long Ladder
A/England/01845717/2025	Musings of a Cigarette Smoking Man	#FF9F40	Journey's End
A/England/01845718/2025	Jose Chung's From Outer Space	#3FD5D0	Phantasms
A/England/01845719/2025	Hollywood A.D.	#6BA3E6	Conundrum
A/England/01845720/2025	Elegy	#B084F5	The Price
A/England/01845721/2025	Jose Chung's From Outer Space	#3FD5D0	Phantasms
A/England/01845723/2025	Anasazi	#F47CC3	Unnatural Selection
A/England/01845724/2025	Hollywood A.D.	#6BA3E6	Up the Long Ladder
A/England/01845725/2025	The Walk	#4CCB7F	Conundrum
A/England/01845727/2025	Ghouli	#FF6F69	The Price
A/England/01845729/2025	The Walk	#4CCB7F	Up the Long Ladder
A/England/01845730/2025	Elegy	#B084F5	The Arsenal of Freedom
A/England/01845731/2025	Field Trip	#FFD23F	11001001
A/England/01845732/2025	The End	#C48A5A	Unnatural Selection
A/England/01845733/2025	Anasazi	#F47CC3	The Arsenal of Freedom
A/England/01850117/2025	Musings of a Cigarette Smoking Man	#FF9F40	Q Who
A/England/01850118/2025	The End	#C48A5A	11001001
A/England/01850120/2025	Hollywood A.D.	#6BA3E6	Unnatural Selection
A/England/01850122/2025	Field Trip	#FFD23F	Up the Long Ladder
A/England/01850125/2025	Musings of a Cigarette Smoking Man	#FF9F40	Family
A/England/01850126/2025	Ghouli	#FF6F69	Up the Long Ladder
A/England/01850127/2025	The End	#C48A5A	Journey's End
A/England/01850128/2025	Jose Chung's From Outer Space	#3FD5D0	11001001
A/England/01850129/2025	Ghouli	#FF6F69	The Price
A/England/01850131/2025	Field Trip	#FFD23F	Family
A/England/01850132/2025	Clyde Bruckman's Final Repose	#9E9E9E	11001001
A/England/01850135/2025	The End	#C48A5A	11001001
A/England/01850136/2025	Clyde Bruckman's Final Repose	#9E9E9E	The Price
A/England/01850137/2025	Elegy	#B084F5	Q Who
A/England/01850138/2025	Jose Chung's From Outer Space	#3FD5D0	11001001
A/England/01850139/2025	Jose Chung's From Outer Space	#3FD5D0	Family
A/England/01850140/2025	Hollywood A.D.	#6BA3E6	Q Who
A/England/01850141/2025	Elegy	#B084F5	11001001
A/England/01850142/2025	The Walk	#4CCB7F	The Arsenal of Freedom
A/England/01850143/2025	Elegy	#B084F5	The Price
A/England/01850145/2025	Jose Chung's From Outer Space	#3FD5D0	11001001
A/England/01850146/2025	Clyde Bruckman's Final Repose	#9E9E9E	Up the Long Ladder
A/England/01850147/2025	Hollywood A.D.	#6BA3E6	The Price
A/England/01850148/2025	Ghouli	#FF6F69	The Price
A/England/01850149/2025	Field Trip	#FFD23F	Journey's End
A/England/01850150/2025	The Walk	#4CCB7F	Q Who
A/England/01850151/2025	Field Trip	#FFD23F	Unnatural Selection
A/England/01850152/2025	The End	#C48A5A	Journey's End
A/England/01850153/2025	The End	#C48A5A	Conundrum
A/England/01850154/2025	Field Trip	#FFD23F	The Price
A/England/01850155/2025	Field Trip	#FFD23F	Phantasms
A/England/01850157/2025	Elegy	#B084F5	Unnatural Selection
A/England/01850158/2025	Hollywood A.D.	#6BA3E6	Q Who
A/England/01850159/2025	Elegy	#B084F5	Unnatural Selection
A/England/01850160/2025	The End	#C48A5A	11001001
A/England/01850162/2025	Musings of a Cigarette Smoking Man	#FF9F40	Family
A/England/01850164/2025	Ghouli	#FF6F69	Family
A/England/01850165/2025	Ghouli	#FF6F69	Journey's End
A/England/01850167/2025	Field Trip	#FFD23F	Conundrum
A/England/01850168/2025	The Walk	#4CCB7F	11001001
A/England/01850169/2025	The End	#C48A5A	Journey's End
A/England/01850170/2025	Clyde Bruckman's Final Repose	#9E9E9E	Q Who
A/England/01850171/2025	The End	#C48A5A	Journey's End
A/England/01850172/2025	The End	#C48A5A	Unnatural Selection
A/England/01850173/2025	Ghouli	#FF6F69	Journey's End
A/England/01850175/2025	The Walk	#4CCB7F	11001001
A/England/01850176/2025	Ghouli	#FF6F69	Phantasms
A/England/01850177/2025	Field Trip	#FFD23F	Conundrum
A/England/01850178/2025	Hollywood A.D.	#6BA3E6	Q Who
A/England/01850180/2025	Elegy	#B084F5	Unnatural Selection
A/England/01850181/2025	Elegy	#B084F5	Up the Long Ladder
A/England/01850182/2025	Jose Chung's From Outer Space	#3FD5D0	Family
A/England/01850183/2025	Elegy	#B084F5	Up the Long Ladder
A/England/01850184/2025	Jose Chung's From Outer Space	#3FD5D0	Conundrum
A/England/01850185/2025	Field Trip	#FFD23F	Phantasms
A/England/01850187/2025	Ghouli	#FF6F69	Conundrum
A/England/01850188/2025	Ghouli	#FF6F69	Journey's End
A/England/01850189/2025	Musings of a Cigarette Smoking Man	#FF9F40	11001001
A/England/01850190/2025	Elegy	#B084F5	Up the Long Ladder
A/England/01850191/2025	Jose Chung's From Outer Space	#3FD5D0	Unnatural Selection
A/England/01850204/2025	Musings of a Cigarette Smoking Man	#FF9F40	Family
A/England/01850205/2025	Musings of a Cigarette Smoking Man	#FF9F40	Family
A/England/01850206/2025	Field Trip	#FFD23F	Up the Long Ladder
A/England/01851031/2025	Ghouli	#FF6F69	Journey's End
A/England/01851032/2025	Anasazi	#F47CC3	Family
A/England/01851033/2025	Elegy	#B084F5	Phantasms
A/England/01851036/2025	Jose Chung's From Outer Space	#3FD5D0	Family
A/England/01851037/2025	Elegy	#B084F5	Up the Long Ladder
A/England/01851039/2025	Hollywood A.D.	#6BA3E6	The Arsenal of Freedom
A/England/01851042/2025	The End	#C48A5A	Phantasms
A/England/01851047/2025	Elegy	#B084F5	Family
A/England/01851048/2025	Clyde Bruckman's Final Repose	#9E9E9E	The Price
A/England/01851053/2025	Ghouli	#FF6F69	Journey's End
A/England/01851055/2025	Musings of a Cigarette Smoking Man	#FF9F40	Phantasms
A/England/01851057/2025	Musings of a Cigarette Smoking Man	#FF9F40	Family
A/England/01851059/2025	Elegy	#B084F5	Conundrum
A/England/01851060/2025	Hollywood A.D.	#6BA3E6	Q Who
A/England/01851061/2025	The Walk	#4CCB7F	The Price
A/England/01851062/2025	Anasazi	#F47CC3	Journey's End
A/England/01851065/2025	Elegy	#B084F5	Unnatural Selection
A/England/01851066/2025	Anasazi	#F47CC3	Conundrum
A/England/01851067/2025	Hollywood A.D.	#6BA3E6	Up the Long Ladder
A/England/01851068/2025	The Walk	#4CCB7F	11001001
A/England/01851069/2025	Musings of a Cigarette Smoking Man	#FF9F40	Family
A/England/01854847/2025	Anasazi	#F47CC3	The Price
A/England/01854849/2025	The Walk	#4CCB7F	Journey's End
A/England/01854850/2025	Field Trip	#FFD23F	Phantasms
A/England/01854852/2025	Field Trip	#FFD23F	The Arsenal of Freedom
A/England/01854855/2025	The Walk	#4CCB7F	The Arsenal of Freedom
A/England/01854856/2025	The Walk	#4CCB7F	Family
A/England/01854857/2025	Ghouli	#FF6F69	Phantasms
A/England/01854858/2025	Jose Chung's From Outer Space	#3FD5D0	Journey's End
A/England/01854859/2025	Clyde Bruckman's Final Repose	#9E9E9E	11001001
A/England/01854860/2025	The End	#C48A5A	Up the Long Ladder
A/England/01854861/2025	Clyde Bruckman's Final Repose	#9E9E9E	Q Who
A/England/01854862/2025	Musings of a Cigarette Smoking Man	#FF9F40	Up the Long Ladder
A/England/01854863/2025	Jose Chung's From Outer Space	#3FD5D0	Q Who
A/England/01854864/2025	Jose Chung's From Outer Space	#3FD5D0	Journey's End
A/England/01854866/2025	The End	#C48A5A	Conundrum
A/England/01854867/2025	Elegy	#B084F5	Up the Long Ladder
A/England/01854869/2025	Field Trip	#FFD23F	The Arsenal of Freedom
A/England/01854870/2025	Jose Chung's From Outer Space	#3FD5D0	Journey's End
A/England/01854871/2025	Jose Chung's From Outer Space	#3FD5D0	Journey's End
A/England/01854872/2025	The End	#C48A5A	Phantasms
A/England/01854873/2025	Elegy	#B084F5	Conundrum
A/England/01854874/2025	Elegy	#B084F5	Up the Long Ladder
A/England/01854875/2025	Elegy	#B084F5	Family
A/England/01854876/2025	Hollywood A.D.	#6BA3E6	Unnatural Selection
A/England/01854877/2025	Jose Chung's From Outer Space	#3FD5D0	The Arsenal of Freedom
A/England/01854878/2025	Musings of a Cigarette Smoking Man	#FF9F40	Q Who
A/England/01854879/2025	Elegy	#B084F5	Up the Long Ladder
A/England/01854880/2025	Ghouli	#FF6F69	Unnatural Selection
A/England/01854881/2025	Ghouli	#FF6F69	Journey's End
A/England/01854882/2025	The Walk	#4CCB7F	Q Who
A/England/01854883/2025	Musings of a Cigarette Smoking Man	#FF9F40	Q Who
A/England/01854884/2025	Anasazi	#F47CC3	Up the Long Ladder
A/England/01854885/2025	Musings of a Cigarette Smoking Man	#FF9F40	Up the Long Ladder
A/England/01854886/2025	Field Trip	#FFD23F	Family
A/England/01854887/2025	The Walk	#4CCB7F	The Arsenal of Freedom
A/England/01854888/2025	Ghouli	#FF6F69	Journey's End
A/England/01854889/2025	Field Trip	#FFD23F	Q Who
A/England/01854891/2025	Musings of a Cigarette Smoking Man	#FF9F40	Journey's End
A/England/01854892/2025	Ghouli	#FF6F69	Phantasms
A/England/01854893/2025	Field Trip	#FFD23F	Family
A/England/01854894/2025	Ghouli	#FF6F69	Up the Long Ladder
A/England/01854895/2025	Ghouli	#FF6F69	Up the Long Ladder
A/England/01854897/2025	Elegy	#B084F5	Unnatural Selection
A/England/01854898/2025	The Walk	#4CCB7F	Phantasms
A/England/01854900/2025	Field Trip	#FFD23F	Journey's End
A/England/01854901/2025	Elegy	#B084F5	The Arsenal of Freedom
A/England/01854902/2025	Elegy	#B084F5	Journey's End
A/England/01854903/2025	Anasazi	#F47CC3	Journey's End
A/England/01854904/2025	The End	#C48A5A	11001001
A/England/01854905/2025	Anasazi	#F47CC3	11001001
A/England/01854906/2025	Clyde Bruckman's Final Repose	#9E9E9E	Unnatural Selection
A/England/01854907/2025	The Walk	#4CCB7F	Phantasms
A/England/01854908/2025	Elegy	#B084F5	Unnatural Selection
A/England/01854909/2025	Clyde Bruckman's Final Repose	#9E9E9E	11001001
A/England/01854910/2025	Hollywood A.D.	#6BA3E6	Up the Long Ladder
A/England/01854911/2025	Clyde Bruckman's Final Repose	#9E9E9E	Q Who
A/England/01854912/2025	Elegy	#B084F5	Up the Long Ladder
A/England/01854913/2025	Jose Chung's From Outer Space	#3FD5D0	Journey's End
A/England/01854914/2025	Hollywood A.D.	#6BA3E6	Conundrum
A/England/01854915/2025	The Walk	#4CCB7F	Up the Long Ladder
A/England/01854916/2025	Jose Chung's From Outer Space	#3FD5D0	The Price
A/England/01854917/2025	Field Trip	#FFD23F	Q Who
A/England/01854918/2025	Hollywood A.D.	#6BA3E6	11001001
A/England/01854919/2025	Jose Chung's From Outer Space	#3FD5D0	Family
A/England/01854920/2025	The End	#C48A5A	Unnatural Selection
A/England/01854921/2025	Musings of a Cigarette Smoking Man	#FF9F40	The Price
A/England/01854922/2025	Field Trip	#FFD23F	Up the Long Ladder
A/England/01854924/2025	Ghouli	#FF6F69	Q Who
A/England/01854925/2025	Musings of a Cigarette Smoking Man	#FF9F40	Q Who
A/England/01854927/2025	Elegy	#B084F5	Family
A/England/01854928/2025	Hollywood A.D.	#6BA3E6	Conundrum
A/England/01854929/2025	Ghouli	#FF6F69	Phantasms
A/England/01854931/2025	The End	#C48A5A	Up the Long Ladder
A/England/01862159/2025	The End	#C48A5A	11001001
A/England/01862160/2025	Anasazi	#F47CC3	Family
A/England/01862161/2025	The End	#C48A5A	Journey's End
A/England/01862162/2025	Elegy	#B084F5	The Price
A/England/01862163/2025	The End	#C48A5A	Family
A/England/01862164/2025	The Walk	#4CCB7F	Family
A/England/01862165/2025	Anasazi	#F47CC3	11001001
A/England/01862166/2025	Jose Chung's From Outer Space	#3FD5D0	The Arsenal of Freedom
A/England/01862167/2025	Ghouli	#FF6F69	Journey's End
A/England/01862168/2025	Anasazi	#F47CC3	Q Who
A/England/01862169/2025	Clyde Bruckman's Final Repose	#9E9E9E	The Price
A/England/01862170/2025	The End	#C48A5A	The Price
A/England/01862171/2025	Jose Chung's From Outer Space	#3FD5D0	The Price
A/England/01862174/2025	Ghouli	#FF6F69	Journey's End
A/England/01862177/2025	Hollywood A.D.	#6BA3E6	Journey's End
A/England/01862178/2025	Anasazi	#F47CC3	Phantasms
A/England/01862179/2025	Hollywood A.D.	#6BA3E6	The Price
A/England/01862180/2025	Jose Chung's From Outer Space	#3FD5D0	Conundrum
A/England/01862185/2025	Ghouli	#FF6F69	Up the Long Ladder
A/England/01862186/2025	The End	#C48A5A	Q Who
A/England/01862188/2025	The Walk	#4CCB7F	Phantasms
A/England/01862189/2025	Anasazi	#F47CC3	Journey's End
A/England/01862190/2025	Jose Chung's From Outer Space	#3FD5D0	Unnatural Selection
A/England/01862191/2025	Hollywood A.D.	#6BA3E6	Unnatural Selection
A/England/01862192/2025	Hollywood A.D.	#6BA3E6	The Arsenal of Freedom
A/England/01862193/2025	Ghouli	#FF6F69	Q Who
A/England/01862194/2025	The End	#C48A5A	Conundrum
A/England/01862195/2025	Elegy	#B084F5	Q Who
A/England/01862196/2025	Elegy	#B084F5	Phantasms
A/England/01862197/2025	Hollywood A.D.	#6BA3E6	Q Who
A/England/01862198/2025	Hollywood A.D.	#6BA3E6	Family
A/England/01862199/2025	Musings of a Cigarette Smoking Man	#FF9F40	The Price
A/England/01862200/2025	The End	#C48A5A	Journey's End
A/England/01862201/2025	The End	#C48A5A	Family
A/England/01862202/2025	Field Trip	#FFD23F	Family
A/England/01862203/2025	Anasazi	#F47CC3	11001001
A/England/01862206/2025	Hollywood A.D.	#6BA3E6	Unnatural Selection
A/England/01862207/2025	Field Trip	#FFD23F	Phantasms
A/England/01862208/2025	Hollywood A.D.	#6BA3E6	Unnatural Selection
A/England/01862209/2025	Jose Chung's From Outer Space	#3FD5D0	Q Who
A/England/01862210/2025	Elegy	#B084F5	Phantasms
A/England/01862211/2025	Hollywood A.D.	#6BA3E6	Up the Long Ladder
A/England/01862212/2025	Musings of a Cigarette Smoking Man	#FF9F40	Q Who
A/England/01862213/2025	Field Trip	#FFD23F	The Price
A/England/01862214/2025	Ghouli	#FF6F69	Family
A/England/01862215/2025	Elegy	#B084F5	11001001
A/England/01862216/2025	Hollywood A.D.	#6BA3E6	Up the Long Ladder
A/England/01862217/2025	Anasazi	#F47CC3	Q Who
A/England/01862218/2025	Elegy	#B084F5	Phantasms
A/England/01862219/2025	Field Trip	#FFD23F	Up the Long Ladder
A/England/01862223/2025	Field Trip	#FFD23F	Unnatural Selection
A/England/01862224/2025	Hollywood A.D.	#6BA3E6	Journey's End
A/England/01862225/2025	The Walk	#4CCB7F	11001001
A/England/01862226/2025	The End	#C48A5A	Conundrum
A/England/01862227/2025	Hollywood A.D.	#6BA3E6	Conundrum
A/England/01862228/2025	Musings of a Cigarette Smoking Man	#FF9F40	Conundrum
A/England/01862229/2025	Ghouli	#FF6F69	Family
A/England/01862230/2025	Field Trip	#FFD23F	Family
A/England/01862231/2025	Jose Chung's From Outer Space	#3FD5D0	Journey's End
A/England/01862232/2025	Musings of a Cigarette Smoking Man	#FF9F40	Q Who
A/England/01862233/2025	Anasazi	#F47CC3	Conundrum
A/England/01862234/2025	Field Trip	#FFD23F	The Arsenal of Freedom
A/England/01862236/2025	Field Trip	#FFD23F	The Price
A/England/01862238/2025	Field Trip	#FFD23F	Phantasms
A/England/01862239/2025	Ghouli	#FF6F69	11001001
A/England/01862240/2025	The End	#C48A5A	Phantasms
A/England/01862241/2025	Anasazi	#F47CC3	The Arsenal of Freedom
A/England/01862242/2025	The End	#C48A5A	Q Who
A/England/01862243/2025	Ghouli	#FF6F69	Family
A/England/01862244/2025	Musings of a Cigarette Smoking Man	#FF9F40	The Price
A/England/01862245/2025	The End	#C48A5A	Conundrum
A/England/01863190/2025	Clyde Bruckman's Final Repose	#9E9E9E	Up the Long Ladder
A/England/01863191/2025	Musings of a Cigarette Smoking Man	#FF9F40	Q Who
A/England/01863192/2025	Elegy	#B084F5	Q Who
A/England/01863193/2025	Hollywood A.D.	#6BA3E6	Conundrum
A/England/01863196/2025	Anasazi	#F47CC3	11001001
A/England/01863197/2025	Jose Chung's From Outer Space	#3FD5D0	11001001
A/England/01863198/2025	The Walk	#4CCB7F	11001001
A/England/01863199/2025	Ghouli	#FF6F69	11001001
A/England/01863200/2025	Ghouli	#FF6F69	11001001
A/England/01863202/2025	Jose Chung's From Outer Space	#3FD5D0	Q Who
A/England/01863205/2025	The End	#C48A5A	The Arsenal of Freedom
A/England/01863208/2025	The Walk	#4CCB7F	Conundrum
A/England/01863209/2025	Clyde Bruckman's Final Repose	#9E9E9E	The Price
A/England/01863213/2025	Elegy	#B084F5	11001001
A/England/01863219/2025	Clyde Bruckman's Final Repose	#9E9E9E	Phantasms
A/England/01863220/2025	The End	#C48A5A	Family
A/England/01863228/2025	Elegy	#B084F5	Phantasms
A/England/01863230/2025	Ghouli	#FF6F69	Journey's End
A/England/01863232/2025	The End	#C48A5A	Family
A/England/01863233/2025	Clyde Bruckman's Final Repose	#9E9E9E	Conundrum
A/England/01863234/2025	Musings of a Cigarette Smoking Man	#FF9F40	Q Who
A/England/01863251/2025	Hollywood A.D.	#6BA3E6	Journey's End
A/England/01867756/2025	Elegy	#B084F5	Conundrum
A/England/01867758/2025	The End	#C48A5A	The Price
A/England/01867762/2025	The End	#C48A5A	Phantasms
A/England/01867763/2025	Elegy	#B084F5	Unnatural Selection
A/England/01867821/2025	Jose Chung's From Outer Space	#3FD5D0	The Arsenal of Freedom
A/England/01867865/2025	Ghouli	#FF6F69	11001001
A/England/01867868/2025	Field Trip	#FFD23F	Conundrum
A/England/01867870/2025	Ghouli	#FF6F69	The Price
A/England/01867871/2025	Field Trip	#FFD23F	The Arsenal of Freedom
A/England/01867882/2025	Hollywood A.D.	#6BA3E6	Q Who
A/England/01872084/2025	Hollywood A.D.	#6BA3E6	Q Who
A/England/01872092/2025	Clyde Bruckman's Final Repose	#9E9E9E	Unnatural Selection
A/England/01872093/2025	Clyde Bruckman's Final Repose	#9E9E9E	The Price
A/England/01875679/2025	Hollywood A.D.	#6BA3E6	11001001
A/England/01875752/2025	Ghouli	#FF6F69	Journey's End
A/England/01879150/2025	Musings of a Cigarette Smoking Man	#FF9F40	Unnatural Selection
A/England/01888384/2025	The Walk	#4CCB7F	Phantasms
A/England/01894286/2025	Musings of a Cigarette Smoking Man	#FF9F40	The Price
A/England/1360730/2025	Hollywood A.D.	#6BA3E6	11001001
A/England/174/2025_SIATP1/SIAT1	Clyde Bruckman's Final Repose	#9E9E9E	The Arsenal of Freedom
A/England/203680658/2020	Ghouli	#FF6F69	11001001
A/England/211640706/2021	The End	#C48A5A	Conundrum
A/England/214720679/2021	The Walk	#4CCB7F	11001001
A/England/224660802/2022	Field Trip	#FFD23F	The Arsenal of Freedom
A/England/224780608/2022	Elegy	#B084F5	11001001
A/England/233000524/2023	Hollywood A.D.	#6BA3E6	Up the Long Ladder
A/England/234000309/2023	Field Trip	#FFD23F	Journey's End
A/England/234600199/2023	Anasazi	#F47CC3	Phantasms
A/England/234740245/2023	Field Trip	#FFD23F	The Price
A/England/235090198/2023	The Walk	#4CCB7F	Phantasms
A/England/235180644/2023	Hollywood A.D.	#6BA3E6	Family
A/England/235190206/2023	Musings of a Cigarette Smoking Man	#FF9F40	Conundrum
A/England/240760798/2024	Anasazi	#F47CC3	11001001
A/England/2800700/2025	Field Trip	#FFD23F	The Arsenal of Freedom
A/England/2940681/2025	Musings of a Cigarette Smoking Man	#FF9F40	Unnatural Selection
A/England/3100627/2025	Field Trip	#FFD23F	Unnatural Selection
A/England/3120971/2025	Hollywood A.D.	#6BA3E6	Conundrum
A/England/3140745/2025	Elegy	#B084F5	11001001
A/England/3140746/2025	Anasazi	#F47CC3	Family
A/England/3220703/2025	The Walk	#4CCB7F	Up the Long Ladder
A/England/4960585/2024	Musings of a Cigarette Smoking Man	#FF9F40	Journey's End
A/EspiritoSanto/3487/2025	Field Trip	#FFD23F	Unnatural Selection
A/EspiritoSanto/3493/2025	Musings of a Cigarette Smoking Man	#FF9F40	Q Who
A/EspiritoSanto/3494/2025	Clyde Bruckman's Final Repose	#9E9E9E	Unnatural Selection
A/EspiritoSanto/3497/2025	Ghouli	#FF6F69	Q Who
A/EspiritoSanto/3499/2025	Anasazi	#F47CC3	Conundrum
A/EspiritoSanto/3501/2025	Clyde Bruckman's Final Repose	#9E9E9E	Q Who
A/EspiritoSanto/3502/2025	Hollywood A.D.	#6BA3E6	Family
A/EspiritoSanto/3503/2025	Jose Chung's From Outer Space	#3FD5D0	Phantasms
A/EspiritoSanto/3504/2025	Musings of a Cigarette Smoking Man	#FF9F40	Family
A/EspiritoSanto/4429/2025	Clyde Bruckman's Final Repose	#9E9E9E	The Price
A/EspiritoSanto/4430/2025	Elegy	#B084F5	Unnatural Selection
A/EspiritoSanto/4433/2025	Jose Chung's From Outer Space	#3FD5D0	Q Who
A/EspiritoSanto/4437/2025	Field Trip	#FFD23F	Journey's End
A/EspiritoSanto/4441/2025	The Walk	#4CCB7F	Phantasms
A/EspiritoSanto/4442/2025	Anasazi	#F47CC3	Unnatural Selection
A/EspiritoSanto/4449/2025	Clyde Bruckman's Final Repose	#9E9E9E	The Arsenal of Freedom
A/EspiritoSanto/4450/2025	Jose Chung's From Outer Space	#3FD5D0	Journey's End
A/EspiritoSanto/4976/2025	Ghouli	#FF6F69	Family
A/EspiritoSanto/4977/2025	Musings of a Cigarette Smoking Man	#FF9F40	11001001
A/EspiritoSanto/4978/2025	Anasazi	#F47CC3	Conundrum
A/EspiritoSanto/4979/2025	Field Trip	#FFD23F	Q Who
A/EspiritoSanto/4980/2025	Jose Chung's From Outer Space	#3FD5D0	Q Who
A/EspiritoSanto/4981/2025	Ghouli	#FF6F69	The Arsenal of Freedom
A/EspiritoSanto/4985/2025	Musings of a Cigarette Smoking Man	#FF9F40	Conundrum
A/EspiritoSanto/4988/2025	The Walk	#4CCB7F	Q Who
A/EspiritoSanto/4989/2025	Field Trip	#FFD23F	Journey's End
A/EspiritoSanto/4990/2025	The End	#C48A5A	Q Who
A/EspiritoSanto/5662/2025	Ghouli	#FF6F69	The Price
A/EspiritoSanto/5663/2025	Clyde Bruckman's Final Repose	#9E9E9E	Unnatural Selection
A/EspiritoSanto/5664/2025	The End	#C48A5A	Phantasms
A/EspiritoSanto/5666/2025	Anasazi	#F47CC3	The Price
A/EspiritoSanto/5667/2025	Elegy	#B084F5	Family
A/EspiritoSanto/5670/2025	The End	#C48A5A	Family
A/EspiritoSanto/5671/2025	Elegy	#B084F5	Conundrum
A/EspiritoSanto/5672/2025	Musings of a Cigarette Smoking Man	#FF9F40	The Arsenal of Freedom
A/EspiritoSanto/5673/2025	Anasazi	#F47CC3	Conundrum
A/EspiritoSanto/5676/2025	Anasazi	#F47CC3	Phantasms
A/EspiritoSanto/5681/2025	Clyde Bruckman's Final Repose	#9E9E9E	The Arsenal of Freedom
A/EspiritoSanto/5682/2025	The End	#C48A5A	Phantasms
A/EspiritoSantodoPinhal/LEIAL6890/2025	Musings of a Cigarette Smoking Man	#FF9F40	Phantasms
A/Estonia/Inf591/2025	Jose Chung's From Outer Space	#3FD5D0	Phantasms
A/Estonia/Inf593/2025	The End	#C48A5A	The Arsenal of Freedom
A/Estonia/Inf594/2025	Field Trip	#FFD23F	Up the Long Ladder
A/Estonia/KL7638/2025	Field Trip	#FFD23F	Phantasms
A/Estonia/KL7716/2025	Elegy	#B084F5	Conundrum
A/Ethiopia/1016/2021	Hollywood A.D.	#6BA3E6	The Arsenal of Freedom
A/Ethiopia/5033/2025	Hollywood A.D.	#6BA3E6	The Arsenal of Freedom
A/Ethiopia/5036/2025	Elegy	#B084F5	Phantasms
A/FUKUI/3/2025	Jose Chung's From Outer Space	#3FD5D0	Family
A/FUKUSHIMA/17/2025	The Walk	#4CCB7F	Unnatural Selection
A/FUKUSHIMA/20/2025	Clyde Bruckman's Final Repose	#9E9E9E	Q Who
A/FUKUSHIMA/25/2025	Hollywood A.D.	#6BA3E6	11001001
A/FUKUSHIMA/26/2025	Hollywood A.D.	#6BA3E6	Phantasms
A/FVG-Gorizia/204/2025	Hollywood A.D.	#6BA3E6	Q Who
A/FVG-Gorizia/205/2025	Anasazi	#F47CC3	Phantasms
A/Fiji/103/2025	Hollywood A.D.	#6BA3E6	Up the Long Ladder
A/Fiji/107/2025	Jose Chung's From Outer Space	#3FD5D0	Up the Long Ladder
A/Fiji/109/2025	Hollywood A.D.	#6BA3E6	Unnatural Selection
A/Fiji/110/2025	Field Trip	#FFD23F	The Price
A/Fiji/14/2025	The Walk	#4CCB7F	Conundrum
A/Fiji/15/2025	The End	#C48A5A	The Arsenal of Freedom
A/Fiji/16/2025	Ghouli	#FF6F69	The Price
A/Fiji/17/2025	Musings of a Cigarette Smoking Man	#FF9F40	11001001
A/Fiji/20/2025	Musings of a Cigarette Smoking Man	#FF9F40	Phantasms
A/Fiji/22/2025	Musings of a Cigarette Smoking Man	#FF9F40	The Price
A/Fiji/25/2025	Jose Chung's From Outer Space	#3FD5D0	Journey's End
A/Fiji/295/2024_Original	The Walk	#4CCB7F	11001001
A/Fiji/36/2025	Hollywood A.D.	#6BA3E6	The Arsenal of Freedom
A/Fiji/37/2025	Hollywood A.D.	#6BA3E6	Conundrum
A/Fiji/40/2025	Jose Chung's From Outer Space	#3FD5D0	Journey's End
A/Fiji/42/2025	Elegy	#B084F5	Journey's End
A/Fiji/45/2025	Elegy	#B084F5	Phantasms
A/Fiji/46/2025	The Walk	#4CCB7F	Conundrum
A/Fiji/63/2025	Elegy	#B084F5	Family
A/Fiji/64/2025	Jose Chung's From Outer Space	#3FD5D0	Phantasms
A/Fiji/80/2025	Clyde Bruckman's Final Repose	#9E9E9E	Unnatural Selection
A/Fiji/98/2025_SIAT2	Hollywood A.D.	#6BA3E6	The Arsenal of Freedom
A/Finland/443/2023_	Field Trip	#FFD23F	Family
A/Finland/826/2025	Field Trip	#FFD23F	Family
A/Finland/829/2025	The End	#C48A5A	Up the Long Ladder
A/Finland/830/2025	Jose Chung's From Outer Space	#3FD5D0	Journey's End
A/Finland/831/2025	The Walk	#4CCB7F	Unnatural Selection
A/Finland/836/2025	The Walk	#4CCB7F	Journey's End
A/Finland/837/2025	Clyde Bruckman's Final Repose	#9E9E9E	Family
A/Finland/838/2025	Ghouli	#FF6F69	11001001
A/Finland/839/2025	Elegy	#B084F5	Family
A/Finland/840/2025	Elegy	#B084F5	Up the Long Ladder
A/Finland/841/2025	Anasazi	#F47CC3	Phantasms
A/Finland/842/2025	The End	#C48A5A	The Arsenal of Freedom
A/Finland/844/2025	Jose Chung's From Outer Space	#3FD5D0	Q Who
A/Finland/848/2025	Field Trip	#FFD23F	Family
A/Finland/849/2025	Musings of a Cigarette Smoking Man	#FF9F40	Up the Long Ladder
A/Finland/852/2025	Clyde Bruckman's Final Repose	#9E9E9E	The Arsenal of Freedom
A/Finland/853/2025	Clyde Bruckman's Final Repose	#9E9E9E	Journey's End
A/Finland/854/2025	The Walk	#4CCB7F	Phantasms
A/Finland/859/2025	Jose Chung's From Outer Space	#3FD5D0	11001001
A/Finland/860/2025	Elegy	#B084F5	The Price
A/Finland/861/2025	Anasazi	#F47CC3	Unnatural Selection
A/Finland/862/2025	Jose Chung's From Outer Space	#3FD5D0	Phantasms
A/Finland/863/2025	Elegy	#B084F5	Up the Long Ladder
A/Finland/865/2025	Ghouli	#FF6F69	Up the Long Ladder
A/Florida/22/2022	The Walk	#4CCB7F	11001001
A/Florida/32/2025	Clyde Bruckman's Final Repose	#9E9E9E	Journey's End
A/Florida/GKISBBBF55167/2025	The Walk	#4CCB7F	The Arsenal of Freedom
A/Florida/ISC-1365/2025	Jose Chung's From Outer Space	#3FD5D0	Unnatural Selection
A/Florida/ISC-1366/2025	Anasazi	#F47CC3	11001001
A/Florida/ISC-1369/2025	Jose Chung's From Outer Space	#3FD5D0	Conundrum
A/Florida/ISC-1372/2025	Ghouli	#FF6F69	The Arsenal of Freedom
A/Florida/ISC-1375/2025	Jose Chung's From Outer Space	#3FD5D0	Up the Long Ladder
A/France/ARA-HCL021212645001/2021	Elegy	#B084F5	Family
A/France/ARA-HCL022213790301/2022	Musings of a Cigarette Smoking Man	#FF9F40	Conundrum
A/France/ARA-HCL024016681401/2024	Hollywood A.D.	#6BA3E6	The Arsenal of Freedom
A/France/ARA-HCL024121683701/2024	Clyde Bruckman's Final Repose	#9E9E9E	The Arsenal of Freedom
A/France/ARA-HCL025131788401/2025	Clyde Bruckman's Final Repose	#9E9E9E	11001001
A/France/ARA-HCL025140450601/2025	Anasazi	#F47CC3	Journey's End
A/France/ARA-HCL025150330301/2025	Elegy	#B084F5	Phantasms
A/France/ARA-HCL025155832401/2025	Jose Chung's From Outer Space	#3FD5D0	Up the Long Ladder
A/France/ARA-HCL025155847501/2025	The Walk	#4CCB7F	Phantasms
A/France/ARA-HCL025157145501/2025	Elegy	#B084F5	Journey's End
A/France/ARA-HCL025157284101/2025	Field Trip	#FFD23F	Conundrum
A/France/ARA-HCL025161036802/2025	The Walk	#4CCB7F	The Price
A/France/ARA-HCL025167049901/2025	Jose Chung's From Outer Space	#3FD5D0	11001001
A/France/ARA-HCL025168283201/2025	Hollywood A.D.	#6BA3E6	The Price
A/France/ARA-HCL025178655801/2025	Elegy	#B084F5	11001001
A/France/ARA-HCL025194779301/2025	Ghouli	#FF6F69	Q Who
A/France/ARA-HCL125031219601/2025	Jose Chung's From Outer Space	#3FD5D0	The Arsenal of Freedom
A/France/ARA-RELAB-HCL023182313901/2023	Elegy	#B084F5	The Arsenal of Freedom
A/France/ARA-RELAB-HCL023184404101/2023	Hollywood A.D.	#6BA3E6	Unnatural Selection
A/France/ARA-RELAB-HCL024015536501/2024	The Walk	#4CCB7F	Q Who
A/France/ARA-RELAB-HCL024162110901/2024	Elegy	#B084F5	Unnatural Selection
A/France/ARA-RELAB-HCL024195687601/2024	Field Trip	#FFD23F	Phantasms
A/France/ARA-RELAB-HCL025068424901/2025	Hollywood A.D.	#6BA3E6	The Price
A/France/ARA-RELAB-HCL025118787401/2025	Field Trip	#FFD23F	The Price
A/France/ARA-RELAB-HCL025153843201/2025	The End	#C48A5A	Journey's End
A/France/ARA-RELAB-HCL025154445901/2025	Anasazi	#F47CC3	Journey's End
A/France/ARA-RELAB-HCL025172890801/2025	Field Trip	#FFD23F	Conundrum
A/France/ARA-RELAB-HCL025172900201/2025	Anasazi	#F47CC3	Journey's End
A/France/ARA-RELAB-HCL025177898001/2025	Musings of a Cigarette Smoking Man	#FF9F40	Up the Long Ladder
A/France/ARA-RELAB-HCL025177904001/2025	Elegy	#B084F5	Unnatural Selection
A/France/ARA-RELAB-HCL025177965901/2025	Field Trip	#FFD23F	11001001
A/France/ARA-RELAB-HCL026008866101/2025	Elegy	#B084F5	Unnatural Selection
A/France/ARA-RELAB-IPP05363/2025	Ghouli	#FF6F69	11001001
A/France/ARA-RELAB-IPP05427/2025	Elegy	#B084F5	Journey's End
A/France/BFC-RELAB-IPP04052/2025	Musings of a Cigarette Smoking Man	#FF9F40	Journey's End
A/France/BRE-IPP07757/2025	The End	#C48A5A	Conundrum
A/France/BRE-RELAB-IPP06816/2025	Anasazi	#F47CC3	The Price
A/France/BRE-RELAB-IPP07315/2025	Musings of a Cigarette Smoking Man	#FF9F40	Conundrum
A/France/CVL-IPP05649/2025	Hollywood A.D.	#6BA3E6	The Arsenal of Freedom
A/France/CVL-IPP05650/2025	Elegy	#B084F5	Family
A/France/CVL-RELAB-IPP06817/2025	The Walk	#4CCB7F	Family
A/France/HDF-IPP05565/2025	The End	#C48A5A	Phantasms
A/France/HDF-RELAB-IPP04212/2025	Field Trip	#FFD23F	Conundrum
A/France/HDF-RELAB-IPP06392/2025	Hollywood A.D.	#6BA3E6	The Price
A/France/HDF-RELAB-IPP06597/2025	Musings of a Cigarette Smoking Man	#FF9F40	The Price
A/France/IDF-IPP05370/2025	Field Trip	#FFD23F	11001001
A/France/IDF-IPP05601/2025	Ghouli	#FF6F69	Journey's End
A/France/IDF-IPP05983/2025	Hollywood A.D.	#6BA3E6	The Arsenal of Freedom
A/France/IDF-IPP06119/2024	The End	#C48A5A	The Price
A/France/IDF-RELAB-IPP05811/2025	Anasazi	#F47CC3	Conundrum
A/France/IDF-RELAB-IPP05849/2025	Clyde Bruckman's Final Repose	#9E9E9E	Q Who
A/France/IDF-RELAB-IPP06118/2025	Field Trip	#FFD23F	Phantasms
A/France/IDF-RELAB-IPP06599/2025	Elegy	#B084F5	Q Who
A/France/IDF-RELAB-IPP06600/2025	Field Trip	#FFD23F	11001001
A/France/IDF-RELAB-IPP06840/2025	The Walk	#4CCB7F	Unnatural Selection
A/France/IDF-RELAB-IPP06842/2025	Anasazi	#F47CC3	Phantasms
A/France/IDF-RELAB-IPP07037/2025	Jose Chung's From Outer Space	#3FD5D0	11001001
A/France/IDF-RELAB-IPP07039/2025	Hollywood A.D.	#6BA3E6	Journey's End
A/France/IDF-RELAB-IPP07501/2025	Clyde Bruckman's Final Repose	#9E9E9E	Journey's End
A/France/IDF-RELAB-IPP07507/2025	Musings of a Cigarette Smoking Man	#FF9F40	Journey's End
A/France/IDF-RELAB-IPP12405/2024_C1/SIAT1	The Walk	#4CCB7F	Phantasms
A/France/Inf6/2025	Anasazi	#F47CC3	Conundrum
A/France/NAQ-HCL025129422101/2025	Elegy	#B084F5	11001001
A/France/NAQ-RELAB-HCL024023386901/2024	Jose Chung's From Outer Space	#3FD5D0	11001001
A/France/NAQ-RELAB-HCL025119471301/2025	Elegy	#B084F5	The Arsenal of Freedom
A/France/NAQ-RELAB-HCL025122371701/2025	Musings of a Cigarette Smoking Man	#FF9F40	Q Who
A/France/NAQ-RELAB-HCL025131526701/2025	Musings of a Cigarette Smoking Man	#FF9F40	11001001
A/France/NAQ-RELAB-HCL025144128501/2025	Jose Chung's From Outer Space	#3FD5D0	Family
A/France/NAQ-RELAB-HCL025164944201/2025	Clyde Bruckman's Final Repose	#9E9E9E	Journey's End
A/France/NAQ-RELAB-IPP07312/2025	Field Trip	#FFD23F	The Price
A/France/NOR-RELAB-IPP05942/2025	Field Trip	#FFD23F	Journey's End
A/France/OCC-HCL025029269601/2025	Jose Chung's From Outer Space	#3FD5D0	Up the Long Ladder
A/France/OCC-RELAB-HCL024031760201/2024	The End	#C48A5A	Unnatural Selection
A/France/PAC-HCL025167189001/2025	Anasazi	#F47CC3	Conundrum
A/France/PAC-RELAB-HCL025038928301/2025	Field Trip	#FFD23F	11001001
A/France/PAC-RELAB-HCL025039386301/2025	The Walk	#4CCB7F	The Arsenal of Freedom
A/France/PAC-RELAB-HCL025112169501/2025	Elegy	#B084F5	The Price
A/France/PAC-RELAB-HCL025166070901/2025	Clyde Bruckman's Final Repose	#9E9E9E	Phantasms
A/France/PAC-RELAB-HCL025170066601/2025	Jose Chung's From Outer Space	#3FD5D0	Conundrum
A/France/PAC-RELAB-HCL025178016801/2025	The End	#C48A5A	The Price
A/France/PAC-RELAB-HCL025178023901/2025	Ghouli	#FF6F69	Phantasms
A/France/PDL-RELAB-IPP06095/2025	Clyde Bruckman's Final Repose	#9E9E9E	Family
A/France/PDL-RELAB-IPP06596/2025	Musings of a Cigarette Smoking Man	#FF9F40	Conundrum
A/France/PDL-RELAB-IPP07487/2025	The Walk	#4CCB7F	Q Who
A/France/PDL-RELAB-IPP07493/2025	Musings of a Cigarette Smoking Man	#FF9F40	Q Who
A/FrenchGuiana/909/2025	The End	#C48A5A	The Price
A/Fujian-Jiaocheng/11085/2025	The End	#C48A5A	Unnatural Selection
A/Fujian-Pinghe/31/2025_C1S1	The End	#C48A5A	Journey's End
A/Fujian-Xiangcheng/12048/2025	Anasazi	#F47CC3	Q Who
A/Fujian-Xiangcheng/12245/2025	Field Trip	#FFD23F	11001001
A/Fujian-Yanping/11201/2025_C1S1	The End	#C48A5A	Up the Long Ladder
A/Fujian-Zhangpu/1599/2025	Field Trip	#FFD23F	Unnatural Selection
A/Fujian-Zhangpu/1643/2025	Hollywood A.D.	#6BA3E6	The Price
A/Fujian-Zhangpu/1851/2025	Elegy	#B084F5	11001001
A/GIFU-C/4/2025	Musings of a Cigarette Smoking Man	#FF9F40	Conundrum
A/GIFU/6/2025	Elegy	#B084F5	The Price
A/Galicia/36499341/2025	Elegy	#B084F5	Phantasms
A/Galicia/52497935/2025	Field Trip	#FFD23F	Conundrum
A/Galicia/GA-CHUAC-405/2025	Clyde Bruckman's Final Repose	#9E9E9E	Conundrum
A/Galicia/GA-CHUAC-451/2025	Ghouli	#FF6F69	Up the Long Ladder
A/Galicia/GA-CHUAC-456/2025	The Walk	#4CCB7F	Up the Long Ladder
A/Galicia/GA-CHUAC-478/2025	Hollywood A.D.	#6BA3E6	Phantasms
A/Galicia/GA-CHUAC-481/2025	Hollywood A.D.	#6BA3E6	Unnatural Selection
A/Galicia/GA-CHUAC-482/2025	Elegy	#B084F5	Q Who
A/Galicia/SCQ/144934/2025	Ghouli	#FF6F69	Family
A/Galicia/SCQ/147629/2025	Musings of a Cigarette Smoking Man	#FF9F40	Q Who
A/Galicia/SCQ/276849/2025	Jose Chung's From Outer Space	#3FD5D0	Conundrum
A/Gansu-Xifeng/1285/2025	Ghouli	#FF6F69	Conundrum
A/Georgia/19/2023_S1	Jose Chung's From Outer Space	#3FD5D0	Phantasms
A/Georgia/IVY-G25Y80O1/2025	The End	#C48A5A	The Price
A/Germany/LRMCflu_0053/2025	The End	#C48A5A	Q Who
A/Germany/LRMCflu_0054/2025	The End	#C48A5A	The Price
A/Ghana/1255/2025	Clyde Bruckman's Final Repose	#9E9E9E	Conundrum
A/Ghana/1267/2025	Field Trip	#FFD23F	Q Who
A/Ghana/1467/2025	Clyde Bruckman's Final Repose	#9E9E9E	Phantasms
A/Ghana/1543/2025	Ghouli	#FF6F69	Up the Long Ladder
A/Ghana/1551/2025	The Walk	#4CCB7F	The Arsenal of Freedom
A/Ghana/1671/2024_S12024-06-24	Clyde Bruckman's Final Repose	#9E9E9E	Journey's End
A/Ghana/3354/2025	Hollywood A.D.	#6BA3E6	Up the Long Ladder
A/Ghana/6019/2025	Field Trip	#FFD23F	11001001
A/Ghana/7092/2025	The Walk	#4CCB7F	Unnatural Selection
A/Ghana/7108/2025	Elegy	#B084F5	Conundrum
A/Ghana/7235/2025	The Walk	#4CCB7F	Phantasms
A/Ghana/7254/2025	Ghouli	#FF6F69	Unnatural Selection
A/Ghana/7269/2025	Elegy	#B084F5	The Price
A/Ghana/7296/2025	Elegy	#B084F5	The Price
A/Ghana/7298/2025	The End	#C48A5A	The Arsenal of Freedom
A/Ghana/7323/2025	Clyde Bruckman's Final Repose	#9E9E9E	Up the Long Ladder
A/Ghana/7664/2025	Musings of a Cigarette Smoking Man	#FF9F40	Phantasms
A/Ghana/8519/2025	The End	#C48A5A	The Price
A/Ghana/9116/2025	Field Trip	#FFD23F	Conundrum
A/Ghana/ARI-25-1203/2025	The Walk	#4CCB7F	Journey's End
A/Ghana/ARI-25-1208/2025	The End	#C48A5A	Family
A/Ghana/ARI-25-1255/2025	Jose Chung's From Outer Space	#3FD5D0	11001001
A/Ghana/ARI-25-1267/2025	Elegy	#B084F5	11001001
A/Ghana/ARI-25-1270/2025	Musings of a Cigarette Smoking Man	#FF9F40	The Arsenal of Freedom
A/Ghana/ARI-25-1274/2025	Field Trip	#FFD23F	11001001
A/Ghana/ARI-25-1296/2025	Ghouli	#FF6F69	The Arsenal of Freedom
A/Ghana/ARI-25-1528/2025	The Walk	#4CCB7F	Q Who
A/Ghana/FS-24-1740/2024	Hollywood A.D.	#6BA3E6	11001001
A/Ghana/FS-25-4312/2025	Musings of a Cigarette Smoking Man	#FF9F40	The Price
A/Ghana/FS-25-4956-US/2025	Anasazi	#F47CC3	Up the Long Ladder
A/Ghana/FS-25-5050/2025	Hollywood A.D.	#6BA3E6	11001001
A/Ghana/FS-25-5051/2025	The Walk	#4CCB7F	The Arsenal of Freedom
A/Ghana/FS-25-5386/2025	Hollywood A.D.	#6BA3E6	Journey's End
A/Ghana/FS-25-5984/2025	Clyde Bruckman's Final Repose	#9E9E9E	Family
A/Ghana/FS-25-6019/2025	Elegy	#B084F5	11001001
A/Ghana/FS-25-6109/2025	Field Trip	#FFD23F	11001001
A/Ghana/FS-25-6110/2025	Clyde Bruckman's Final Repose	#9E9E9E	The Arsenal of Freedom
A/Ghana/FS-25-6319/2025	Elegy	#B084F5	The Price
A/Ghana/FS-25-7077/2025	Anasazi	#F47CC3	Journey's End
A/Ghana/FS-25-7088/2025	Clyde Bruckman's Final Repose	#9E9E9E	Phantasms
A/Ghana/FS-25-7092/2025	Jose Chung's From Outer Space	#3FD5D0	11001001
A/Ghana/FS-25-7093/2025	Elegy	#B084F5	Up the Long Ladder
A/Ghana/FS-25-7095/2025	Jose Chung's From Outer Space	#3FD5D0	The Price
A/Ghana/FS-25-7106-US/2025	Musings of a Cigarette Smoking Man	#FF9F40	Q Who
A/Ghana/FS-25-7108/2025	Anasazi	#F47CC3	Unnatural Selection
A/Ghana/FS-25-7109/2025	Ghouli	#FF6F69	The Arsenal of Freedom
A/Ghana/FS-25-7133/2025	Ghouli	#FF6F69	Journey's End
A/Ghana/FS-25-7168/2025	Musings of a Cigarette Smoking Man	#FF9F40	Up the Long Ladder
A/Ghana/FS-25-7183/2025	Jose Chung's From Outer Space	#3FD5D0	Journey's End
A/Ghana/FS-25-7235/2025	Musings of a Cigarette Smoking Man	#FF9F40	Conundrum
A/Ghana/FS-25-7254/2025	Clyde Bruckman's Final Repose	#9E9E9E	Up the Long Ladder
A/Ghana/FS-25-7269/2025	Field Trip	#FFD23F	Family
A/Ghana/FS-25-7279/2025	Ghouli	#FF6F69	Conundrum
A/Ghana/FS-25-7296/2025	Jose Chung's From Outer Space	#3FD5D0	Q Who
A/Ghana/FS-25-7297/2025	The End	#C48A5A	Up the Long Ladder
A/Ghana/FS-25-7298/2025	Anasazi	#F47CC3	11001001
A/Ghana/FS-25-7323/2025	The Walk	#4CCB7F	Family
A/Ghana/FS-25-7325/2025	Hollywood A.D.	#6BA3E6	11001001
A/Ghana/FS-25-7326/2025	The End	#C48A5A	Up the Long Ladder
A/Ghana/FS-25-7333/2025	The Walk	#4CCB7F	The Price
A/Ghana/FS-25-7374/2025	Clyde Bruckman's Final Repose	#9E9E9E	The Price
A/Ghana/FS-25-7427/2025	Anasazi	#F47CC3	Journey's End
A/Ghana/FS-25-7429/2025	Musings of a Cigarette Smoking Man	#FF9F40	The Arsenal of Freedom
A/Ghana/FS-25-7431/2025	Ghouli	#FF6F69	The Arsenal of Freedom
A/Ghana/FS-25-7432/2025	Anasazi	#F47CC3	11001001
A/Ghana/FS-25-7442/2025	Anasazi	#F47CC3	Q Who
A/Ghana/FS-25-7637/2025	The Walk	#4CCB7F	The Price
A/Ghana/FS-25-7700/2025	Musings of a Cigarette Smoking Man	#FF9F40	Conundrum
A/Ghana/FS-25-7702/2025	Field Trip	#FFD23F	Phantasms
A/Ghana/FS-25-7779/2025	Elegy	#B084F5	Conundrum
A/Ghana/FS-25-7811/2025	Musings of a Cigarette Smoking Man	#FF9F40	Q Who
A/Ghana/FS-25-7821/2025	Elegy	#B084F5	The Price
A/Ghana/FS-25-7989/2025	Jose Chung's From Outer Space	#3FD5D0	Phantasms
A/Ghana/FS-25-8070/2025	Jose Chung's From Outer Space	#3FD5D0	The Price
A/Ghana/FS-25-8136/2025	Hollywood A.D.	#6BA3E6	Unnatural Selection
A/Ghana/FS-25-8453/2025	The End	#C48A5A	Unnatural Selection
A/Ghana/FS-25-8494/2025	Ghouli	#FF6F69	The Price
A/Ghana/FS-25-8514/2025	Jose Chung's From Outer Space	#3FD5D0	11001001
A/Ghana/FS-25-8585/2025	Hollywood A.D.	#6BA3E6	Q Who
A/Ghana/FS-25-8645/2025	Anasazi	#F47CC3	The Arsenal of Freedom
A/Ghana/FS-25-8780/2025	Jose Chung's From Outer Space	#3FD5D0	Journey's End
A/Ghana/FS-25-8795/2025	Anasazi	#F47CC3	Journey's End
A/Ghana/FS-25-8842/2025	Jose Chung's From Outer Space	#3FD5D0	Q Who
A/Ghana/FS-25-8862/2025	Jose Chung's From Outer Space	#3FD5D0	The Price
A/Ghana/FS-25-8955/2025	The End	#C48A5A	The Price
A/Ghana/FS-25-9009/2025	The End	#C48A5A	Journey's End
A/Ghana/FS-25-9154/2025	Hollywood A.D.	#6BA3E6	The Arsenal of Freedom
A/Ghana/FS-25-9165/2025	Anasazi	#F47CC3	Up the Long Ladder
A/Ghana/FS-25-9213/2025	Elegy	#B084F5	Q Who
A/Glyncorrwg/3273/2025	Musings of a Cigarette Smoking Man	#FF9F40	The Arsenal of Freedom
A/Goianesia/LEIAL6896/2025	Anasazi	#F47CC3	Conundrum
A/Goiania/LEIAL6547/2025	Elegy	#B084F5	Phantasms
A/Goiania/LEIAL6894/2025	The Walk	#4CCB7F	Family
A/Goiania/LEIAL6918/2025	Elegy	#B084F5	Up the Long Ladder
A/Goiania/LEIAL6921/2025	Jose Chung's From Outer Space	#3FD5D0	11001001
A/Guadeloupe/588/2025	Jose Chung's From Outer Space	#3FD5D0	Unnatural Selection
A/Guam/7435/2025	The End	#C48A5A	Unnatural Selection
A/Guam/7443/2025	Clyde Bruckman's Final Repose	#9E9E9E	The Arsenal of Freedom
A/Guam/7447/2025	Ghouli	#FF6F69	Conundrum
A/Guam/7449/2025	Field Trip	#FFD23F	11001001
A/Guam/7456/2025	The Walk	#4CCB7F	Q Who
A/Guam/7463/2025	Clyde Bruckman's Final Repose	#9E9E9E	Conundrum
A/Guam/7507/2025	Hollywood A.D.	#6BA3E6	Conundrum
A/Guangdong-Chengqu/1781/2025	Elegy	#B084F5	The Price
A/Guangdong-Chengqu/32/2025	Anasazi	#F47CC3	The Arsenal of Freedom
A/Guangdong-Chengqu/39/2025	Anasazi	#F47CC3	Journey's End
A/Guangdong-Chengqu/8130/2025	Ghouli	#FF6F69	Phantasms
A/Guangdong-Chikan/11334/2025	The End	#C48A5A	Journey's End
A/Guangdong-Chikan/11369/2025	Hollywood A.D.	#6BA3E6	Phantasms
A/Guangdong-Dongguanbendi/11359/2025	Elegy	#B084F5	Family
A/Guangdong-Duanzhou/11356/2025	Hollywood A.D.	#6BA3E6	11001001
A/Guangdong-Duanzhou/8424/2025	Musings of a Cigarette Smoking Man	#FF9F40	Up the Long Ladder
A/Guangdong-Futian/11257/2025	Elegy	#B084F5	Q Who
A/Guangdong-Futian/11376/2025	Anasazi	#F47CC3	Unnatural Selection
A/Guangdong-Futian/11395/2025	Ghouli	#FF6F69	Phantasms
A/Guangdong-Futian/11431/2025	Ghouli	#FF6F69	Unnatural Selection
A/Guangdong-Futian/11434/2025	Field Trip	#FFD23F	The Arsenal of Freedom
A/Guangdong-Futian/11436/2025	The Walk	#4CCB7F	11001001
A/Guangdong-Huicheng/11348/2025	Hollywood A.D.	#6BA3E6	11001001
A/Guangdong-Huicheng/11599/2025	Anasazi	#F47CC3	Phantasms
A/Guangdong-Huicheng/11613/2025	Clyde Bruckman's Final Repose	#9E9E9E	Journey's End
A/Guangdong-Huicheng/11687/2025	The End	#C48A5A	Conundrum
A/Guangdong-Huicheng/8339/2025	Jose Chung's From Outer Space	#3FD5D0	Family
A/Guangdong-Huilai/310/2025	Jose Chung's From Outer Space	#3FD5D0	11001001
A/Guangdong-Jinping/11270/2025	Elegy	#B084F5	Q Who
A/Guangdong-Jinping/11365/2025	The Walk	#4CCB7F	The Arsenal of Freedom
A/Guangdong-Longhu/39/2025	Anasazi	#F47CC3	Conundrum
A/Guangdong-Maonan/11438/2025	Clyde Bruckman's Final Repose	#9E9E9E	Family
A/Guangdong-Maonan/11485/2025	Jose Chung's From Outer Space	#3FD5D0	Family
A/Guangdong-Maonan/11563/2025	Musings of a Cigarette Smoking Man	#FF9F40	Unnatural Selection
A/Guangdong-Meijiang/11256/2025	The End	#C48A5A	Unnatural Selection
A/Guangdong-Meijiang/38/2025	Hollywood A.D.	#6BA3E6	Up the Long Ladder
A/Guangdong-Meixian/38/2025	The Walk	#4CCB7F	Conundrum
A/Guangdong-Pengjiang/11641/2025	Elegy	#B084F5	The Price
A/Guangdong-Pengjiang/11803/2025	Ghouli	#FF6F69	Phantasms
A/Guangdong-Qingcheng/11378/2025	Ghouli	#FF6F69	11001001
A/Guangdong-Qingcheng/11447/2025	Ghouli	#FF6F69	Conundrum
A/Guangdong-Qingcheng/11553/2025	Field Trip	#FFD23F	Unnatural Selection
A/Guangdong-Qingcheng/11718/2025	Clyde Bruckman's Final Repose	#9E9E9E	Conundrum
A/Guangdong-Rongcheng/1776/2025	The End	#C48A5A	Up the Long Ladder
A/Guangdong-Rongcheng/1806/2025	Musings of a Cigarette Smoking Man	#FF9F40	Journey's End
A/Guangdong-Shenzhen/20251878/2025	Hollywood A.D.	#6BA3E6	Phantasms
A/Guangdong-Shenzhen/2025ER486/2025	The End	#C48A5A	11001001
A/Guangdong-Shenzhen/2025ER491/2025	Hollywood A.D.	#6BA3E6	Phantasms
A/Guangdong-Shenzhen/2025ER505/2025	Hollywood A.D.	#6BA3E6	Unnatural Selection
A/Guangdong-Shenzhen/2025ER506/2025	Elegy	#B084F5	Conundrum
A/Guangdong-Shenzhen/2025ER511/2025	The End	#C48A5A	Phantasms
A/Guangdong-Shenzhen/2025ER514/2025	The Walk	#4CCB7F	Unnatural Selection
A/Guangdong-Shenzhen/2025ER530/2025	Ghouli	#FF6F69	Phantasms
A/Guangdong-Shenzhen/2025FS360/2025	The End	#C48A5A	The Arsenal of Freedom
A/Guangdong-Shenzhen/2025FS362/2025	The End	#C48A5A	11001001
A/Guangdong-Shenzhen/2025G193-261/2025	Musings of a Cigarette Smoking Man	#FF9F40	Journey's End
A/Guangdong-Shenzhen/2025G193/2025	The Walk	#4CCB7F	Family
A/Guangdong-Shenzhen/2025G233/2025	Clyde Bruckman's Final Repose	#9E9E9E	Phantasms
A/Guangdong-Shenzhen/2025G237/2025	Field Trip	#FFD23F	Up the Long Ladder
A/Guangdong-Shenzhen/2025G240/2025	Ghouli	#FF6F69	Q Who
A/Guangdong-Shenzhen/2025G252/2025	Ghouli	#FF6F69	Journey's End
A/Guangdong-Shenzhen/2025R820-272/2025	Jose Chung's From Outer Space	#3FD5D0	Phantasms
A/Guangdong-Shenzhen/2025R820/2025	Jose Chung's From Outer Space	#3FD5D0	Q Who
A/Guangdong-Shenzhen/2025T289-273/2025	Musings of a Cigarette Smoking Man	#FF9F40	Journey's End
A/Guangdong-Shenzhen/2025T289/2025	Ghouli	#FF6F69	The Price
A/Guangdong-Shenzhen/2025T292-274/2025	Ghouli	#FF6F69	Phantasms
A/Guangdong-Shenzhen/2025T292/2025	Elegy	#B084F5	Conundrum
A/Guangdong-Shenzhen/2025T293-275/2025	The End	#C48A5A	11001001
A/Guangdong-Shenzhen/2025T293/2025	Anasazi	#F47CC3	Journey's End
A/Guangdong-Shenzhen/2025er361-256/2025	Field Trip	#FFD23F	11001001
A/Guangdong-Shenzhen/2025er361/2025	Hollywood A.D.	#6BA3E6	Conundrum
A/Guangdong-Shenzhen/2025er410-270/2025	Ghouli	#FF6F69	The Arsenal of Freedom
A/Guangdong-Shenzhen/2025er410/2025	Jose Chung's From Outer Space	#3FD5D0	The Arsenal of Freedom
A/Guangdong-Shenzhen/2025er412-276/2025	Field Trip	#FFD23F	Unnatural Selection
A/Guangdong-Shenzhen/2025er412/2025	The End	#C48A5A	Up the Long Ladder
A/Guangdong-Wujiang/1625/2025	The End	#C48A5A	Up the Long Ladder
A/Guangdong-Xiangzhou/8395/2025	Field Trip	#FFD23F	Family
A/Guangdong-Xiashan/37/2025	Anasazi	#F47CC3	Unnatural Selection
A/Guangdong-Zhenjiang/1261/2024_C1S1	Ghouli	#FF6F69	Journey's End
A/Guangdong-Zhenjiang/1624/2025	Clyde Bruckman's Final Repose	#9E9E9E	11001001
A/Guangdong-Zhenjiang/1819/2025	Field Trip	#FFD23F	Unnatural Selection
A/Guangdong-Zhongshan/11422/2025	Musings of a Cigarette Smoking Man	#FF9F40	The Arsenal of Freedom
A/Guangdong-Zhongshan/11588/2025	Elegy	#B084F5	The Arsenal of Freedom
A/Guangxi-Beiliu/11069/2025	The End	#C48A5A	The Price
A/Guangxi-Daxin/1643/2025	The Walk	#4CCB7F	Family
A/Guangxi-Diecai/1753/2025	Jose Chung's From Outer Space	#3FD5D0	Family
A/Guangxi-Dongxing/1661/2025	Elegy	#B084F5	The Arsenal of Freedom
A/Guangxi-Dongxing/1691/2025	Ghouli	#FF6F69	Family
A/Guangxi-Dongxing/1717/2025	Ghouli	#FF6F69	Up the Long Ladder
A/Guangxi-Dongxing/1875/2025	The Walk	#4CCB7F	Unnatural Selection
A/Guangxi-Gangbei/11357/2025	Clyde Bruckman's Final Repose	#9E9E9E	Family
A/Guangxi-Gangbei/11477/2025	Hollywood A.D.	#6BA3E6	Family
A/Guangxi-Gangkou/1893/2025	Jose Chung's From Outer Space	#3FD5D0	11001001
A/Guangxi-Guiping/1590/2025	Jose Chung's From Outer Space	#3FD5D0	Conundrum
A/Guangxi-Haicheng/11456/2025	Jose Chung's From Outer Space	#3FD5D0	Conundrum
A/Guangxi-Hengzhou/1844/2025	The End	#C48A5A	The Price
A/Guangxi-Jiangzhou/11379/2025	Anasazi	#F47CC3	Conundrum
A/Guangxi-Jiangzhou/11428/2025	The End	#C48A5A	Q Who
A/Guangxi-Longzhou/1640/2025	Ghouli	#FF6F69	Q Who
A/Guangxi-Pingxiang/1730/2025	Jose Chung's From Outer Space	#3FD5D0	Journey's End
A/Guangxi-Pingxiang/1751/2025	Anasazi	#F47CC3	The Arsenal of Freedom
A/Guangxi-Qinbei/319/2025	Elegy	#B084F5	Family
A/Guangxi-Qinbei/321/2025	Jose Chung's From Outer Space	#3FD5D0	Unnatural Selection
A/Guangxi-Qingxiu/11583/2025	Clyde Bruckman's Final Repose	#9E9E9E	Up the Long Ladder
A/Guangxi-Qingxiu/11729/2025	Hollywood A.D.	#6BA3E6	Unnatural Selection
A/Guangxi-Qingxiu/11824/2025	The Walk	#4CCB7F	The Price
A/Guangxi-Qingxiu/12325/2025	Hollywood A.D.	#6BA3E6	Conundrum
A/Guangxi-Qingxiu/12513/2025	Field Trip	#FFD23F	Journey's End
A/Guangxi-Qinnan/12504/2025	Musings of a Cigarette Smoking Man	#FF9F40	Q Who
A/Guangxi-Qinnan/12504/2025_C1S1	Jose Chung's From Outer Space	#3FD5D0	Unnatural Selection
A/Guangxi-Yongning/327/2025	The Walk	#4CCB7F	Conundrum
A/Guangxi-Youjiang/11599/2025	Ghouli	#FF6F69	Unnatural Selection
A/Guangxi-Youjiang/11732/2025	Anasazi	#F47CC3	Family
A/Guangxi-Youjiang/12160/2025	Musings of a Cigarette Smoking Man	#FF9F40	Phantasms
A/Guangxi-Yuzhou/11871/2025	Field Trip	#FFD23F	Conundrum
A/Guangxi-Zhangzhou/330/2025	Jose Chung's From Outer Space	#3FD5D0	Phantasms
A/Guarulhos/LEIAL6910/2025	Jose Chung's From Outer Space	#3FD5D0	The Arsenal of Freedom
A/Guarulhos/LEIAL6915/2025	Elegy	#B084F5	Q Who
A/Guatemala/B110006/2025	The End	#C48A5A	Journey's End
A/Guatemala/B110012/2025	Clyde Bruckman's Final Repose	#9E9E9E	Journey's End
A/Guatemala/C000086/2026	Hollywood A.D.	#6BA3E6	Q Who
A/Guatemala/C106005/2025	Jose Chung's From Outer Space	#3FD5D0	Up the Long Ladder
A/Guatemala/FLU-234/2025	Clyde Bruckman's Final Repose	#9E9E9E	11001001
A/Guatemala/FLU-373/2025	Hollywood A.D.	#6BA3E6	The Price
A/Guatemala/Q000249/2025	Jose Chung's From Outer Space	#3FD5D0	The Price
A/Guatemala/Q000364/2025	Jose Chung's From Outer Space	#3FD5D0	Q Who
A/Guatemala/Q000370_FGC00797/2025	Elegy	#B084F5	Unnatural Selection
A/Guizhou-Huaxi/39/2025	Elegy	#B084F5	The Arsenal of Freedom
A/Guizhou-Nanming/1639/2025_C1S1	Ghouli	#FF6F69	Journey's End
A/Guizhou-Xingyi/11714/2025	The End	#C48A5A	Family
A/Guizhou-Yilongxin/2738/2024_C3S1	The Walk	#4CCB7F	11001001
A/Gwangju/1656/2025	Hollywood A.D.	#6BA3E6	The Price
A/Gwangju/1684/2025	Hollywood A.D.	#6BA3E6	Conundrum
A/Gwangju/1734/2025	Jose Chung's From Outer Space	#3FD5D0	Journey's End
A/Gwangju/1798/2025	Anasazi	#F47CC3	Up the Long Ladder
A/Gwangju/1800/2025	The End	#C48A5A	Conundrum
A/Gwangju/1801/2025	Field Trip	#FFD23F	The Price
A/Gwangju/1802/2025	The End	#C48A5A	Family
A/Gyeongbuk/1796/2025	Jose Chung's From Outer Space	#3FD5D0	Phantasms
A/Gyeonggi/1661/2025	Jose Chung's From Outer Space	#3FD5D0	Journey's End
A/Gyeonggi/1793/2025	The Walk	#4CCB7F	Up the Long Ladder
A/Gyeonggi/1795/2025	Anasazi	#F47CC3	The Price
A/Gyeongnam/1706/2025	Field Trip	#FFD23F	Journey's End
A/HIROSHIMA/44/2025	Jose Chung's From Outer Space	#3FD5D0	Journey's End
A/HIROSHIMA/52/2025	Musings of a Cigarette Smoking Man	#FF9F40	Family
A/HIROSHIMA/57/2025	Field Trip	#FFD23F	The Arsenal of Freedom
A/HIROSHIMA/58/2025	Anasazi	#F47CC3	The Arsenal of Freedom
A/HIROSHIMA/66/2025	Hollywood A.D.	#6BA3E6	Phantasms
A/Haidian/3805/2025	The Walk	#4CCB7F	Unnatural Selection
A/Hainan-Baishalizuzizhi/35/2025	The End	#C48A5A	Phantasms
A/Hainan-Danzhou/11316/2025	Hollywood A.D.	#6BA3E6	Up the Long Ladder
A/Hainan-Danzhou/11788/2025	Elegy	#B084F5	Phantasms
A/Hainan-Danzhou/8431/2025	Jose Chung's From Outer Space	#3FD5D0	Up the Long Ladder
A/Hainan-Danzhou/8582/2025	Ghouli	#FF6F69	The Price
A/Hainan-Jiyang/1589/2025	Ghouli	#FF6F69	The Arsenal of Freedom
A/Hainan-Meilan/1691/2025	Ghouli	#FF6F69	The Price
A/Hainan-Meilan/1719/2025	Anasazi	#F47CC3	Family
A/Hainan-Meilan/1754/2025	Anasazi	#F47CC3	Journey's End
A/Hainan-Meilan/1840/2025	Clyde Bruckman's Final Repose	#9E9E9E	The Arsenal of Freedom
A/Hainan-Qiongshan/1596/2025	Clyde Bruckman's Final Repose	#9E9E9E	The Arsenal of Freedom
A/Hainan-Qiongshan/1615/2025	Hollywood A.D.	#6BA3E6	Unnatural Selection
A/Hainan-Qiongshan/1630/2025	Anasazi	#F47CC3	Phantasms
A/Hainan-Tianya/11014/2025	Field Trip	#FFD23F	Family
A/Hainan-Tianya/11160/2025	Musings of a Cigarette Smoking Man	#FF9F40	The Arsenal of Freedom
A/Hainan-Wenchang/1591/2025	The Walk	#4CCB7F	Unnatural Selection
A/Hainan-Xiuying/1648/2025	The End	#C48A5A	Up the Long Ladder
A/Hainan-Xiuying/1660/2025	Anasazi	#F47CC3	The Arsenal of Freedom
A/Hainan-Xiuying/1685/2025	Elegy	#B084F5	Q Who
A/Hainan-Xiuying/1695/2025	Anasazi	#F47CC3	The Price
A/Hanmer/4595/2025	Ghouli	#FF6F69	Up the Long Ladder
A/Hawaii-TAMC/228/2023	Clyde Bruckman's Final Repose	#9E9E9E	Family
A/Hawaii-TAMC/244/2024	Clyde Bruckman's Final Repose	#9E9E9E	Conundrum
A/Hawaii-TAMC/245/2024	Elegy	#B084F5	11001001
A/Hawaii-TAMC/327/2024	Musings of a Cigarette Smoking Man	#FF9F40	Up the Long Ladder
A/Hawaii/32/2023	Clyde Bruckman's Final Repose	#9E9E9E	Q Who
A/Hawaii/38/2025	Musings of a Cigarette Smoking Man	#FF9F40	The Price
A/Hawaii/40/2025	Musings of a Cigarette Smoking Man	#FF9F40	Family
A/Hawaii/42/2025	Hollywood A.D.	#6BA3E6	Family
A/Hawaii/46/2025	Clyde Bruckman's Final Repose	#9E9E9E	Phantasms
A/Hawaii/47/2025	Anasazi	#F47CC3	11001001
A/Hawaii/50/2025	Clyde Bruckman's Final Repose	#9E9E9E	11001001
A/Hawaii/51/2025	The End	#C48A5A	Up the Long Ladder
A/Hawaii/54/2025	The End	#C48A5A	Up the Long Ladder
A/Hawaii/56/2025	Elegy	#B084F5	Unnatural Selection
A/Hawaii/57/2025	Musings of a Cigarette Smoking Man	#FF9F40	Phantasms
A/Hawaii/58/2025	Ghouli	#FF6F69	The Arsenal of Freedom
A/Hawaii/59/2025	Field Trip	#FFD23F	Conundrum
A/HawkesBay/06/2025	Musings of a Cigarette Smoking Man	#FF9F40	Conundrum
A/HawkesBay/07/2025	Hollywood A.D.	#6BA3E6	The Price
A/HawkesBay/08/2025	Anasazi	#F47CC3	Conundrum
A/Heilongjiang-Aihui/11189/2025	Jose Chung's From Outer Space	#3FD5D0	Up the Long Ladder
A/Heilongjiang-Fuyu/37/2025	Hollywood A.D.	#6BA3E6	Q Who
A/Heilongjiang-Jianhua/315/2025	Clyde Bruckman's Final Repose	#9E9E9E	11001001
A/Heilongjiang-Longsha/1148/2025_C1S1	The Walk	#4CCB7F	Phantasms
A/Heilongjiang-Longsha/333/2025	Jose Chung's From Outer Space	#3FD5D0	Family
A/Heilongjiang-Yimei/1973/2025	Elegy	#B084F5	The Arsenal of Freedom
A/Henan-Dengfeng/39/2025	Musings of a Cigarette Smoking Man	#FF9F40	Conundrum
A/Henan-Dongcheng/1468/2025	The End	#C48A5A	Unnatural Selection
A/Henan-Dongcheng/1468/2025_E2	Ghouli	#FF6F69	11001001
A/Henan-Suiyang/1981/2025	Jose Chung's From Outer Space	#3FD5D0	Family
A/Henan-Wancheng/1555/2025	Field Trip	#FFD23F	Conundrum
A/Henan-Weidou/8223/2025	Jose Chung's From Outer Space	#3FD5D0	11001001
A/Henan-Yicheng/11165/2025	Field Trip	#FFD23F	11001001
A/Henan-Yicheng/314/2025	Hollywood A.D.	#6BA3E6	The Arsenal of Freedom
A/Henfynyw/6718/2025	Musings of a Cigarette Smoking Man	#FF9F40	Q Who
A/Hessen/33/2024	The Walk	#4CCB7F	Journey's End
A/Hessen/79/2025	The End	#C48A5A	Phantasms
A/HongKong/1154/2025	Elegy	#B084F5	The Arsenal of Freedom
A/HongKong/1183/2025	Ghouli	#FF6F69	The Price
A/HongKong/1194/2025	Field Trip	#FFD23F	Family
A/HongKong/1204/2025	The Walk	#4CCB7F	Up the Long Ladder
A/HongKong/1243/2025	The Walk	#4CCB7F	Phantasms
A/HongKong/1244/2025	Hollywood A.D.	#6BA3E6	Family
A/HongKong/1256/2025	The Walk	#4CCB7F	Phantasms
A/HongKong/1257/2025	Jose Chung's From Outer Space	#3FD5D0	Up the Long Ladder
A/HongKong/1279/2025	Clyde Bruckman's Final Repose	#9E9E9E	Family
A/HongKong/1280/2025	Jose Chung's From Outer Space	#3FD5D0	Unnatural Selection
A/HongKong/1312/2025	Anasazi	#F47CC3	Unnatural Selection
A/HongKong/1313/2025	Ghouli	#FF6F69	The Arsenal of Freedom
A/HongKong/1337/2025	Hollywood A.D.	#6BA3E6	11001001
A/HongKong/1354/2025	Clyde Bruckman's Final Repose	#9E9E9E	The Arsenal of Freedom
A/HongKong/1363/2025	The Walk	#4CCB7F	Unnatural Selection
A/HongKong/1376/2025	Field Trip	#FFD23F	The Price
A/HongKong/1379/2025	Field Trip	#FFD23F	Unnatural Selection
A/HongKong/1380/2025	Jose Chung's From Outer Space	#3FD5D0	Q Who
A/HongKong/1381/2025	Hollywood A.D.	#6BA3E6	Journey's End
A/HongKong/1382/2025	Hollywood A.D.	#6BA3E6	Unnatural Selection
A/HongKong/1384/2025	Field Trip	#FFD23F	Q Who
A/HongKong/1386/2025	The End	#C48A5A	The Arsenal of Freedom
A/HongKong/1397/2025	Field Trip	#FFD23F	Journey's End
A/HongKong/1410/2025	Jose Chung's From Outer Space	#3FD5D0	Up the Long Ladder
A/HongKong/1414/2025	The Walk	#4CCB7F	Q Who
A/HongKong/1416/2025	Field Trip	#FFD23F	Journey's End
A/HongKong/1422/2025	Anasazi	#F47CC3	Journey's End
A/HongKong/1423/2025	Hollywood A.D.	#6BA3E6	The Price
A/HongKong/1425/2025	Jose Chung's From Outer Space	#3FD5D0	Unnatural Selection
A/HongKong/1429/2025	Musings of a Cigarette Smoking Man	#FF9F40	Phantasms
A/HongKong/1430/2025	Hollywood A.D.	#6BA3E6	11001001
A/HongKong/1432/2025	The Walk	#4CCB7F	Up the Long Ladder
A/HongKong/1433/2025	Ghouli	#FF6F69	Up the Long Ladder
A/HongKong/1439/2025	The Walk	#4CCB7F	The Price
A/HongKong/1450/2025	Hollywood A.D.	#6BA3E6	Unnatural Selection
A/HongKong/1451/2025	Clyde Bruckman's Final Repose	#9E9E9E	Journey's End
A/HongKong/1460/2025	The Walk	#4CCB7F	The Price
A/HongKong/1463/2025	Clyde Bruckman's Final Repose	#9E9E9E	Family
A/HongKong/1479/2025	Elegy	#B084F5	Conundrum
A/HongKong/1483/2025	The End	#C48A5A	Unnatural Selection
A/HongKong/1488/2025	The Walk	#4CCB7F	The Price
A/HongKong/1490/2025	Field Trip	#FFD23F	Journey's End
A/HongKong/1492/2025	Musings of a Cigarette Smoking Man	#FF9F40	Up the Long Ladder
A/HongKong/1493/2025	Ghouli	#FF6F69	Family
A/HongKong/1494/2025	The End	#C48A5A	Unnatural Selection
A/HongKong/1514/2025	Ghouli	#FF6F69	Family
A/HongKong/1515/2025	Hollywood A.D.	#6BA3E6	11001001
A/HongKong/1516/2025	Clyde Bruckman's Final Repose	#9E9E9E	Conundrum
A/HongKong/1518/2025	The End	#C48A5A	The Arsenal of Freedom
A/HongKong/1520/2025	The Walk	#4CCB7F	Q Who
A/HongKong/1521/2025	The Walk	#4CCB7F	Unnatural Selection
A/HongKong/1523/2025	Musings of a Cigarette Smoking Man	#FF9F40	Journey's End
A/HongKong/1526/2025	The End	#C48A5A	Journey's End
A/HongKong/1545/2025	Elegy	#B084F5	The Arsenal of Freedom
A/HongKong/1547/2025	Field Trip	#FFD23F	Q Who
A/HongKong/1548/2025	Anasazi	#F47CC3	Up the Long Ladder
A/HongKong/1551/2025	The Walk	#4CCB7F	The Price
A/HongKong/1552/2025	Field Trip	#FFD23F	Unnatural Selection
A/HongKong/1566/2025	Field Trip	#FFD23F	Family
A/HongKong/1569/2025	The Walk	#4CCB7F	Phantasms
A/HongKong/1582/2025	The End	#C48A5A	Family
A/HongKong/1588/2025	Hollywood A.D.	#6BA3E6	The Arsenal of Freedom
A/HongKong/1629/2023	Anasazi	#F47CC3	11001001
A/HongKong/EPI1057/2025	Clyde Bruckman's Final Repose	#9E9E9E	11001001
A/HongKong/EPI1231/2025	Elegy	#B084F5	Journey's End
A/HongKong/EPI1242/2025	Anasazi	#F47CC3	Unnatural Selection
A/HongKong/EPI1276/2025	The End	#C48A5A	Q Who
A/HongKong/EPI1293/2025	Ghouli	#FF6F69	Journey's End
A/HongKong/EPI1300/2025	The End	#C48A5A	Up the Long Ladder
A/HongKong/EPI1303/2025	Clyde Bruckman's Final Repose	#9E9E9E	Journey's End
A/HongKong/EPI1312/2025	Jose Chung's From Outer Space	#3FD5D0	Up the Long Ladder
A/HongKong/EPI1321/2025	Musings of a Cigarette Smoking Man	#FF9F40	11001001
A/HongKong/HKU-250827-002/2025	Elegy	#B084F5	The Price
A/HongKong/HKU-250827-003/2025	Elegy	#B084F5	Family
A/HongKong/HKU-250827-004/2025	Hollywood A.D.	#6BA3E6	The Price
A/HongKong/HKU-250915-004/2025	Musings of a Cigarette Smoking Man	#FF9F40	Conundrum
A/HongKong/HKU-251014-001/2025	Elegy	#B084F5	Journey's End
A/HongKong/HKU-251014-004/2025	Musings of a Cigarette Smoking Man	#FF9F40	Unnatural Selection
A/HongKong/HKU-251014-005/2025	Elegy	#B084F5	The Price
A/HongKong/HKU-251014-006/2025	Field Trip	#FFD23F	11001001
A/HongKong/HKU-251014-008/2025	Anasazi	#F47CC3	The Price
A/HongKong/HKU-251121-001/2025	Musings of a Cigarette Smoking Man	#FF9F40	Family
A/HongKong/HKU-251121-002/2025	Jose Chung's From Outer Space	#3FD5D0	Phantasms
A/HongKong/HKU-251121-003/2025	Anasazi	#F47CC3	Q Who
A/HongKong/HKU-251121-004/2025	Field Trip	#FFD23F	Up the Long Ladder
A/HongKong/HKU-251121-005/2025	Elegy	#B084F5	Unnatural Selection
A/HongKong/HKU-251121-006/2025	Elegy	#B084F5	Phantasms
A/HongKong/HKU-251121-007/2025	The End	#C48A5A	Conundrum
A/HongKong/HKU-251121-009/2025	Anasazi	#F47CC3	Phantasms
A/HongKong/HKU-251121-010/2025	Field Trip	#FFD23F	Conundrum
A/HongKong/HKU-251121-012/2025	Elegy	#B084F5	Unnatural Selection
A/HongKong/HKU-251121-013/2025	Jose Chung's From Outer Space	#3FD5D0	Unnatural Selection
A/HongKong/HKU-251121-014/2025	Clyde Bruckman's Final Repose	#9E9E9E	Conundrum
A/HongKong/HKU-260116-001/2025	Clyde Bruckman's Final Repose	#9E9E9E	The Price
A/HongKong/RF-323/2025	Clyde Bruckman's Final Repose	#9E9E9E	Unnatural Selection
A/HongKong/RF-326/2025	The End	#C48A5A	Unnatural Selection
A/HongKong/RF-330/2025	The Walk	#4CCB7F	The Price
A/HongKong/RF-357/2025	Hollywood A.D.	#6BA3E6	Q Who
A/HongKong/RF-358/2025	Musings of a Cigarette Smoking Man	#FF9F40	11001001
A/HongKong/RF-360/2025	Musings of a Cigarette Smoking Man	#FF9F40	Up the Long Ladder
A/HongKong/RF-371/2025	Anasazi	#F47CC3	11001001
A/HongKong/RF-385/2025	Clyde Bruckman's Final Repose	#9E9E9E	The Price
A/HongKong/RF-390/2025	Musings of a Cigarette Smoking Man	#FF9F40	Unnatural Selection
A/HongKong/RF-396/2025	Anasazi	#F47CC3	Unnatural Selection
A/HongKong/RF-405/2025	The Walk	#4CCB7F	Journey's End
A/HongKong/RF-407/2025	Jose Chung's From Outer Space	#3FD5D0	Unnatural Selection
A/HongKong/RF-409/2025	Jose Chung's From Outer Space	#3FD5D0	Phantasms
A/HongKong/RF-418/2025	Ghouli	#FF6F69	Unnatural Selection
A/HongKong/RF-426/2025	The End	#C48A5A	Journey's End
A/HongKong/RF-436/2025	Ghouli	#FF6F69	The Price
A/HongKong/RF-441/2025	Ghouli	#FF6F69	Journey's End
A/HongKong/RF-442/2025	Clyde Bruckman's Final Repose	#9E9E9E	Phantasms
A/HongKong/RFL-269/2025	Field Trip	#FFD23F	Journey's End
A/HongKong/RFL-310/2025	Field Trip	#FFD23F	The Price
A/HongKong/RFL-312/2025	Hollywood A.D.	#6BA3E6	Q Who
A/HongKong/RFL-313/2025	Jose Chung's From Outer Space	#3FD5D0	Journey's End
A/HongKong/RFL-314/2025	Jose Chung's From Outer Space	#3FD5D0	Up the Long Ladder
A/HongKong/RFL-321/2025	Jose Chung's From Outer Space	#3FD5D0	The Arsenal of Freedom
A/HongKong/RFL-459/2025	The Walk	#4CCB7F	Up the Long Ladder
A/HongKong/RFL-472/2025	Jose Chung's From Outer Space	#3FD5D0	Journey's End
A/HongKong/RFL-486/2025	Field Trip	#FFD23F	The Arsenal of Freedom
A/HongKong/RFL-494/2025	Clyde Bruckman's Final Repose	#9E9E9E	Family
A/HongKong/RFL-498/2025	Anasazi	#F47CC3	Family
A/HongKong/RFL-591/2025	Ghouli	#FF6F69	Unnatural Selection
A/HongKong/RFL-592/2025	Musings of a Cigarette Smoking Man	#FF9F40	Phantasms
A/HongKong/RFL-593/2025	The End	#C48A5A	Family
A/HongKong/RFL-598/2025	Elegy	#B084F5	Family
A/HongKong/ST226086/2025	Ghouli	#FF6F69	The Arsenal of Freedom
A/HongKong/ST226270/2025	The End	#C48A5A	Q Who
A/HongKong/ST226273/2025	Field Trip	#FFD23F	Family
A/HongKong/ST226276/2025	Anasazi	#F47CC3	Conundrum
A/HongKong/ST226277/2025	Anasazi	#F47CC3	Up the Long Ladder
A/HongKong/ST226278/2025	Hollywood A.D.	#6BA3E6	Up the Long Ladder
A/HongKong/ST226282/2025	Ghouli	#FF6F69	Conundrum
A/HongKong/ST226283/2025	Jose Chung's From Outer Space	#3FD5D0	11001001
A/HongKong/ST226285/2025	The Walk	#4CCB7F	Family
A/HongKong/ST226287/2025	Clyde Bruckman's Final Repose	#9E9E9E	Up the Long Ladder
A/Hong_Kong/1376/2025	Field Trip	#FFD23F	Unnatural Selection
A/Hong_Kong/1381/2025	Jose Chung's From Outer Space	#3FD5D0	Phantasms
A/Hong_Kong/1382/2025	Ghouli	#FF6F69	The Price
A/Hong_Kong/1384/2025	The End	#C48A5A	Up the Long Ladder
A/Hong_Kong/1425/2025	Jose Chung's From Outer Space	#3FD5D0	Journey's End
A/Hong_Kong/1432/2025	Field Trip	#FFD23F	Conundrum
A/Hong_Kong/1433/2025	Elegy	#B084F5	The Price
A/Hong_Kong/1450/2025	Jose Chung's From Outer Space	#3FD5D0	Up the Long Ladder
A/Hong_Kong/1451/2025	Musings of a Cigarette Smoking Man	#FF9F40	Conundrum
A/Hong_Kong/1463/2025	Elegy	#B084F5	Up the Long Ladder
A/Hong_Kong/1488/2025	Field Trip	#FFD23F	Up the Long Ladder
A/Hong_Kong/1493/2025	Clyde Bruckman's Final Repose	#9E9E9E	Journey's End
A/Hong_Kong/1494/2025	Elegy	#B084F5	Phantasms
A/Hong_Kong/1520/2025	Musings of a Cigarette Smoking Man	#FF9F40	Unnatural Selection
A/Hubei-Chibi/34/2025	Anasazi	#F47CC3	Journey's End
A/Hubei-Chongyang/351/2025	Anasazi	#F47CC3	Q Who
A/Hubei-Danjiangkou/1713/2025	Musings of a Cigarette Smoking Man	#FF9F40	Unnatural Selection
A/Hubei-Jiayu/2406/2025	The End	#C48A5A	Family
A/Hubei-Qiaokou/12942/2025	Elegy	#B084F5	The Price
A/Hubei-Qiaokou/13096/2025	Clyde Bruckman's Final Repose	#9E9E9E	Family
A/Hubei-Shayang/2454/2025	The Walk	#4CCB7F	Phantasms
A/Hubei-Tongcheng/2765/2025	Elegy	#B084F5	Conundrum
A/Hubei-Wuchang/11877/2025	Clyde Bruckman's Final Repose	#9E9E9E	11001001
A/Hubei-Wuchang/11891/2025	Musings of a Cigarette Smoking Man	#FF9F40	Family
A/Hubei-Wuhan/73702/2022	Elegy	#B084F5	Up the Long Ladder
A/Hubei-Wujiagang/1522/2025	Field Trip	#FFD23F	Journey's End
A/Hubei-Wujiagang/1572/2025	Field Trip	#FFD23F	Phantasms
A/Hubei-Xianan/11883/2025	The Walk	#4CCB7F	Unnatural Selection
A/Hubei-Xiling/1974/2025	Elegy	#B084F5	Family
A/Hubei-Zhangwan/2412/2025	Musings of a Cigarette Smoking Man	#FF9F40	Unnatural Selection
A/Human/New_York_City/PV42530/2021	Field Trip	#FFD23F	Q Who
A/Human/New_York_City/PV42620/2021	Jose Chung's From Outer Space	#3FD5D0	11001001
A/Hunan-Beihu/11085/2025	Elegy	#B084F5	Conundrum
A/Hunan-Hecheng/1382/2023_C1S1	Ghouli	#FF6F69	The Arsenal of Freedom
A/Hunan-Hecheng/1382/2023_E1E1	Field Trip	#FFD23F	The Price
A/Hunan-Kaifu/11018/2025	Anasazi	#F47CC3	Unnatural Selection
A/Hunan-Kaifu/11026/2025	Jose Chung's From Outer Space	#3FD5D0	Family
A/Hunan-Kaifu/1990/2025	Clyde Bruckman's Final Repose	#9E9E9E	Unnatural Selection
A/Hunan-Tianyuan/1900/2025	Anasazi	#F47CC3	11001001
A/Hunan-Yuetang/1831/2025	Ghouli	#FF6F69	Conundrum
A/Hunan-Yuhu/1861/2025	Ghouli	#FF6F69	Family
A/Hunan-Yuhua/11206/2025	Hollywood A.D.	#6BA3E6	Phantasms
A/Hunan-Yuhua/11666/2025	Ghouli	#FF6F69	Phantasms
A/Hunan-Yuhua/11704/2025	Musings of a Cigarette Smoking Man	#FF9F40	11001001
A/Hunan-Yuhua/11748/2025	The Walk	#4CCB7F	The Arsenal of Freedom
A/Hungary/185/2025	Anasazi	#F47CC3	Up the Long Ladder
A/INDIA/143_25_832/2025	Anasazi	#F47CC3	Up the Long Ladder
A/INDIA/ARI_25-457/2025	Musings of a Cigarette Smoking Man	#FF9F40	The Price
A/INDIA/ARI_25-465/2025	Field Trip	#FFD23F	Phantasms
A/INDIA/ARI_25-479/2025	The End	#C48A5A	Journey's End
A/INDIA/ARI_25-487/2025	Ghouli	#FF6F69	11001001
A/INDIA/ARI_25_401/2025	Anasazi	#F47CC3	The Price
A/INDIA/ARI_25_419/2025	Ghouli	#FF6F69	Conundrum
A/INDIA/ARI_25_432/2025	Clyde Bruckman's Final Repose	#9E9E9E	Journey's End
A/INDIA/GMCTVN_25_748/2025	The Walk	#4CCB7F	Family
A/INDIA/JIPMER_25_ARI_493/2025	Elegy	#B084F5	Q Who
A/INDIA/JIPMER_25_ARI_520/2025	Elegy	#B084F5	Phantasms
A/INDIA/JIPMER_25_SARI_302/2025	The Walk	#4CCB7F	Up the Long Ladder
A/Iceland/12454/2025	Field Trip	#FFD23F	Phantasms
A/Iceland/25-31718/2025	Ghouli	#FF6F69	Up the Long Ladder
A/Iceland/25-31995/2025	Musings of a Cigarette Smoking Man	#FF9F40	Conundrum
A/Iceland/25-32129/2025	Ghouli	#FF6F69	Unnatural Selection
A/Iceland/25-32356/2025	The End	#C48A5A	Conundrum
A/Iceland/25-32545/2025	Musings of a Cigarette Smoking Man	#FF9F40	Unnatural Selection
A/Iceland/25-32898/2025	Field Trip	#FFD23F	The Price
A/Iceland/25-33168/2025	The Walk	#4CCB7F	The Price
A/Iceland/63589/2022	Elegy	#B084F5	Family
A/Idaho/78/2022	Anasazi	#F47CC3	Conundrum
A/Illinois/51/2025	Hollywood A.D.	#6BA3E6	Family
A/Illinois/USAFSAM-16608/2025	Field Trip	#FFD23F	Journey's End
A/Incheon/1674/2025	Anasazi	#F47CC3	Phantasms
A/Incheon/1698/2025	Field Trip	#FFD23F	Unnatural Selection
A/Incheon/1716/2025	The End	#C48A5A	The Arsenal of Freedom
A/Incheon/1717/2025	Jose Chung's From Outer Space	#3FD5D0	Family
A/Incheon/1718/2025	The Walk	#4CCB7F	Conundrum
A/Incheon/1719/2025	Field Trip	#FFD23F	Phantasms
A/Incheon/1720/2025	Hollywood A.D.	#6BA3E6	The Arsenal of Freedom
A/Incheon/1731/2025	Ghouli	#FF6F69	Up the Long Ladder
A/Incheon/1740/2025	Clyde Bruckman's Final Repose	#9E9E9E	Up the Long Ladder
A/Incheon/1766/2025	The End	#C48A5A	Q Who
A/Incheon/1767/2025	The Walk	#4CCB7F	Unnatural Selection
A/Incheon/1769/2025	Musings of a Cigarette Smoking Man	#FF9F40	11001001
A/Incheon/1835/2025	Musings of a Cigarette Smoking Man	#FF9F40	The Arsenal of Freedom
A/Incheon/1836/2025	The End	#C48A5A	11001001
A/Incheon/1837/2025	Ghouli	#FF6F69	11001001
A/Incheon/1838/2025	Jose Chung's From Outer Space	#3FD5D0	Conundrum
A/Incheon/1839/2025	Hollywood A.D.	#6BA3E6	The Price
A/Incheon/1840/2025	Ghouli	#FF6F69	The Arsenal of Freedom
A/Incheon/1841/2025	Ghouli	#FF6F69	The Arsenal of Freedom
A/Incheon/1842/2025	Anasazi	#F47CC3	Family
A/Incheon/1844/2025	Musings of a Cigarette Smoking Man	#FF9F40	11001001
A/India/AS-RMRC-DIB/4117/2025	Clyde Bruckman's Final Repose	#9E9E9E	Q Who
A/India/AS-RMRC-DIB/4118/2025	Field Trip	#FFD23F	Phantasms
A/India/AS-RMRC-DIB/4121/2025	Field Trip	#FFD23F	Up the Long Ladder
A/India/AS-RMRC-DIB/4123/2025	Anasazi	#F47CC3	The Arsenal of Freedom
A/India/AS-RMRC-DIB/4124/2025	The End	#C48A5A	Up the Long Ladder
A/India/AS-RMRC-DIB/4127/2025	Field Trip	#FFD23F	Phantasms
A/India/AS-RMRC-DIB/4128/2025	Jose Chung's From Outer Space	#3FD5D0	Up the Long Ladder
A/India/AS-RMRC-DIB/4131/2025	Clyde Bruckman's Final Repose	#9E9E9E	Conundrum
A/India/AS-RMRC-DIB/4141/2025	Musings of a Cigarette Smoking Man	#FF9F40	11001001
A/India/AS-RMRC-DIB/4150/2025	The Walk	#4CCB7F	Journey's End
A/India/AS-RMRC-DIB/4163/2025	Jose Chung's From Outer Space	#3FD5D0	Journey's End
A/India/AS-RMRC-DIB/4164/2025	Clyde Bruckman's Final Repose	#9E9E9E	11001001
A/India/AS-RMRC-DIB/4171/2025	The Walk	#4CCB7F	Phantasms
A/India/AS-RMRC-DIB/4172/2025	Hollywood A.D.	#6BA3E6	Family
A/India/AS-RMRC-DIB/4174/2025	Clyde Bruckman's Final Repose	#9E9E9E	The Price
A/India/AS-RMRC-DIB/4175/2025	Field Trip	#FFD23F	Unnatural Selection
A/India/AS-RMRC-DIB/4190/2025	Musings of a Cigarette Smoking Man	#FF9F40	Q Who
A/India/AS-RMRC-DIB/4195/2025	Ghouli	#FF6F69	Phantasms
A/India/AS-RMRC-DIB/4196/2025	Jose Chung's From Outer Space	#3FD5D0	The Arsenal of Freedom
A/India/AS-RMRC-DIB/4197/2025	Ghouli	#FF6F69	Up the Long Ladder
A/India/AS-RMRC-DIB/4208/2025	Hollywood A.D.	#6BA3E6	Family
A/India/AS-RMRC-DIB/4213/2025	Musings of a Cigarette Smoking Man	#FF9F40	Conundrum
A/India/AS-RMRC-DIB/4215/2025	Elegy	#B084F5	The Arsenal of Freedom
A/India/AS-RMRC-DIB/4216/2025	The Walk	#4CCB7F	The Arsenal of Freedom
A/India/AS-RMRC-DIB/4218/2025	Hollywood A.D.	#6BA3E6	Conundrum
A/India/AS-RMRC-DIB/4219/2025	The Walk	#4CCB7F	The Arsenal of Freedom
A/India/AS-RMRC-DIB/4224/2025	The End	#C48A5A	The Arsenal of Freedom
A/India/AS-RMRC-DIB/4226/2025	Jose Chung's From Outer Space	#3FD5D0	Phantasms
A/India/AS-RMRC-DIB/4231/2025	Field Trip	#FFD23F	Up the Long Ladder
A/India/AS-RMRC-DIB/4235/2025	Musings of a Cigarette Smoking Man	#FF9F40	Conundrum
A/India/AS-RMRC-DIB/4236/2025	Hollywood A.D.	#6BA3E6	Family
A/India/AS-RMRC-DIB/4246/2025	Musings of a Cigarette Smoking Man	#FF9F40	Journey's End
A/India/AS-RMRC-DIB/4248/2025	Jose Chung's From Outer Space	#3FD5D0	Phantasms
A/India/AS-RMRC-DIB/4259/2025	The Walk	#4CCB7F	Phantasms
A/India/AS-RMRC-DIB/4260/2025	The End	#C48A5A	Conundrum
A/India/AS-RMRC-DIB/4261/2025	Musings of a Cigarette Smoking Man	#FF9F40	Conundrum
A/India/AS-RMRC-DIB/4262/2025	Musings of a Cigarette Smoking Man	#FF9F40	Q Who
A/India/AS-RMRC-DIB/4265/2025	Musings of a Cigarette Smoking Man	#FF9F40	The Price
A/India/AS-RMRC-DIB/4267/2025	The Walk	#4CCB7F	Up the Long Ladder
A/India/AS-RMRC-DIB/4269/2025	The Walk	#4CCB7F	11001001
A/India/AS-RMRC-DIB/4270/2025	Clyde Bruckman's Final Repose	#9E9E9E	Q Who
A/India/AS-RMRC-DIB/4278/2025	Jose Chung's From Outer Space	#3FD5D0	Journey's End
A/India/AS-RMRC-DIB/4304/2025	Clyde Bruckman's Final Repose	#9E9E9E	11001001
A/India/AS-RMRC-DIB/4311/2025	Elegy	#B084F5	Q Who
A/India/AS-RMRC-DIB/4316/2025	Musings of a Cigarette Smoking Man	#FF9F40	Conundrum
A/India/AS-RMRC-DIB/4318/2025	Hollywood A.D.	#6BA3E6	Up the Long Ladder
A/India/AS-RMRC-DIB/4319/2025	Ghouli	#FF6F69	Up the Long Ladder
A/India/AS-RMRC-DIB/4324/2025	The End	#C48A5A	Journey's End
A/India/AS-RMRC-DIB/4329/2025	Jose Chung's From Outer Space	#3FD5D0	The Arsenal of Freedom
A/India/AS-RMRC-DIB/4330/2025	Anasazi	#F47CC3	Phantasms
A/India/AS-RMRC-DIB/4358/2025	Musings of a Cigarette Smoking Man	#FF9F40	Unnatural Selection
A/India/AS-RMRC-DIB/4362/2025	Musings of a Cigarette Smoking Man	#FF9F40	Unnatural Selection
A/India/AS-RMRC-DIB/4372/2025	Field Trip	#FFD23F	Journey's End
A/India/AS-RMRC-DIB/4374/2025	Anasazi	#F47CC3	The Arsenal of Freedom
A/India/AS-RMRC-DIB/4378/2025	The End	#C48A5A	Phantasms
A/India/AS-RMRC-DIB/6165/2025	Clyde Bruckman's Final Repose	#9E9E9E	Unnatural Selection
A/India/AS-RMRC-DIB/6192/2025	Jose Chung's From Outer Space	#3FD5D0	Q Who
A/India/AS-RMRC-DIB/6193/2025	The End	#C48A5A	Up the Long Ladder
A/India/AS-RMRC-DIB/6197/2025	Anasazi	#F47CC3	Conundrum
A/India/AS-RMRC-DIB/6200/2025	Ghouli	#FF6F69	11001001
A/India/AS-RMRC-DIB/6208/2025	The Walk	#4CCB7F	11001001
A/India/AS-RMRC-DIB/6214/2025	The Walk	#4CCB7F	11001001
A/India/AS-RMRC-DIB/6264/2025	Elegy	#B084F5	The Arsenal of Freedom
A/India/BIB-NIV25-2129/2025	Elegy	#B084F5	11001001
A/India/DIB-NIV25-1303/2025	Elegy	#B084F5	Phantasms
A/India/Del-IGSQ492/2022	Field Trip	#FFD23F	Q Who
A/India/Del-IGSQ738/2021	Anasazi	#F47CC3	Journey's End
A/India/JAI-NIV25-2609/2025	Anasazi	#F47CC3	Conundrum
A/India/JAI-NIV25-2610/2025	The End	#C48A5A	Phantasms
A/India/JAI-NIV25-2619/2025	The End	#C48A5A	Phantasms
A/India/PUD-NIV25-2429/2025	Field Trip	#FFD23F	Conundrum
A/India/PUD-NIV25-2432/2025	Jose Chung's From Outer Space	#3FD5D0	The Arsenal of Freedom
A/India/PUN-NIV25-1199/2025	Musings of a Cigarette Smoking Man	#FF9F40	Up the Long Ladder
A/India/PUN-NIV25-1244/2025	Jose Chung's From Outer Space	#3FD5D0	11001001
A/India/PUN-NIV25-1812/2025	Anasazi	#F47CC3	Up the Long Ladder
A/India/PUN-NIV25-1830/2025	The Walk	#4CCB7F	Journey's End
A/India/PUN-NIV25-1839/2025	The Walk	#4CCB7F	Q Who
A/India/PUN-NIV25-1849/2025	Anasazi	#F47CC3	11001001
A/India/PUN-NIV25-1880/2025	The Walk	#4CCB7F	Up the Long Ladder
A/India/PUN-NIV25-1912/2025	Field Trip	#FFD23F	Journey's End
A/India/PUN-NIV25-1919/2025	Clyde Bruckman's Final Repose	#9E9E9E	Conundrum
A/India/PUN-NIV25-1920/2025	Musings of a Cigarette Smoking Man	#FF9F40	The Arsenal of Freedom
A/India/PUN-NIV25-1936/2025	Anasazi	#F47CC3	Family
A/India/PUN-NIV25-1962/2025	Anasazi	#F47CC3	Up the Long Ladder
A/India/PUN-NIV25-1998/2025	The Walk	#4CCB7F	The Arsenal of Freedom
A/India/PUN-NIV25-2008/2025	Jose Chung's From Outer Space	#3FD5D0	Unnatural Selection
A/India/PUN-NIV25-2072/2025	Jose Chung's From Outer Space	#3FD5D0	11001001
A/India/PUN-NIV25-2084/2025	The Walk	#4CCB7F	The Price
A/India/PUN-NIV25-2097/2025	The End	#C48A5A	Phantasms
A/India/PUN-NIV25-2099/2025	Ghouli	#FF6F69	The Price
A/India/PUN-NIV25-2388/2025	Field Trip	#FFD23F	Q Who
A/India/PUN-NIVCOV25-1689/2025	Musings of a Cigarette Smoking Man	#FF9F40	Conundrum
A/India/PUN-NIVCOV251684/2025	Jose Chung's From Outer Space	#3FD5D0	Family
A/India/Pun-NIV301132/2021Apr	Musings of a Cigarette Smoking Man	#FF9F40	Q Who
A/India/Pun-NIV313370/2021May	Musings of a Cigarette Smoking Man	#FF9F40	Conundrum
A/India/Pun-NIV326980/2021Jul	Jose Chung's From Outer Space	#3FD5D0	Q Who
A/India/Pun-NIV327049/2021Jul	The End	#C48A5A	Q Who
A/India/Pun-NIV327745/2021Jul	Field Trip	#FFD23F	Unnatural Selection
A/India/Thi-NIV239222/2023	Jose Chung's From Outer Space	#3FD5D0	Q Who
A/Indiana/47/2025	Hollywood A.D.	#6BA3E6	The Arsenal of Freedom
A/Indonesia/BIOKES-2256469/2025	Hollywood A.D.	#6BA3E6	Unnatural Selection
A/Indonesia/BIOKES-ES112214171W/2025	Hollywood A.D.	#6BA3E6	The Price
A/Indonesia/BIOKES-ES112214241W/2025	Elegy	#B084F5	Unnatural Selection
A/Indonesia/BIOKES-ES112214291W/2025	Musings of a Cigarette Smoking Man	#FF9F40	11001001
A/Indonesia/BIOKES-ES23530347/2025	Hollywood A.D.	#6BA3E6	Conundrum
A/Indonesia/BIOKES-ES23530351/2025	Musings of a Cigarette Smoking Man	#FF9F40	Journey's End
A/Indonesia/BIOKES-ES23530364/2025	Anasazi	#F47CC3	Up the Long Ladder
A/Indonesia/BIOKES-ES23530365/2025	Anasazi	#F47CC3	Family
A/Indonesia/BIOKES-ES23530374/2025	The End	#C48A5A	Conundrum
A/Indonesia/BIOKES-ES3710279W/2025	Musings of a Cigarette Smoking Man	#FF9F40	The Arsenal of Freedom
A/Indonesia/BIOKES-ES3710284W/2025	Field Trip	#FFD23F	11001001
A/Indonesia/BIOKES-ES3710293W/2025	Anasazi	#F47CC3	Conundrum
A/Indonesia/BIOKES-I-BT0033/2025	Hollywood A.D.	#6BA3E6	The Price
A/Indonesia/BIOKES-I-BT0038/2025	The End	#C48A5A	Up the Long Ladder
A/Indonesia/BIOKES-I-BT074/2025	Ghouli	#FF6F69	Unnatural Selection
A/Indonesia/BIOKES-I-BT077/2025	Clyde Bruckman's Final Repose	#9E9E9E	The Arsenal of Freedom
A/Indonesia/BIOKES-I-BT080/2025	Ghouli	#FF6F69	The Arsenal of Freedom
A/Indonesia/BIOKES-I-BT103/2025	Elegy	#B084F5	The Arsenal of Freedom
A/Indonesia/BIOKES-I-SR0009/2024	Hollywood A.D.	#6BA3E6	Q Who
A/Indonesia/BIOKES-I-SR0050/2025	Elegy	#B084F5	Journey's End
A/Indonesia/BIOKES-I-SR0054/2025	Anasazi	#F47CC3	Up the Long Ladder
A/Indonesia/BIOKES-I-SR0056/2025	Field Trip	#FFD23F	Up the Long Ladder
A/Indonesia/BIOKES-I-SR0058/2025	Ghouli	#FF6F69	Up the Long Ladder
A/Indonesia/BIOKES-IBJM336/2025	Jose Chung's From Outer Space	#3FD5D0	Phantasms
A/Indonesia/BIOKES-IBJM388/2025	Jose Chung's From Outer Space	#3FD5D0	Unnatural Selection
A/Indonesia/BIOKES-IBJM389/2025	Clyde Bruckman's Final Repose	#9E9E9E	11001001
A/Indonesia/BIOKES-IBJM390/2025	Jose Chung's From Outer Space	#3FD5D0	Unnatural Selection
A/Indonesia/BIOKES-IBJM393/2025	Jose Chung's From Outer Space	#3FD5D0	The Price
A/Indonesia/BIOKES-IBJM395/2025	Hollywood A.D.	#6BA3E6	11001001
A/Indonesia/BIOKES-IBJM397/2025	Hollywood A.D.	#6BA3E6	Conundrum
A/Indonesia/BIOKES-IBJM400/2025	The Walk	#4CCB7F	The Price
A/Indonesia/BIOKES-IBJM403/2025	Elegy	#B084F5	Phantasms
A/Indonesia/BIOKES-IBJM410/2025	Hollywood A.D.	#6BA3E6	11001001
A/Indonesia/BIOKES-IBJM413/2025	The End	#C48A5A	Journey's End
A/Indonesia/BIOKES-IBJM414/2025	Clyde Bruckman's Final Repose	#9E9E9E	Family
A/Indonesia/BIOKES-IBJM415/2025	Field Trip	#FFD23F	Q Who
A/Indonesia/BIOKES-IBJM416/2025	Elegy	#B084F5	11001001
A/Indonesia/BIOKES-IBJM417/2025	Ghouli	#FF6F69	The Arsenal of Freedom
A/Indonesia/BIOKES-IBJM418/2025	The Walk	#4CCB7F	The Price
A/Indonesia/BIOKES-IBJM421/2025	The Walk	#4CCB7F	11001001
A/Indonesia/BIOKES-IBJM423/2025	Hollywood A.D.	#6BA3E6	Journey's End
A/Indonesia/BIOKES-IBJM427/2025	Jose Chung's From Outer Space	#3FD5D0	Unnatural Selection
A/Indonesia/BIOKES-IBJM430/2025	Field Trip	#FFD23F	The Price
A/Indonesia/BIOKES-IBPP686/2024	Clyde Bruckman's Final Repose	#9E9E9E	Up the Long Ladder
A/Indonesia/BIOKES-IDSW-439/2025	Clyde Bruckman's Final Repose	#9E9E9E	Up the Long Ladder
A/Indonesia/BIOKES-IDSW-464/2025	Musings of a Cigarette Smoking Man	#FF9F40	The Price
A/Indonesia/BIOKES-IKBL-230/2025	Anasazi	#F47CC3	Journey's End
A/Indonesia/BIOKES-ILPG1107/2025	Elegy	#B084F5	The Price
A/Indonesia/BIOKES-IMKS992/2025	The Walk	#4CCB7F	Conundrum
A/Indonesia/BIOKES-IMLG033/2025	Elegy	#B084F5	Conundrum
A/Indonesia/BIOKES-IMLG034/2025	Clyde Bruckman's Final Repose	#9E9E9E	Phantasms
A/Indonesia/BIOKES-INAD491/2025	Clyde Bruckman's Final Repose	#9E9E9E	11001001
A/Indonesia/BIOKES-IPSA0129/2025	The Walk	#4CCB7F	Q Who
A/Indonesia/BIOKES-ISMG0751/2021	Field Trip	#FFD23F	The Arsenal of Freedom
A/Indonesia/BIOKES-ISMG0843/2025	Elegy	#B084F5	Unnatural Selection
A/Indonesia/BIOKES-ITNA-207/2025	Elegy	#B084F5	Unnatural Selection
A/Indonesia/BIOKES-ITNA-208/2025	Musings of a Cigarette Smoking Man	#FF9F40	Journey's End
A/Indonesia/BIOKES-I_BDG0867/2024	Elegy	#B084F5	The Arsenal of Freedom
A/Indonesia/BIOKES-I_UP0238/2025	Elegy	#B084F5	The Price
A/Indonesia/BIOKES-I_UP0251/2025	Field Trip	#FFD23F	Unnatural Selection
A/Indonesia/BIOKES-M-IL-000/2025	The Walk	#4CCB7F	Conundrum
A/Indonesia/BIOKES-S-RHS789/2025	Musings of a Cigarette Smoking Man	#FF9F40	Journey's End
A/Indonesia/BIOKES-S-RSS0456/2025	The End	#C48A5A	Journey's End
A/Indonesia/BIOKES-S-RSS0460/2025	Hollywood A.D.	#6BA3E6	The Price
A/Indonesia/BIOKES-S-RSS0483/2025	Elegy	#B084F5	Journey's End
A/Indonesia/BIOKES-S-RSS0485/2025	Ghouli	#FF6F69	Phantasms
A/Indonesia/BIOKES-S-RSS0486/2025	Field Trip	#FFD23F	Phantasms
A/Indonesia/BIOKES-S-RSS0488/2025	The End	#C48A5A	The Arsenal of Freedom
A/Indonesia/BIOKES-S-RSS0489/2025	Ghouli	#FF6F69	Q Who
A/Indonesia/BIOKES-S-RSS0491/2025	Ghouli	#FF6F69	Family
A/Indonesia/BIOKES-S-RSS0498/2025	The Walk	#4CCB7F	11001001
A/Indonesia/BIOKES-S-RSS0501/2025	Ghouli	#FF6F69	Up the Long Ladder
A/Indonesia/BIOKES-S-RSS0513/2025	Clyde Bruckman's Final Repose	#9E9E9E	Q Who
A/Indonesia/BIOKES-S-RSS0519/2025	Musings of a Cigarette Smoking Man	#FF9F40	The Arsenal of Freedom
A/Indonesia/BIOKES-S-RSS0523/2025	Hollywood A.D.	#6BA3E6	11001001
A/Indonesia/BIOKES-S-RSS0532/2025	Ghouli	#FF6F69	The Arsenal of Freedom
A/Indonesia/BIOKES-S-RSS0539/2025	Field Trip	#FFD23F	Phantasms
A/Indonesia/BIOKES-S-RSS0541/2025	Ghouli	#FF6F69	Phantasms
A/Indonesia/BIOKES-S-RSS0545/2025	Elegy	#B084F5	The Arsenal of Freedom
A/Indonesia/BIOKES-S-SD0021/2025	The End	#C48A5A	Up the Long Ladder
A/Indonesia/BIOKES-SJSF0121/2025	Anasazi	#F47CC3	Phantasms
A/Indonesia/BIOKES-SJSF0122/2025	Hollywood A.D.	#6BA3E6	11001001
A/Indonesia/BIOKES-SJSF0133/2025	Field Trip	#FFD23F	Journey's End
A/Indonesia/BIOKES-SJSF0134/2025	The Walk	#4CCB7F	Q Who
A/Indonesia/BIOKES-SJSF0135/2025	Jose Chung's From Outer Space	#3FD5D0	Unnatural Selection
A/Indonesia/BIOKES-SJSF0136/2025	The End	#C48A5A	The Price
A/Indonesia/BIOKES-SMHM266/2025	Ghouli	#FF6F69	Up the Long Ladder
A/Indonesia/BIOKES-SMHM270/2025	The Walk	#4CCB7F	Q Who
A/Indonesia/BIOKES-SMHM273/2025	Musings of a Cigarette Smoking Man	#FF9F40	The Arsenal of Freedom
A/Indonesia/BIOKES-SMHM275/2025	Elegy	#B084F5	Q Who
A/Indonesia/BIOKES-SRHS193/2025	Musings of a Cigarette Smoking Man	#FF9F40	Journey's End
A/Indonesia/BIOKES-SRHS203/2025	Musings of a Cigarette Smoking Man	#FF9F40	Journey's End
A/Indonesia/BIOKES-SRHS213/2025	Anasazi	#F47CC3	Journey's End
A/Indonesia/BIOKES-SRHS215/2025	Field Trip	#FFD23F	Q Who
A/Indonesia/BIOKES-SRHS231/2025	Hollywood A.D.	#6BA3E6	The Arsenal of Freedom
A/Indonesia/BIOKES-SRHS236/2025	Elegy	#B084F5	The Price
A/Indonesia/BIOKES-SRHS237/2025	Ghouli	#FF6F69	The Arsenal of Freedom
A/Indonesia/BIOKES-SRHS239/2025	The End	#C48A5A	11001001
A/Indonesia/BIOKES-SRHS240/2025	Anasazi	#F47CC3	The Arsenal of Freedom
A/Indonesia/BIOKES-SRHS244/2025	Anasazi	#F47CC3	Up the Long Ladder
A/Indonesia/BIOKES-SRHS245/2025	Elegy	#B084F5	Journey's End
A/Indonesia/BIOKES-SRHS247/2025	Clyde Bruckman's Final Repose	#9E9E9E	Conundrum
A/Indonesia/BIOKES-SRHS260/2025	Musings of a Cigarette Smoking Man	#FF9F40	The Arsenal of Freedom
A/Indonesia/BIOKES-SRHS263/2025	Hollywood A.D.	#6BA3E6	Up the Long Ladder
A/Indonesia/BIOKES-SRHS287/2025	Musings of a Cigarette Smoking Man	#FF9F40	Family
A/Indonesia/BIOKES-SRHS311/2025	Ghouli	#FF6F69	Q Who
A/Indonesia/BIOKES-SRHS322/2025	Elegy	#B084F5	Q Who
A/Indonesia/BIOKES-SRKI0471/2025	Hollywood A.D.	#6BA3E6	Q Who
A/Indonesia/BIOKES-SRKI0484/2025	Hollywood A.D.	#6BA3E6	Journey's End
A/Indonesia/BIOKES-SRKI0488/2025	Ghouli	#FF6F69	Journey's End
A/Iowa/101/2025	Ghouli	#FF6F69	Conundrum
A/Iowa/102/2025	Ghouli	#FF6F69	Unnatural Selection
A/Iowa/104/2025	Field Trip	#FFD23F	The Price
A/Iowa/105/2025	Anasazi	#F47CC3	11001001
A/Iowa/107/2025	Anasazi	#F47CC3	Unnatural Selection
A/Iowa/12/2024_Spf3E1	Hollywood A.D.	#6BA3E6	Q Who
A/Iowa/98/2025	Jose Chung's From Outer Space	#3FD5D0	Conundrum
A/Ipora/LEIAL6895/2025	Clyde Bruckman's Final Repose	#9E9E9E	Family
A/Iquique/69641/2025	Hollywood A.D.	#6BA3E6	Journey's End
A/Iquique/76184/2025	The Walk	#4CCB7F	Conundrum
A/Iquitos/FPI23114/2025H3N2	Ghouli	#FF6F69	Family
A/Iquitos/FPI23124/2025H3N2	Hollywood A.D.	#6BA3E6	Up the Long Ladder
A/Iquitos/FPI23252/2025H3N2	The Walk	#4CCB7F	Phantasms
A/Iquitos/FPI23330/2025H3N2	Hollywood A.D.	#6BA3E6	11001001
A/Iquitos/FPI23375/2025H3N2	The End	#C48A5A	Phantasms
A/Iquitos/FPI23397/2025H3N2	Musings of a Cigarette Smoking Man	#FF9F40	Family
A/Iquitos/FPI23404/2025H3N2	Musings of a Cigarette Smoking Man	#FF9F40	Phantasms
A/Iquitos/FPI23405/2025H3N2	Anasazi	#F47CC3	11001001
A/Iran/12-N-42/2025	The Walk	#4CCB7F	Conundrum
A/Iran/15-G-43/2025	Musings of a Cigarette Smoking Man	#FF9F40	The Arsenal of Freedom
A/Iran/Ab29A/10/2021	Ghouli	#FF6F69	The Arsenal of Freedom
A/Ireland/00064088/2025	Elegy	#B084F5	Unnatural Selection
A/Ireland/00069174/2025	Musings of a Cigarette Smoking Man	#FF9F40	Phantasms
A/Ireland/00070600/2025	The Walk	#4CCB7F	Up the Long Ladder
A/Ireland/00071311/2025	The Walk	#4CCB7F	The Arsenal of Freedom
A/Ireland/00073812/2025	Clyde Bruckman's Final Repose	#9E9E9E	Conundrum
A/Ireland/00074779/2025	Ghouli	#FF6F69	Unnatural Selection
A/Ireland/00075249/2025	Musings of a Cigarette Smoking Man	#FF9F40	Phantasms
A/Ireland/00075845/2025	Anasazi	#F47CC3	Journey's End
A/Ireland/00076614/2025	Anasazi	#F47CC3	11001001
A/Ireland/00076986/2025	Elegy	#B084F5	Journey's End
A/Ireland/00077041/2025	Musings of a Cigarette Smoking Man	#FF9F40	Up the Long Ladder
A/Ireland/00077762/2025	The Walk	#4CCB7F	Unnatural Selection
A/Ireland/00078254/2025	The Walk	#4CCB7F	Journey's End
A/Ireland/00078271/2025	Anasazi	#F47CC3	Q Who
A/Ireland/00078724/2025	Ghouli	#FF6F69	Family
A/Ireland/00078849/2025	Musings of a Cigarette Smoking Man	#FF9F40	Journey's End
A/Ireland/00080144/2025	Musings of a Cigarette Smoking Man	#FF9F40	Family
A/Ireland/00080145/2025	Ghouli	#FF6F69	Unnatural Selection
A/Ireland/00081276/2025	Anasazi	#F47CC3	Family
A/Ireland/00081571/2025	Jose Chung's From Outer Space	#3FD5D0	Phantasms
A/Ireland/00081572/2025	The End	#C48A5A	Up the Long Ladder
A/Ireland/00081573/2025	Musings of a Cigarette Smoking Man	#FF9F40	Journey's End
A/Ireland/00084909/2025	Field Trip	#FFD23F	Conundrum
A/Ireland/00084928/2025	Hollywood A.D.	#6BA3E6	The Price
A/Ireland/00084929/2025	Elegy	#B084F5	Unnatural Selection
A/Ireland/00084930/2025	Hollywood A.D.	#6BA3E6	11001001
A/Ireland/00085102/2025	Field Trip	#FFD23F	11001001
A/Ireland/00085104/2025	Musings of a Cigarette Smoking Man	#FF9F40	Conundrum
A/Irkutsk_Oblast/101-2V/2025	Field Trip	#FFD23F	Unnatural Selection
A/Israel/R-6982/2021	The Walk	#4CCB7F	Unnatural Selection
A/Itaberai/LEIAL6920/2025	Clyde Bruckman's Final Repose	#9E9E9E	The Price
A/Italy/16373/2025	Hollywood A.D.	#6BA3E6	The Price
A/Italy/USAFSAM-16609/2025	Field Trip	#FFD23F	Up the Long Ladder
A/Itanhaem/LEIAL6924/2025	Ghouli	#FF6F69	11001001
A/Itanhaem/LEIAL6925/2025	Musings of a Cigarette Smoking Man	#FF9F40	Q Who
A/Ivanovo/RII-MH249491S/2025	Ghouli	#FF6F69	Up the Long Ladder
A/Ivanovo/RII-MH264988S/2025	Clyde Bruckman's Final Repose	#9E9E9E	Family
A/Jaboticabal/LEIAL6514/2025	Field Trip	#FFD23F	Conundrum
A/Jacarei/LEIAL6912/2025	Musings of a Cigarette Smoking Man	#FF9F40	The Price
A/Japan/16313/2025	Ghouli	#FF6F69	Journey's End
A/Jaru/LEIAL6508/2025	Anasazi	#F47CC3	Phantasms
A/Jatai/LEIAL6916/2025	Clyde Bruckman's Final Repose	#9E9E9E	Journey's End
A/Jeju/1700/2025	Ghouli	#FF6F69	Up the Long Ladder
A/Jeju/1744/2025	Ghouli	#FF6F69	Journey's End
A/Jeju/1782/2025	The Walk	#4CCB7F	The Arsenal of Freedom
A/Jeju/1783/2025	Ghouli	#FF6F69	Journey's End
A/Jeju/1785/2025	Elegy	#B084F5	The Price
A/Jeju/1786/2025	Ghouli	#FF6F69	Family
A/Jeju/1859/2025	Hollywood A.D.	#6BA3E6	Family
A/Jeju/1860/2025	Anasazi	#F47CC3	Unnatural Selection
A/Jeonbuk/1658/2025	Ghouli	#FF6F69	Phantasms
A/Jeonbuk/1676/2025	Field Trip	#FFD23F	Conundrum
A/Jeonbuk/1677/2025	Musings of a Cigarette Smoking Man	#FF9F40	Phantasms
A/Jeonbuk/1699/2025	Anasazi	#F47CC3	Unnatural Selection
A/Jeonbuk/1722/2025	Hollywood A.D.	#6BA3E6	Phantasms
A/Jeonbuk/1732/2025	The Walk	#4CCB7F	Q Who
A/Jeonbuk/1733/2025	The Walk	#4CCB7F	The Price
A/Jeonbuk/1743/2025	Musings of a Cigarette Smoking Man	#FF9F40	11001001
A/Jeonbuk/1770/2025	Ghouli	#FF6F69	Family
A/Jeonbuk/1773/2025	Jose Chung's From Outer Space	#3FD5D0	Unnatural Selection
A/Jeonbuk/1774/2025	Field Trip	#FFD23F	Up the Long Ladder
A/Jeonbuk/1775/2025	Hollywood A.D.	#6BA3E6	Unnatural Selection
A/Jeonbuk/1776/2025	Field Trip	#FFD23F	The Arsenal of Freedom
A/Jeonbuk/1777/2025	Hollywood A.D.	#6BA3E6	Q Who
A/Jeonbuk/1778/2025	Jose Chung's From Outer Space	#3FD5D0	Family
A/Jeonbuk/1779/2025	Jose Chung's From Outer Space	#3FD5D0	Journey's End
A/Jeonbuk/1845/2025	Elegy	#B084F5	Phantasms
A/Jeonbuk/1848/2025	Musings of a Cigarette Smoking Man	#FF9F40	Unnatural Selection
A/Jeonbuk/1849/2025	Ghouli	#FF6F69	Up the Long Ladder
A/Jeonbuk/4055/2024	Jose Chung's From Outer Space	#3FD5D0	Phantasms
A/Jiangsu-Binhu/1823/2025	Musings of a Cigarette Smoking Man	#FF9F40	Phantasms
A/Jiangsu-Binhu/34/2025	The Walk	#4CCB7F	Journey's End
A/Jiangsu-Gusu/11654/2025	Field Trip	#FFD23F	Up the Long Ladder
A/Jiangsu-Haian/37/2025	The Walk	#4CCB7F	Unnatural Selection
A/Jiangsu-Haizhou/1784/2025	Ghouli	#FF6F69	The Arsenal of Freedom
A/Jiangsu-Huqiu/2811/2025	Musings of a Cigarette Smoking Man	#FF9F40	Family
A/Jiangsu-Nanjinggulou/13554/2025	Field Trip	#FFD23F	11001001
A/Jiangsu-Rugao/318/2025	Musings of a Cigarette Smoking Man	#FF9F40	Family
A/Jiangsu-Wujin/1898/2025	Clyde Bruckman's Final Repose	#9E9E9E	Phantasms
A/Jiangsu-Wuzhong/2773/2025	Field Trip	#FFD23F	Up the Long Ladder
A/Jiangsu-Xiangcheng/2697/2025	Ghouli	#FF6F69	Up the Long Ladder
A/Jiangsu-wuxi/0729/2022	Clyde Bruckman's Final Repose	#9E9E9E	The Arsenal of Freedom
A/Jilin-Chaoyang/1230/2024_C1S1	Musings of a Cigarette Smoking Man	#FF9F40	Journey's End
A/Jilin-Chaoyang/1765/2025	The End	#C48A5A	Unnatural Selection
A/Jilin-Chaoyang/1918/2025	Elegy	#B084F5	The Price
A/Jilin-Chaoyang/1962/2025	Ghouli	#FF6F69	The Arsenal of Freedom
A/Jilin-Dunhua/34/2025	Field Trip	#FFD23F	Conundrum
A/Jilin-Gongzhuling/1548/2025	Anasazi	#F47CC3	Unnatural Selection
A/Jilin-Nanguan/11023/2025	Elegy	#B084F5	The Price
A/Jilin-Nanguan/11062/2025	The Walk	#4CCB7F	Phantasms
A/Jilin-Tiexi/128/2025_C1C1	Ghouli	#FF6F69	Up the Long Ladder
A/Jonkoping/SE25-09086/2025	Elegy	#B084F5	Unnatural Selection
A/Jonkoping/SE25-10632/2025	The End	#C48A5A	Phantasms
A/Jonkoping/SE25-10898/2025	Field Trip	#FFD23F	11001001
A/KANAGAWA/AC2413/2025_hCK01	The End	#C48A5A	Phantasms
A/KANAGAWA/AC2416/2025	Elegy	#B084F5	Q Who
A/KANAGAWA/AC2417/2025	Musings of a Cigarette Smoking Man	#FF9F40	Unnatural Selection
A/KANAGAWA/AC2418/2025	Musings of a Cigarette Smoking Man	#FF9F40	Up the Long Ladder
A/KANAGAWA/AC2502/2025	The Walk	#4CCB7F	Q Who
A/KANAGAWA/AC2503/2025	The Walk	#4CCB7F	The Price
A/KANAGAWA/AC2505/2025	Ghouli	#FF6F69	The Arsenal of Freedom
A/KANAGAWA/AC2506/2025	Elegy	#B084F5	Q Who
A/KANAGAWA/IC18143/2019	Ghouli	#FF6F69	The Arsenal of Freedom
A/KANAGAWA/IC2311/2023_hCK01	The Walk	#4CCB7F	Unnatural Selection
A/KANAGAWA/IC2316/2023_hCK01	Hollywood A.D.	#6BA3E6	Journey's End
A/KANAGAWA/IC2338/2023_hCK01	The Walk	#4CCB7F	Q Who
A/KANAGAWA/IC2346/2023_hCK01	Elegy	#B084F5	11001001
A/KANAGAWA/IC2405/2024_hCK01	Ghouli	#FF6F69	Journey's End
A/KANAGAWA/IC2501/2025	Ghouli	#FF6F69	The Price
A/KANAGAWA/IC2502/2025	Ghouli	#FF6F69	Journey's End
A/KANAGAWA/IC2502/2025_hCK01	Jose Chung's From Outer Space	#3FD5D0	Unnatural Selection
A/KANAGAWA/IC2503/2025	The Walk	#4CCB7F	The Arsenal of Freedom
A/KANAGAWA/IC2506/2025	Field Trip	#FFD23F	The Price
A/KANAGAWA/IC2507/2025	Ghouli	#FF6F69	Conundrum
A/KANAGAWA/IC2508/2025	Jose Chung's From Outer Space	#3FD5D0	The Price
A/KANAGAWA/IC2509/2025	The End	#C48A5A	Journey's End
A/KANAGAWA/IC2510/2025	The End	#C48A5A	Family
A/KANAGAWA/IC2511/2025	Clyde Bruckman's Final Repose	#9E9E9E	The Price
A/KANAGAWA/ZC2501/2025	Jose Chung's From Outer Space	#3FD5D0	Phantasms
A/KAWASAKI/23/2025	Elegy	#B084F5	Conundrum
A/KAWASAKI/26/2025	Jose Chung's From Outer Space	#3FD5D0	Journey's End
A/KOBE/80173/2025	Elegy	#B084F5	Q Who
A/KOBE/80178/2025	The Walk	#4CCB7F	Phantasms
A/KOBE/80206/2025	The Walk	#4CCB7F	11001001
A/KOBE/80219/2025	The End	#C48A5A	Journey's End
A/KOBE/90436/2025	Jose Chung's From Outer Space	#3FD5D0	Q Who
A/KOBE/90437/2025	Ghouli	#FF6F69	Phantasms
A/KOBE/90457/2025	Hollywood A.D.	#6BA3E6	The Price
A/Kaliningrad/RII-MH264989S/2025	Clyde Bruckman's Final Repose	#9E9E9E	Up the Long Ladder
A/Kaliningrad_Oblast/38-1V/2025	Jose Chung's From Outer Space	#3FD5D0	Family
A/Kaliningrad_Oblast/38-3V/2025	Ghouli	#FF6F69	Unnatural Selection
A/Kamchatka/66-1V/2025	Clyde Bruckman's Final Repose	#9E9E9E	The Arsenal of Freedom
A/Kamchatka/80-1V/2025	Field Trip	#FFD23F	Unnatural Selection
A/Kanagawa/IC2338/2023_E3	Field Trip	#FFD23F	Conundrum
A/Kanagawa/IC2502/2025	Elegy	#B084F5	Unnatural Selection
A/Kanagawa/IC2502/2025_HCK2	Elegy	#B084F5	Conundrum
A/Kanchaburi/s3094w/2025	Hollywood A.D.	#6BA3E6	The Price
A/Kanchaburi/s3098w/2025	Hollywood A.D.	#6BA3E6	Family
A/Kanchaburi/s3189w/2025	Jose Chung's From Outer Space	#3FD5D0	Phantasms
A/Kanchaburi/s3193w/2025	Clyde Bruckman's Final Repose	#9E9E9E	Up the Long Ladder
A/Karaganda/3518/2025	The Walk	#4CCB7F	11001001
A/Kawasaki/12/2024_C1hCK2	Jose Chung's From Outer Space	#3FD5D0	Unnatural Selection
A/Kazakhstan/Inf-P-3409/2025	Field Trip	#FFD23F	The Price
A/Kazakhstan/Inf-P-3410/2025	Musings of a Cigarette Smoking Man	#FF9F40	The Arsenal of Freedom
A/Kazakhstan/Inf-P-3437/2025	The End	#C48A5A	11001001
A/Kazakhstan/Inf-P-3442/2025	Hollywood A.D.	#6BA3E6	11001001
A/Kazakhstan/Inf-P-3445/2025	Field Trip	#FFD23F	Conundrum
A/Kazakhstan/Inf-P-3447/2025	Field Trip	#FFD23F	Unnatural Selection
A/Kazakhstan/Inf-P-3491/2025	Field Trip	#FFD23F	Family
A/Kazakhstan/Inf-P-3492/2025	Hollywood A.D.	#6BA3E6	11001001
A/Kazakhstan/Inf-P-3522/2025	Clyde Bruckman's Final Repose	#9E9E9E	Conundrum
A/Kazakhstan/Inf-P-3535/2025	The Walk	#4CCB7F	Unnatural Selection
A/Kazakhstan/Inf-P-3538/2025	Jose Chung's From Outer Space	#3FD5D0	Journey's End
A/Kazakhstan/Inf-P-3544/2025	The Walk	#4CCB7F	Family
A/Kazakhstan/Inf-P-3545/2025	Hollywood A.D.	#6BA3E6	Unnatural Selection
A/Kazakhstan/Inf-P-3548/2025	Anasazi	#F47CC3	Journey's End
A/Kazakhstan/Inf-P-3567/2025	The Walk	#4CCB7F	Journey's End
A/Kazakhstan/Inf-P-3568/2025	Field Trip	#FFD23F	Journey's End
A/Kazakhstan/Inf-P-3569/2025	Field Trip	#FFD23F	Up the Long Ladder
A/Kazakhstan/Inf-P-3570/2025	Hollywood A.D.	#6BA3E6	Unnatural Selection
A/Kazakhstan/Inf-P-3571/2025	The Walk	#4CCB7F	The Arsenal of Freedom
A/Kazakhstan/Inf-P-3584/2025	Field Trip	#FFD23F	11001001
A/Kazakhstan/Inf-P-3585/2025	Elegy	#B084F5	Conundrum
A/Kazakhstan/Inf-P-3587/2025	The End	#C48A5A	Unnatural Selection
A/Kazakhstan/Inf-P-3591/2025	Clyde Bruckman's Final Repose	#9E9E9E	Family
A/Kazakhstan/NCE328/2025	Musings of a Cigarette Smoking Man	#FF9F40	Phantasms
A/Kazakhstan/NCE330/2025	Elegy	#B084F5	The Price
A/Kazakhstan/NCE336/2025	Clyde Bruckman's Final Repose	#9E9E9E	The Price
A/Kazakhstan/NCE353/2025	Hollywood A.D.	#6BA3E6	The Arsenal of Freedom
A/Kazakhstan/NCE354/2025	Clyde Bruckman's Final Repose	#9E9E9E	Conundrum
A/Kazan/RII-MH264615S/2025	Elegy	#B084F5	The Price
A/Kentucky/15878/2025	The End	#C48A5A	The Arsenal of Freedom
A/Kentucky/29/2024_S1	Ghouli	#FF6F69	11001001
A/Kentucky/38/2024	The End	#C48A5A	Conundrum
A/Kentucky/60/2025	Anasazi	#F47CC3	11001001
A/Kenya/118/2024	The End	#C48A5A	Journey's End
A/Kenya/5192/2023	Clyde Bruckman's Final Repose	#9E9E9E	Unnatural Selection
A/Kenya/AFI-ISB-1713/2025	Musings of a Cigarette Smoking Man	#FF9F40	Unnatural Selection
A/Kenya/AFI-KDH-2242/2025	Anasazi	#F47CC3	The Price
A/Kenya/AFI-LAM-2696/2025	Anasazi	#F47CC3	Up the Long Ladder
A/Kenya/AFI-LKN-361/2025	Ghouli	#FF6F69	Conundrum
A/Kenya/AFI-LKN-364/2025	Elegy	#B084F5	Family
A/Kenya/AFI-LKN-367/2025	The Walk	#4CCB7F	11001001
A/Kenya/AFI-LKN-368/2025	Clyde Bruckman's Final Repose	#9E9E9E	Phantasms
A/Kenya/AFI-LKN-375/2025	Musings of a Cigarette Smoking Man	#FF9F40	Unnatural Selection
A/Kenya/AFI-LKN-378/2025	Field Trip	#FFD23F	Conundrum
A/Kenya/AFI-MNB-2000/2025	Hollywood A.D.	#6BA3E6	Q Who
A/Kenya/AFI-MNB-2003/2025	Jose Chung's From Outer Space	#3FD5D0	The Arsenal of Freedom
A/Kenya/AFI-MNB-2008/2025	Clyde Bruckman's Final Repose	#9E9E9E	Unnatural Selection
A/Kenya/AFI-MNB-2013/2025	Field Trip	#FFD23F	The Price
A/Kenya/AFI-MNB-2016/2025	Anasazi	#F47CC3	The Arsenal of Freedom
A/Kenya/AFI-MNB-2018/2025	The Walk	#4CCB7F	The Price
A/Kenya/DAD04043/2025	Ghouli	#FF6F69	Phantasms
A/Kenya/DAD04060/2025	Anasazi	#F47CC3	Up the Long Ladder
A/Kenya/DAD04061/2025	Musings of a Cigarette Smoking Man	#FF9F40	Up the Long Ladder
A/Kenya/DAD04063/2025	Field Trip	#FFD23F	11001001
A/Kenya/IRH15989/Human/2025	The Walk	#4CCB7F	Unnatural Selection
A/Kenya/IRH16007/Human/2025	The End	#C48A5A	Q Who
A/Kenya/IRH16081/2025	Anasazi	#F47CC3	Q Who
A/Kenya/IRH16084/2025	Anasazi	#F47CC3	Q Who
A/Kenya/IRH16207/2025	Ghouli	#FF6F69	The Price
A/Kenya/IRH16232/2025	Jose Chung's From Outer Space	#3FD5D0	Unnatural Selection
A/Kenya/IRH16237/2025	Hollywood A.D.	#6BA3E6	Phantasms
A/Kenya/IRH16244/2025	Ghouli	#FF6F69	11001001
A/Kenya/IRH16247/2025	Ghouli	#FF6F69	Family
A/Kenya/IRH16249/2025	Anasazi	#F47CC3	Unnatural Selection
A/Kenya/IRH16256/2025	The Walk	#4CCB7F	The Arsenal of Freedom
A/Kenya/IRH16257/2025	Clyde Bruckman's Final Repose	#9E9E9E	Conundrum
A/Kenya/IRH16258/2025	Clyde Bruckman's Final Repose	#9E9E9E	The Price
A/Kenya/IRH16259/2025	Musings of a Cigarette Smoking Man	#FF9F40	The Arsenal of Freedom
A/Kenya/IRH16261/2025	The End	#C48A5A	11001001
A/Kenya/IRH16269/2025	The Walk	#4CCB7F	Conundrum
A/Kenya/IRH16276/2025	The Walk	#4CCB7F	Unnatural Selection
A/Kenya/IRH16282/2025	The Walk	#4CCB7F	11001001
A/Kenya/IRH16283/2025	Hollywood A.D.	#6BA3E6	Phantasms
A/Kenya/IRH16286/2025	Jose Chung's From Outer Space	#3FD5D0	The Price
A/Kenya/IRH16287/2025	Musings of a Cigarette Smoking Man	#FF9F40	Journey's End
A/Kenya/IRH16289/2025	Field Trip	#FFD23F	Conundrum
A/Kenya/IRH16291/2025	The Walk	#4CCB7F	Unnatural Selection
A/Kenya/IRH16293/2025	Elegy	#B084F5	11001001
A/Kenya/IRH16295/2025	Clyde Bruckman's Final Repose	#9E9E9E	11001001
A/Kenya/KAK11491/Human/2025	The End	#C48A5A	Journey's End
A/Kenya/KAK11494/2025	Musings of a Cigarette Smoking Man	#FF9F40	Unnatural Selection
A/Kenya/KNH13891/2025	The Walk	#4CCB7F	Unnatural Selection
A/Kenya/KNH14029/2025	Jose Chung's From Outer Space	#3FD5D0	Up the Long Ladder
A/Kenya/KNH14038/2025	Anasazi	#F47CC3	Family
A/Kenya/MSA10078/2025	Ghouli	#FF6F69	Conundrum
A/Kenya/MSA10129/2025	Hollywood A.D.	#6BA3E6	Q Who
A/Kenya/MSA10158/2025	Anasazi	#F47CC3	Conundrum
A/Kenya/MSA10169/2025	Clyde Bruckman's Final Repose	#9E9E9E	11001001
A/Kenya/MSA10175/2025	Anasazi	#F47CC3	Unnatural Selection
A/Kenya/MSA10191/2025	Elegy	#B084F5	Up the Long Ladder
A/Kenya/MSA10193/2025	Jose Chung's From Outer Space	#3FD5D0	Conundrum
A/Kenya/MSA10194/2025	Anasazi	#F47CC3	The Price
A/Kenya/MSA10197/2025	Jose Chung's From Outer Space	#3FD5D0	11001001
A/Kenya/MSA10198/2025	Musings of a Cigarette Smoking Man	#FF9F40	Family
A/Kenya/MSA10200/2025	The Walk	#4CCB7F	Phantasms
A/Kenya/MSA10210/2025	Clyde Bruckman's Final Repose	#9E9E9E	The Arsenal of Freedom
A/Kenya/MSA10266/2025	The Walk	#4CCB7F	Q Who
A/Kenya/NAK13453/2025	Musings of a Cigarette Smoking Man	#FF9F40	Phantasms
A/Kenya/NYR12265/2025	Anasazi	#F47CC3	11001001
A/Kenya/NYR12299/Human/2025	The Walk	#4CCB7F	Conundrum
A/Kenya/NYR12525/2025	Anasazi	#F47CC3	Family
A/Kenya/SYA87999/2025	Clyde Bruckman's Final Repose	#9E9E9E	The Price
A/Khanty-Mansi_AO/146-4V/2025	Clyde Bruckman's Final Repose	#9E9E9E	Family
A/Kosovo/1159/2019	Field Trip	#FFD23F	Q Who
A/Kosovo/3353/2024	The Walk	#4CCB7F	11001001
A/Krasnodar/RII-MH237561S/2025	Elegy	#B084F5	Phantasms
A/Krasnodar/RII-MH263864S/2025	Clyde Bruckman's Final Repose	#9E9E9E	The Price
A/Kursk/CRIE/98/2021	Field Trip	#FFD23F	Journey's End
A/Kyiv/382/2021	Clyde Bruckman's Final Repose	#9E9E9E	The Arsenal of Freedom
A/Kyrgyzstan/122/2023	Ghouli	#FF6F69	The Price
A/Kyzyl/RII-MH271318S/2025	Jose Chung's From Outer Space	#3FD5D0	Unnatural Selection
A/Kyzyl/RII-MH271319S/2025	Hollywood A.D.	#6BA3E6	Family
A/Kyzyl/RII-MH271321S/2025	The Walk	#4CCB7F	Conundrum
A/Kyzyl/RII-MH271322S/2025	Field Trip	#FFD23F	Up the Long Ladder
A/Kyzyl/RII-MH271323S/2025	Ghouli	#FF6F69	11001001
A/Kyzyl/RII-MH271331S/2025	Clyde Bruckman's Final Repose	#9E9E9E	Phantasms
A/Kyzyl/RII-MH271337S/2025	Hollywood A.D.	#6BA3E6	Family
A/Kyzylorda/3467/2025	Jose Chung's From Outer Space	#3FD5D0	Up the Long Ladder
A/Kyzylorda/3476/2025	Anasazi	#F47CC3	The Arsenal of Freedom
A/Kyzylorda/3477/2025	Clyde Bruckman's Final Repose	#9E9E9E	Journey's End
A/Kyzylorda/3488/2025	The Walk	#4CCB7F	Phantasms
A/LaRioja/1742/2025	The End	#C48A5A	The Price
A/LaRioja/2124/2025	The End	#C48A5A	The Price
A/LaRioja/2125/2025	The End	#C48A5A	Up the Long Ladder
A/LaRioja/2126/2025	Musings of a Cigarette Smoking Man	#FF9F40	Conundrum
A/LaRioja/2128/2025	The Walk	#4CCB7F	Up the Long Ladder
A/LaRioja/2130/2025	Jose Chung's From Outer Space	#3FD5D0	The Arsenal of Freedom
A/LaRioja/2467/2025	Field Trip	#FFD23F	Family
A/LaRioja/2468/2025	Jose Chung's From Outer Space	#3FD5D0	Phantasms
A/LaRioja/2469/2025	Ghouli	#FF6F69	The Arsenal of Freedom
A/LaRioja/2470/2025	Jose Chung's From Outer Space	#3FD5D0	Up the Long Ladder
A/LaRioja/2471/2025	The Walk	#4CCB7F	11001001
A/LaRioja/2472/2025	Elegy	#B084F5	Conundrum
A/LaSerena/72898/2025	Hollywood A.D.	#6BA3E6	11001001
A/LaSerena/72900/2025	Anasazi	#F47CC3	Phantasms
A/LaSerena/74957/2025	Hollywood A.D.	#6BA3E6	Family
A/LaSerena/82203/2025	The Walk	#4CCB7F	Phantasms
A/LaSerena/83818/2025	The Walk	#4CCB7F	Up the Long Ladder
A/LaSerena/89888/2025	Jose Chung's From Outer Space	#3FD5D0	Conundrum
A/Laos/00819-2942/2025	The Walk	#4CCB7F	11001001
A/Laos/00819-3393/2025	The Walk	#4CCB7F	Unnatural Selection
A/Laos/00819-3465/2025	Clyde Bruckman's Final Repose	#9E9E9E	Family
A/Laos/00820-2540/2025	The End	#C48A5A	Conundrum
A/Laos/00820-2731/2025	Hollywood A.D.	#6BA3E6	Unnatural Selection
A/Laos/00820-2750/2025	Elegy	#B084F5	Conundrum
A/Laos/00820-2758/2025	Musings of a Cigarette Smoking Man	#FF9F40	Journey's End
A/Laos/00820-2779/2025	Jose Chung's From Outer Space	#3FD5D0	The Price
A/Laos/00820-2849/2025	Elegy	#B084F5	Phantasms
A/Laos/00820-2855/2025	Jose Chung's From Outer Space	#3FD5D0	Up the Long Ladder
A/Laos/00820-2856/2025	Jose Chung's From Outer Space	#3FD5D0	The Arsenal of Freedom
A/Laos/00820-2859/2025	Anasazi	#F47CC3	Up the Long Ladder
A/Laos/00820-2862/2025	The Walk	#4CCB7F	Q Who
A/Laos/00820-2871/2025	The End	#C48A5A	The Arsenal of Freedom
A/Laos/00820-2875/2025	The End	#C48A5A	Conundrum
A/Laos/00820-2876/2025	Elegy	#B084F5	Family
A/Laos/00820-2877/2025	Field Trip	#FFD23F	Q Who
A/Laos/00820-2879/2025	Clyde Bruckman's Final Repose	#9E9E9E	11001001
A/Laos/00820-2890/2025	Jose Chung's From Outer Space	#3FD5D0	Unnatural Selection
A/Laos/00820-2891/2025	Jose Chung's From Outer Space	#3FD5D0	The Arsenal of Freedom
A/Laos/00820-2893/2025	Hollywood A.D.	#6BA3E6	The Price
A/Laos/00820-2894/2025	Hollywood A.D.	#6BA3E6	Family
A/Laos/00820-2897/2025	Field Trip	#FFD23F	11001001
A/Laos/00820-2908/2025	The End	#C48A5A	Journey's End
A/Laos/00820-2912/2025	Ghouli	#FF6F69	Family
A/Laos/00820-2915/2025	Jose Chung's From Outer Space	#3FD5D0	11001001
A/Laos/00925-1933/2025	Hollywood A.D.	#6BA3E6	Conundrum
A/Laos/00925-1934/2025	Hollywood A.D.	#6BA3E6	The Price
A/Laos/00925-1962/2025	Anasazi	#F47CC3	The Arsenal of Freedom
A/Laos/00925-1965/2025	Musings of a Cigarette Smoking Man	#FF9F40	Q Who
A/Laos/00925-1977/2025	Elegy	#B084F5	Conundrum
A/Laos/00925-1989/2025	Jose Chung's From Outer Space	#3FD5D0	11001001
A/Laos/00925-1994/2025	Ghouli	#FF6F69	11001001
A/Laos/00925-1995/2025	The Walk	#4CCB7F	Phantasms
A/Laos/00925-2000/2025	Ghouli	#FF6F69	Family
A/Laos/00925-2007/2025	Anasazi	#F47CC3	Unnatural Selection
A/Laos/00925-2027/2025	Ghouli	#FF6F69	11001001
A/Laos/00925-2029/2025	Ghouli	#FF6F69	Family
A/Laos/1708/2025	Field Trip	#FFD23F	Family
A/Laos/1714/2025	Elegy	#B084F5	11001001
A/Laos/1727/2025	Ghouli	#FF6F69	Conundrum
A/Laos/1731/2025	Ghouli	#FF6F69	Phantasms
A/Laos/1952/2025	The Walk	#4CCB7F	Journey's End
A/Laos/1954/2025	Elegy	#B084F5	Journey's End
A/Laos/1985/2025	Hollywood A.D.	#6BA3E6	11001001
A/Laos/2017/2025	Ghouli	#FF6F69	Up the Long Ladder
A/Laos/2027/2025	Musings of a Cigarette Smoking Man	#FF9F40	Q Who
A/Laos/2048/2025	Jose Chung's From Outer Space	#3FD5D0	The Price
A/Laos/2049/2025	Elegy	#B084F5	Family
A/Laos/2075/2025	The End	#C48A5A	Family
A/Laos/2103/2025	Ghouli	#FF6F69	Conundrum
A/Laos/2141/2025	Hollywood A.D.	#6BA3E6	Up the Long Ladder
A/Laos/AST-LA08-0025-RTS1-D0PR/2025	Anasazi	#F47CC3	The Price
A/Laos/AST-LA08-0031-TSL2-D0PR/2025	Anasazi	#F47CC3	11001001
A/Laos/F4672/2023_hCK02	Ghouli	#FF6F69	Journey's End
A/Latvia/10-080823/2025	Jose Chung's From Outer Space	#3FD5D0	The Price
A/Latvia/10080823/2025	Hollywood A.D.	#6BA3E6	Phantasms
A/Lima/FPB00306/2025H3N2	Clyde Bruckman's Final Repose	#9E9E9E	The Arsenal of Freedom
A/Lima/FPN00053/2025H3N2	Jose Chung's From Outer Space	#3FD5D0	The Arsenal of Freedom
A/Lima/IPE06706/2025H3N2	The Walk	#4CCB7F	Unnatural Selection
A/Linares/79724/2025	Jose Chung's From Outer Space	#3FD5D0	Journey's End
A/Linares/83825/2025	Elegy	#B084F5	Journey's End
A/Linares/88572/2025	Jose Chung's From Outer Space	#3FD5D0	11001001
A/Lisboa/216/2023_E2Am1AL1	Hollywood A.D.	#6BA3E6	Family
A/Lisboa/309/2025	Ghouli	#FF6F69	Up the Long Ladder
A/Lisboa/5/2021	Anasazi	#F47CC3	Phantasms
A/Lisboa/665/2025	The Walk	#4CCB7F	Q Who
A/Lisboa/696/2025	Elegy	#B084F5	11001001
A/Lisboa/697/2025	Elegy	#B084F5	Up the Long Ladder
A/Lisboa/698/2025	The End	#C48A5A	Q Who
A/Lisboa/699/2025	Anasazi	#F47CC3	Q Who
A/Lisboa/701/2025	Hollywood A.D.	#6BA3E6	Phantasms
A/Lisboa/702/2025	Musings of a Cigarette Smoking Man	#FF9F40	Q Who
A/Lisboa/703/2025	Field Trip	#FFD23F	Family
A/Lisboa/704/2025	Elegy	#B084F5	Q Who
A/Lisboa/708/2025	The End	#C48A5A	Phantasms
A/Lisboa/709/2025	The Walk	#4CCB7F	Conundrum
A/Lisboa/711/2025	Musings of a Cigarette Smoking Man	#FF9F40	Q Who
A/Lisboa/99/2025	The Walk	#4CCB7F	11001001
A/Lithuania/MB251015_0085/2025	The Walk	#4CCB7F	Up the Long Ladder
A/Lithuania/MB251027_0027/2025	Anasazi	#F47CC3	Conundrum
A/Lithuania/MB251027_0465/2025	Elegy	#B084F5	Q Who
A/Lithuania/MB251104_0055/2025	Jose Chung's From Outer Space	#3FD5D0	Family
A/Lithuania/MB251104_0399/2025	Elegy	#B084F5	11001001
A/Llandysul/8433/2025	Jose Chung's From Outer Space	#3FD5D0	The Price
A/Llanfaethlu/9713/2025	Jose Chung's From Outer Space	#3FD5D0	The Price
A/Llanfair/2517/2025	Clyde Bruckman's Final Repose	#9E9E9E	The Arsenal of Freedom
A/LlanfairPG/6185/2025	Field Trip	#FFD23F	Journey's End
A/LlanfairPG/6459/2025	Elegy	#B084F5	Up the Long Ladder
A/LlanfairPG/7015/2025	Field Trip	#FFD23F	The Price
A/Llanfoist/4163/2025	The End	#C48A5A	The Arsenal of Freedom
A/LlantwitMajor/7786/2025	Musings of a Cigarette Smoking Man	#FF9F40	Phantasms
A/Llay/4607/2025	Hollywood A.D.	#6BA3E6	11001001
A/Lopburi/B275/2025	The Walk	#4CCB7F	Journey's End
A/Lopburi/B279/2025	Field Trip	#FFD23F	The Price
A/Lopburi/s1060w/2025	Hollywood A.D.	#6BA3E6	11001001
A/Louisiana/07/2016	Anasazi	#F47CC3	11001001
A/Luiziania/LEIAL6983/2025	Jose Chung's From Outer Space	#3FD5D0	11001001
A/Luxembourg/LNS6698663/2025	Jose Chung's From Outer Space	#3FD5D0	Family
A/Luxembourg/LNS6997774/2025	Ghouli	#FF6F69	Family
A/Luxembourg/LNS7641185/2025	The End	#C48A5A	Phantasms
A/MIE/1/2025	Ghouli	#FF6F69	Conundrum
A/MINASGERAIS/CEVI_2501232/2025	Clyde Bruckman's Final Repose	#9E9E9E	Journey's End
A/MINASGERAIS/CEVI_2501233/2025	The Walk	#4CCB7F	Conundrum
A/MINASGERAIS/CEVI_2501234/2025	Elegy	#B084F5	The Arsenal of Freedom
A/MIYAGI/2/2021	Hollywood A.D.	#6BA3E6	Family
A/MIYAZAKI/25/2025	Field Trip	#FFD23F	The Arsenal of Freedom
A/MIYAZAKI/29/2025	The End	#C48A5A	Up the Long Ladder
A/Madagascar/01078/2025	The Walk	#4CCB7F	The Price
A/Madagascar/02665/2025	Musings of a Cigarette Smoking Man	#FF9F40	Family
A/Madagascar/02678/2025	Clyde Bruckman's Final Repose	#9E9E9E	Conundrum
A/Madagascar/02679/2025	Clyde Bruckman's Final Repose	#9E9E9E	Journey's End
A/Madagascar/02725/2025	Field Trip	#FFD23F	Journey's End
A/Madagascar/02841/2025	Jose Chung's From Outer Space	#3FD5D0	Up the Long Ladder
A/Madagascar/02843/2025	Ghouli	#FF6F69	11001001
A/Madagascar/02844/2025	Field Trip	#FFD23F	Unnatural Selection
A/Madagascar/02845/2024	Clyde Bruckman's Final Repose	#9E9E9E	Q Who
A/Madagascar/02865/2025	Ghouli	#FF6F69	Conundrum
A/Madagascar/02979/2025	Hollywood A.D.	#6BA3E6	The Price
A/Madagascar/03360/2025	Ghouli	#FF6F69	The Arsenal of Freedom
A/Madagascar/03456/2025	Ghouli	#FF6F69	11001001
A/Madagascar/03473/2025	Ghouli	#FF6F69	Conundrum
A/Madagascar/03504/2025	Anasazi	#F47CC3	Unnatural Selection
A/Madagascar/03570/2025	Musings of a Cigarette Smoking Man	#FF9F40	Family
A/Madagascar/03579/2025	Clyde Bruckman's Final Repose	#9E9E9E	Unnatural Selection
A/Madagascar/03595/2025	Musings of a Cigarette Smoking Man	#FF9F40	Up the Long Ladder
A/Madagascar/03632/2025	Clyde Bruckman's Final Repose	#9E9E9E	Journey's End
A/Madagascar/03636/2025	Ghouli	#FF6F69	Up the Long Ladder
A/Madagascar/03665/2025	Elegy	#B084F5	Journey's End
A/Madagascar/03670/2025	Field Trip	#FFD23F	Journey's End
A/Madagascar/03676/2025	Elegy	#B084F5	The Price
A/Madagascar/03706/2025	Musings of a Cigarette Smoking Man	#FF9F40	Up the Long Ladder
A/Madagascar/04049/2025	Jose Chung's From Outer Space	#3FD5D0	11001001
A/Madagascar/1994/2025	Musings of a Cigarette Smoking Man	#FF9F40	Phantasms
A/Madagascar/3323/2025	Elegy	#B084F5	Conundrum
A/Madagascar/3495/2025	Ghouli	#FF6F69	Up the Long Ladder
A/Madagascar/3496/2025	Hollywood A.D.	#6BA3E6	The Arsenal of Freedom
A/Madagascar/3719/2025	Jose Chung's From Outer Space	#3FD5D0	The Price
A/Madagascar/3736/2025	Clyde Bruckman's Final Repose	#9E9E9E	Conundrum
A/Madagascar/3751/2025	Field Trip	#FFD23F	Family
A/Madagascar/3755/2025	Field Trip	#FFD23F	Up the Long Ladder
A/Madagascar/3778/2025	The End	#C48A5A	Journey's End
A/Madagascar/74532/2025	The End	#C48A5A	Family
A/Madagascar/75271/2025	Musings of a Cigarette Smoking Man	#FF9F40	Q Who
A/Madrid/2442/2025	Clyde Bruckman's Final Repose	#9E9E9E	Up the Long Ladder
A/Madrid/HRYC-13832238/2025	The Walk	#4CCB7F	11001001
A/Madrid/HRYC-13841554/2025	The End	#C48A5A	Unnatural Selection
A/Madrid/HRYC-13844625/2025	Hollywood A.D.	#6BA3E6	Conundrum
A/Madrid/HRYC-13857939/2025	Clyde Bruckman's Final Repose	#9E9E9E	Unnatural Selection
A/Madrid/HRYC-13860897/2025	Anasazi	#F47CC3	Phantasms
A/Madrid/HRYC-13861949/2025	Field Trip	#FFD23F	The Arsenal of Freedom
A/Madrid/HRYC-13866048/2025	Musings of a Cigarette Smoking Man	#FF9F40	The Price
A/Madrid/HRYC-13867324/2025	Ghouli	#FF6F69	Up the Long Ladder
A/Madrid/HRYC-13867728/2025	Field Trip	#FFD23F	Journey's End
A/Madrid/HRYC-13868807/2025	Field Trip	#FFD23F	11001001
A/Maine/18/2025	The Walk	#4CCB7F	The Arsenal of Freedom
A/Maine/26/2019	Elegy	#B084F5	Q Who
A/Malacatan/FLU-272/2025	Jose Chung's From Outer Space	#3FD5D0	11001001
A/Malaysia/IMR-SARI0557/2024	Jose Chung's From Outer Space	#3FD5D0	Phantasms
A/Malaysia/IMR-SARI1132/2025	Ghouli	#FF6F69	The Arsenal of Freedom
A/Malaysia/IMR-SARI1703/2025	Musings of a Cigarette Smoking Man	#FF9F40	Phantasms
A/Malaysia/IMR-SARI1731/2025	Ghouli	#FF6F69	Q Who
A/Malaysia/IMR-SARI1803/2025	The End	#C48A5A	Conundrum
A/Malaysia/IMR/RM046/2025	Musings of a Cigarette Smoking Man	#FF9F40	Conundrum
A/Malaysia/IMR/RM047/2025	Field Trip	#FFD23F	11001001
A/Malaysia/IMR/RM051/2025	Hollywood A.D.	#6BA3E6	11001001
A/Malaysia/IMR/RM054/2025	Field Trip	#FFD23F	The Price
A/Malaysia/IMR/RM057/2025	Hollywood A.D.	#6BA3E6	Unnatural Selection
A/Malaysia/IMR/SARI/1203/2025	Field Trip	#FFD23F	The Arsenal of Freedom
A/Malaysia/IMR/SARI/2028/2025	The End	#C48A5A	The Price
A/Malaysia/IMR/SARI/2046/2025	The End	#C48A5A	11001001
A/Malaysia/IMR/SARI/2122/2025	Elegy	#B084F5	Journey's End
A/Malaysia/IMR/SARI/2200/2025	Jose Chung's From Outer Space	#3FD5D0	Up the Long Ladder
A/Malaysia/IMR/SARI/2254/2025	Musings of a Cigarette Smoking Man	#FF9F40	Family
A/Malaysia/IMR/SARI/2287/2025	Musings of a Cigarette Smoking Man	#FF9F40	Family
A/Malaysia/IMR/SARI/2288/2025	Elegy	#B084F5	Unnatural Selection
A/Malaysia/IMR/SARI/2315/2025	Musings of a Cigarette Smoking Man	#FF9F40	The Arsenal of Freedom
A/Malaysia/IMR/SARI/2355/2025	Clyde Bruckman's Final Repose	#9E9E9E	Journey's End
A/Malaysia/IMR/SARI/2360/2025	Jose Chung's From Outer Space	#3FD5D0	Unnatural Selection
A/Malaysia/IMR/SARI/2396/2025	Musings of a Cigarette Smoking Man	#FF9F40	Family
A/Malaysia/IMR/SARI/2403/2025	Anasazi	#F47CC3	The Price
A/Malaysia/IMR/SARI/2406/2025	Jose Chung's From Outer Space	#3FD5D0	Phantasms
A/Malaysia/IMR/SARI/2419/2025	Ghouli	#FF6F69	The Price
A/Malaysia/IMR/SARI/2424/2025	Clyde Bruckman's Final Repose	#9E9E9E	Unnatural Selection
A/Malaysia/IMR/SARI/2465/2025	Field Trip	#FFD23F	Q Who
A/Malaysia/IMR/SARI/2474/2025	Jose Chung's From Outer Space	#3FD5D0	The Price
A/Malaysia/IMR/SARI/2501/2025	Jose Chung's From Outer Space	#3FD5D0	Journey's End
A/Malaysia/IMR/SARI/2517/2025	Musings of a Cigarette Smoking Man	#FF9F40	Unnatural Selection
A/Malaysia/IMR/SARI/2523/2025	The End	#C48A5A	Up the Long Ladder
A/Malaysia/IMR/SARI/2531/2025	Field Trip	#FFD23F	Q Who
A/Malaysia/IMR/SARI/2538/2025	Anasazi	#F47CC3	The Price
A/Malaysia/IMR/SARI/2541/2025	Ghouli	#FF6F69	Conundrum
A/Malaysia/IMR/SARI/2549/2025	The End	#C48A5A	Q Who
A/Malaysia/IMR/SARI/2553/2025	The Walk	#4CCB7F	The Arsenal of Freedom
A/Malaysia/IMR/SARI/2569/2025	Clyde Bruckman's Final Repose	#9E9E9E	Unnatural Selection
A/Malaysia/IMR/SARI/2572/2025	Anasazi	#F47CC3	The Price
A/Malaysia/IMR/SARI/2591/2025	Elegy	#B084F5	Up the Long Ladder
A/Malaysia/IMR/SARI/2592/2025	Field Trip	#FFD23F	Q Who
A/Malaysia/IMR/SARI/2604/2025	Hollywood A.D.	#6BA3E6	Journey's End
A/Malaysia/IMR/SARI/2609/2025	Clyde Bruckman's Final Repose	#9E9E9E	11001001
A/Malaysia/IMR/SARI/2613/2025	Jose Chung's From Outer Space	#3FD5D0	Up the Long Ladder
A/Malaysia/IMR/SARI/2616/2025	Jose Chung's From Outer Space	#3FD5D0	Conundrum
A/Malaysia/IMR/SARI/2626/2025	The Walk	#4CCB7F	Journey's End
A/Malaysia/IMR/SARI/2639/2025	Clyde Bruckman's Final Repose	#9E9E9E	Family
A/Malaysia/IMR/SARI/2645/2025	Jose Chung's From Outer Space	#3FD5D0	Phantasms
A/Malaysia/IMR/SARI/2658/2025	Ghouli	#FF6F69	Up the Long Ladder
A/Malaysia/IMR/SARI/2660/2025	Musings of a Cigarette Smoking Man	#FF9F40	Up the Long Ladder
A/Malaysia/IMR/SARI/2662/2025	Ghouli	#FF6F69	Up the Long Ladder
A/Malaysia/IMR/SARI/2666/2025	Field Trip	#FFD23F	11001001
A/Malaysia/IMR/SARI/2673/2025	Jose Chung's From Outer Space	#3FD5D0	Unnatural Selection
A/Malaysia/IMR/SARI/2675/2025	Elegy	#B084F5	The Arsenal of Freedom
A/Malaysia/IMR/SARI/2677/2025	Elegy	#B084F5	The Price
A/Malaysia/IMR/SARI/2680/2025	Jose Chung's From Outer Space	#3FD5D0	Q Who
A/Malaysia/IMR/SARI/2686/2025	Elegy	#B084F5	The Arsenal of Freedom
A/Malaysia/IMR/SARI/2695/2025	Anasazi	#F47CC3	Journey's End
A/Malaysia/IMR/SARI/2696/2025	Anasazi	#F47CC3	The Arsenal of Freedom
A/Malaysia/IMR/SARI/2701/2025	The End	#C48A5A	Q Who
A/Malaysia/IMR/SARI/2710/2025	Jose Chung's From Outer Space	#3FD5D0	Up the Long Ladder
A/Malaysia/IMR/SARI/2726/2025	Field Trip	#FFD23F	The Price
A/Malaysia/IMR/SARI/2736/2025	Hollywood A.D.	#6BA3E6	The Arsenal of Freedom
A/Malaysia/IMR/SARI/2743/2025	The End	#C48A5A	Up the Long Ladder
A/Malaysia/IMR/SARI/2752/2025	Clyde Bruckman's Final Repose	#9E9E9E	Phantasms
A/Malaysia/IMR/SARI/2756/2025	The End	#C48A5A	11001001
A/Malaysia/IMR/SARI/2764/2025	The End	#C48A5A	11001001
A/Malaysia/IMR/SARI/2773/2025	Hollywood A.D.	#6BA3E6	The Arsenal of Freedom
A/Malaysia/IMR/SARI/2795/2025	Anasazi	#F47CC3	Family
A/Malaysia/MKAI/CL36008/2025	Hollywood A.D.	#6BA3E6	The Price
A/Malaysia/MKAI/CL36565/2025	Hollywood A.D.	#6BA3E6	Q Who
A/Malaysia/MKAI/CL36827/2025	Anasazi	#F47CC3	Unnatural Selection
A/Malaysia/MKAI/CL39030/2025	Hollywood A.D.	#6BA3E6	Family
A/Malaysia/MKAI/CL40885/2025	The Walk	#4CCB7F	11001001
A/Malaysia/MKAI/CL41529/2025	Hollywood A.D.	#6BA3E6	Unnatural Selection
A/Malaysia/MKAI/CL41530/2025	Clyde Bruckman's Final Repose	#9E9E9E	Journey's End
A/Malaysia/MKAI/CL41542/2025	Field Trip	#FFD23F	Conundrum
A/Malaysia/MKAI/CL41562/2025	Elegy	#B084F5	Journey's End
A/Malaysia/MKAI/CL41569/2025	Elegy	#B084F5	Unnatural Selection
A/Malaysia/MKAI/CL41572/2025	Clyde Bruckman's Final Repose	#9E9E9E	The Price
A/Malaysia/MKAI/CL41574/2025	Ghouli	#FF6F69	Q Who
A/Malaysia/MKAI/CL43362/2025	The Walk	#4CCB7F	Unnatural Selection
A/Malaysia/MKAI/CL43508/2025	Jose Chung's From Outer Space	#3FD5D0	Family
A/Malaysia/MKAI/CL43520/2025	Jose Chung's From Outer Space	#3FD5D0	Journey's End
A/Malaysia/MKAI/CL45039/2025	Clyde Bruckman's Final Repose	#9E9E9E	Unnatural Selection
A/Malaysia/MKAI/CL45042/2025	Ghouli	#FF6F69	Family
A/Malaysia/MKAI/CL45389/2025	Hollywood A.D.	#6BA3E6	Family
A/Malaysia/MKAI/CL45396/2025	Elegy	#B084F5	Unnatural Selection
A/Malaysia/MKAI/CL45401/2025	Ghouli	#FF6F69	Phantasms
A/Malaysia/MKAI/CL45790/2025	Hollywood A.D.	#6BA3E6	11001001
A/Malaysia/MKAI/CL45792/2025	Anasazi	#F47CC3	11001001
A/Malaysia/MKAI/CL45915/2025	The Walk	#4CCB7F	Phantasms
A/Malaysia/MKAI/CL45951/2025	The Walk	#4CCB7F	Conundrum
A/Malaysia/MKAI/CL47008/2025	Jose Chung's From Outer Space	#3FD5D0	Journey's End
A/Malaysia/MKAI/CL47539/2025	The End	#C48A5A	Journey's End
A/Malaysia/MKAI/CL47816/2025	Clyde Bruckman's Final Repose	#9E9E9E	Phantasms
A/Malaysia/MKAI/CL49162/2025	Hollywood A.D.	#6BA3E6	Journey's End
A/Malaysia/TIDREC_KBR-AUFI1066/2025	The Walk	#4CCB7F	Family
A/Malaysia/TIDREC_KBR-AUFI1075/2025	Jose Chung's From Outer Space	#3FD5D0	Q Who
A/Malaysia/TIDREC_KBR-AUFI1080/2025	The End	#C48A5A	Up the Long Ladder
A/Malaysia/TIDREC_KBR-AUFI1081/2025	Clyde Bruckman's Final Repose	#9E9E9E	Journey's End
A/Malaysia/TIDREC_KBR-AUFI1083/2025	Field Trip	#FFD23F	11001001
A/Malaysia/TIDREC_KBR-AUFI1100/2025	Field Trip	#FFD23F	Phantasms
A/Malaysia/TIDREC_KBR-AUFI1101/2025	Anasazi	#F47CC3	Conundrum
A/Malaysia/TIDREC_KBR-AUFI1105/2025	Musings of a Cigarette Smoking Man	#FF9F40	Q Who
A/Malaysia/TIDREC_KBR-AUFI1110/2025	Field Trip	#FFD23F	Phantasms
A/Malaysia/TIDREC_KBR-AUFI1112/2025	Ghouli	#FF6F69	Family
A/Malaysia/TIDREC_KBR-AUFI1114/2025	Field Trip	#FFD23F	Q Who
A/Malaysia/TIDREC_KBR-AUFI1119/2025	Clyde Bruckman's Final Repose	#9E9E9E	11001001
A/Malaysia/TIDREC_KBR-AUFI1123/2025	Jose Chung's From Outer Space	#3FD5D0	Journey's End
A/Malaysia/TIDREC_KBR-AUFI1126/2025	Elegy	#B084F5	Unnatural Selection
A/Malaysia/TIDREC_KBR-AUFI1127/2025	Clyde Bruckman's Final Repose	#9E9E9E	Unnatural Selection
A/Malaysia/TIDREC_KBR-AUFI1128/2025	The End	#C48A5A	Family
A/Malaysia/TIDREC_KBR-AUFI1134/2025	The End	#C48A5A	Journey's End
A/Malaysia/TIDREC_KBR-AUFI1137/2025	Hollywood A.D.	#6BA3E6	Up the Long Ladder
A/Malaysia/TIDREC_KBR-AUFI1139/2025	Hollywood A.D.	#6BA3E6	Family
A/Malaysia/TIDREC_KBR-AUFI1140/2025	Field Trip	#FFD23F	Phantasms
A/Malaysia/TIDREC_KBR-AUFI1143/2025	Clyde Bruckman's Final Repose	#9E9E9E	Unnatural Selection
A/Malaysia/TIDREC_KBR-AUFI1144/2025	Clyde Bruckman's Final Repose	#9E9E9E	Phantasms
A/Malaysia/TIDREC_KBR-AUFI1146/2025	Ghouli	#FF6F69	Journey's End
A/Malaysia/TIDREC_KBR-AUFI1150/2025	Hollywood A.D.	#6BA3E6	Conundrum
A/Malaysia/TIDREC_KBR-AUFI1153/2025	Clyde Bruckman's Final Repose	#9E9E9E	11001001
A/Malaysia/TIDREC_KBR-AUFI1154/2025	Anasazi	#F47CC3	The Price
A/Malaysia/TIDREC_KBR-AUFI1156/2025	Clyde Bruckman's Final Repose	#9E9E9E	Phantasms
A/Malaysia/TIDREC_KBR-AUFI1157/2025	Clyde Bruckman's Final Repose	#9E9E9E	11001001
A/Malaysia/TIDREC_KBR-AUFI887/2024	Anasazi	#F47CC3	Up the Long Ladder
A/Malaysia/TIDREC_KLA-AUFI451/2025	Hollywood A.D.	#6BA3E6	11001001
A/Malaysia/TIDREC_KLA-AUFI456/2025	The Walk	#4CCB7F	Up the Long Ladder
A/Malaysia/TIDREC_KLA-AUFI495/2025	Hollywood A.D.	#6BA3E6	The Price
A/Malaysia/TIDREC_KLA-AUFI501/2025	Hollywood A.D.	#6BA3E6	The Arsenal of Freedom
A/Malaysia/TIDREC_KLA-AUFI506/2025	Clyde Bruckman's Final Repose	#9E9E9E	Conundrum
A/Malaysia/TIDREC_KLA-AUFI510/2025	The End	#C48A5A	Family
A/Malaysia/TIDREC_KLA-AUFI527/2025	Field Trip	#FFD23F	Up the Long Ladder
A/Malaysia/TIDREC_KLA-AUFI529/2025	Elegy	#B084F5	Unnatural Selection
A/Maldives/1427/2025	Musings of a Cigarette Smoking Man	#FF9F40	Journey's End
A/Maldives/1445/2025	Ghouli	#FF6F69	Q Who
A/Maldives/1453/2025	Jose Chung's From Outer Space	#3FD5D0	Up the Long Ladder
A/Maldives/1464/2025	Hollywood A.D.	#6BA3E6	Family
A/Maldives/1472/2025	Clyde Bruckman's Final Repose	#9E9E9E	The Arsenal of Freedom
A/Maldives/1810/2025	The End	#C48A5A	Q Who
A/Maldives/1907/2025	The End	#C48A5A	The Price
A/Maldives/1924/2025	The End	#C48A5A	Up the Long Ladder
A/Maldives/1925/2025	Hollywood A.D.	#6BA3E6	Q Who
A/Maldives/1998/2025	The End	#C48A5A	The Price
A/Maldives/2034/2025	Elegy	#B084F5	Conundrum
A/Maldives/2074/2025	Hollywood A.D.	#6BA3E6	Family
A/Maldives/2085/2025	Clyde Bruckman's Final Repose	#9E9E9E	The Arsenal of Freedom
A/Maldives/2092/2025	Field Trip	#FFD23F	Conundrum
A/Maldives/2125/2025	Ghouli	#FF6F69	11001001
A/Maldives/2197/2025	Elegy	#B084F5	The Arsenal of Freedom
A/Maldives/2210/2025	The Walk	#4CCB7F	Phantasms
A/Maldives/2361/2025	Jose Chung's From Outer Space	#3FD5D0	Unnatural Selection
A/Maldives/2397/2025	The End	#C48A5A	11001001
A/Maldives/2401/2025	Field Trip	#FFD23F	The Price
A/Maldives/808/2018	The Walk	#4CCB7F	The Arsenal of Freedom
A/Malta/MX520493/2025	The End	#C48A5A	Family
A/Malta/MX59090/2025	Jose Chung's From Outer Space	#3FD5D0	Journey's End
A/Malta/MX59848/2025	Ghouli	#FF6F69	Phantasms
A/Malta/MX60830/2025	The End	#C48A5A	The Price
A/Malta/MX61919/2025	Ghouli	#FF6F69	Phantasms
A/Malta/MX62250/2025	The Walk	#4CCB7F	Family
A/Malta/MX62572/2025	The End	#C48A5A	The Arsenal of Freedom
A/Malta/MX62595/2025	The End	#C48A5A	Family
A/Malta/MX62704/2025	Clyde Bruckman's Final Repose	#9E9E9E	Up the Long Ladder
A/Malta/MX62837/2025	Jose Chung's From Outer Space	#3FD5D0	Q Who
A/Mangystau/3409/2025	The End	#C48A5A	Q Who
A/Manitoba/RV04628-25/2025	Hollywood A.D.	#6BA3E6	Phantasms
A/Manitoba/RV04660-25/2025	Jose Chung's From Outer Space	#3FD5D0	11001001
A/Manitoba/RV04797-25/2025	Hollywood A.D.	#6BA3E6	Family
A/Manitoba/RV04798-25/2025	Ghouli	#FF6F69	The Price
A/Manitoba/RV04799-25/2025	Field Trip	#FFD23F	Q Who
A/Manitoba/RV04800-25/2025	Clyde Bruckman's Final Repose	#9E9E9E	Family
A/Manitoba/RV04803-25/2025	Musings of a Cigarette Smoking Man	#FF9F40	Up the Long Ladder
A/Manitoba/RV04804-25/2025	Hollywood A.D.	#6BA3E6	Journey's End
A/Manitoba/RV04820-25/2025	Ghouli	#FF6F69	Up the Long Ladder
A/Manitoba/RV04838-25/2025	Field Trip	#FFD23F	Q Who
A/Manitoba/RV04840-25/2025	Elegy	#B084F5	Unnatural Selection
A/Manitoba/RV04842-25/2025	Hollywood A.D.	#6BA3E6	Family
A/Manitoba/RV04843-25/2025	Hollywood A.D.	#6BA3E6	Journey's End
A/Manitoba/RV04844-25/2025	The End	#C48A5A	Phantasms
A/Manitoba/RV04845-25/2025	Anasazi	#F47CC3	Family
A/Manitoba/RV04846-25/2025	Elegy	#B084F5	Q Who
A/Manitoba/RV04867-25/2025	The Walk	#4CCB7F	The Arsenal of Freedom
A/Manitoba/RV04868-25/2025	Elegy	#B084F5	11001001
A/Manitoba/RV04869-25/2025	Elegy	#B084F5	The Price
A/Manitoba/RV04874-25/2025	Jose Chung's From Outer Space	#3FD5D0	Conundrum
A/Manitoba/RV04925-25/2025	Hollywood A.D.	#6BA3E6	Up the Long Ladder
A/Margam/7695/2025	The End	#C48A5A	The Arsenal of Freedom
A/Maryland/02/2021_S1	The Walk	#4CCB7F	Up the Long Ladder
A/Maryland/03/2025	Musings of a Cigarette Smoking Man	#FF9F40	11001001
A/Maryland/04/2025	Musings of a Cigarette Smoking Man	#FF9F40	Phantasms
A/Maryland/05/2025	Field Trip	#FFD23F	Conundrum
A/Maryland/12391/2021	The End	#C48A5A	Conundrum
A/Maryland/13/2025	Clyde Bruckman's Final Repose	#9E9E9E	Phantasms
A/Maryland/14/2025	Musings of a Cigarette Smoking Man	#FF9F40	Up the Long Ladder
A/Maryland/15/2025	Jose Chung's From Outer Space	#3FD5D0	The Price
A/Maryland/16258/2025	Ghouli	#FF6F69	Conundrum
A/Maryland/17/2025	Clyde Bruckman's Final Repose	#9E9E9E	11001001
A/Maryland/20/2025	Jose Chung's From Outer Space	#3FD5D0	Family
A/Maryland/21/2025	Anasazi	#F47CC3	Journey's End
A/Maryland/22/2025	Elegy	#B084F5	11001001
A/Maryland/24/2025	Musings of a Cigarette Smoking Man	#FF9F40	Conundrum
A/Massachusetts/101/2025	The End	#C48A5A	The Arsenal of Freedom
A/Massachusetts/102/2025	Ghouli	#FF6F69	The Arsenal of Freedom
A/Massachusetts/106/2025	Clyde Bruckman's Final Repose	#9E9E9E	Conundrum
A/Massachusetts/112/2025	The Walk	#4CCB7F	Conundrum
A/Massachusetts/114/2025	The End	#C48A5A	The Arsenal of Freedom
A/Massachusetts/115/2025	Ghouli	#FF6F69	The Price
A/Massachusetts/116/2025	Elegy	#B084F5	Conundrum
A/Massachusetts/119/2025	Hollywood A.D.	#6BA3E6	Phantasms
A/Massachusetts/121/2025	The Walk	#4CCB7F	The Arsenal of Freedom
A/Massachusetts/122/2025	Musings of a Cigarette Smoking Man	#FF9F40	Family
A/Massachusetts/18/2022_S32022-11-23	Ghouli	#FF6F69	The Price
A/Massachusetts/45/2025	The End	#C48A5A	Phantasms
A/Massachusetts/49/2025	Jose Chung's From Outer Space	#3FD5D0	Unnatural Selection
A/Massachusetts/54/2023	Elegy	#B084F5	Conundrum
A/Massachusetts/97/2025	Field Trip	#FFD23F	The Price
A/Massachusetts/ISC-1244/2024	Anasazi	#F47CC3	The Arsenal of Freedom
A/Maua/LEIAL6922/2025	Ghouli	#FF6F69	Family
A/Mauritius/103185_I-618/2025	Musings of a Cigarette Smoking Man	#FF9F40	Conundrum
A/Mauritius/103416_I-626/2025	Elegy	#B084F5	The Arsenal of Freedom
A/Mauritius/81469/2025	The Walk	#4CCB7F	Unnatural Selection
A/Melilla/3851/2022	Field Trip	#FFD23F	Conundrum
A/Mexico/2998/2025	Ghouli	#FF6F69	Journey's End
A/Mexico/4688/2025	Jose Chung's From Outer Space	#3FD5D0	11001001
A/Mexico/5061/2025	Elegy	#B084F5	The Arsenal of Freedom
A/Mexico/5613/2024	Jose Chung's From Outer Space	#3FD5D0	The Arsenal of Freedom
A/Mexico/5684/2024	Field Trip	#FFD23F	Up the Long Ladder
A/Mexico/INCMNSZ/BMQ558/Dec2019/H3N2	Anasazi	#F47CC3	Family
A/Mexico/NLE_InDRE_821/2025	The End	#C48A5A	Phantasms
A/Mexico/QUE_InDRE_F2204/2025	Field Trip	#FFD23F	The Price
A/Mexico/SLP_InDRE_188/2025	Ghouli	#FF6F69	Unnatural Selection
A/Mexico/SON_InDRE_426/2025	Musings of a Cigarette Smoking Man	#FF9F40	Family
A/MexicoCity/INER-INF_249/2024	Anasazi	#F47CC3	The Arsenal of Freedom
A/MexicoCity/INER-INF_323/2024	Elegy	#B084F5	The Price
A/MexicoCity/INER-INF_330/2024	Jose Chung's From Outer Space	#3FD5D0	Phantasms
A/MexicoCity/INER-INF_333/2024	The End	#C48A5A	Conundrum
A/MexicoCity/INER-INF_378/2025	The End	#C48A5A	Unnatural Selection
A/MexicoCity/INER-INF_520/2025	Ghouli	#FF6F69	Q Who
A/Michigan/06/2021	The Walk	#4CCB7F	Phantasms
A/Michigan/104/2025	Hollywood A.D.	#6BA3E6	Up the Long Ladder
A/Michigan/105/2025	Anasazi	#F47CC3	Phantasms
A/Michigan/105/202525/298	Hollywood A.D.	#6BA3E6	Up the Long Ladder
A/Michigan/110/2025	Anasazi	#F47CC3	11001001
A/Michigan/115/2025	Field Trip	#FFD23F	Up the Long Ladder
A/Michigan/116/2025	Jose Chung's From Outer Space	#3FD5D0	Phantasms
A/Michigan/117/2025	Anasazi	#F47CC3	11001001
A/Michigan/118/2025	The Walk	#4CCB7F	Unnatural Selection
A/Michigan/32/2024_S1	Ghouli	#FF6F69	Up the Long Ladder
A/Michigan/73/2025_Spf2	Field Trip	#FFD23F	Phantasms
A/Michigan/CEIRS-0347296/2023	Elegy	#B084F5	Conundrum
A/Michigan/CEIRS-9755705/2023	The Walk	#4CCB7F	Q Who
A/Michigan/HFHSL360185597/2022	Ghouli	#FF6F69	Unnatural Selection
A/Michigan/ISC-1001/2025	Elegy	#B084F5	Journey's End
A/Michigan/ISC-1002/2025	Field Trip	#FFD23F	Phantasms
A/Michigan/ISC-1003/2025	Elegy	#B084F5	Journey's End
A/Michigan/ISC-1004/2025	The End	#C48A5A	The Price
A/Michigan/ISC-1005/2025	Elegy	#B084F5	The Arsenal of Freedom
A/Michigan/ISC-1016/2025	Anasazi	#F47CC3	The Arsenal of Freedom
A/Michigan/ISC-1017/2025	Clyde Bruckman's Final Repose	#9E9E9E	Up the Long Ladder
A/Michigan/ISC-1019/2025	Field Trip	#FFD23F	Q Who
A/Michigan/MIS-L386498853/2025	Clyde Bruckman's Final Repose	#9E9E9E	Up the Long Ladder
A/Michigan/UM-10054685345/2023	The End	#C48A5A	The Arsenal of Freedom
A/Michigan/UM-10062224214/2025	Clyde Bruckman's Final Repose	#9E9E9E	Family
A/Michigan/UM-10062602799/2025	Musings of a Cigarette Smoking Man	#FF9F40	11001001
A/Michigan/UM-10063615822/2025	The End	#C48A5A	11001001
A/Michigan/UM-10066820750/2025	Musings of a Cigarette Smoking Man	#FF9F40	Conundrum
A/Michigan/UM-10067230070/2025	Musings of a Cigarette Smoking Man	#FF9F40	Phantasms
A/Michigan/UM-HS25026/2025	Musings of a Cigarette Smoking Man	#FF9F40	Up the Long Ladder
A/Michigan/UM-L370612818/2023	Field Trip	#FFD23F	Phantasms
A/Michigan/UM-L371447809/2023	The Walk	#4CCB7F	Q Who
A/Michigan/UM-L371576659/2023	The End	#C48A5A	11001001
A/Michigan/UM-L372221815/2023	Jose Chung's From Outer Space	#3FD5D0	Up the Long Ladder
A/Michigan/UOM10045286424/2022	Hollywood A.D.	#6BA3E6	Family
A/Milano/5639/2025	The Walk	#4CCB7F	11001001
A/Milano/5721/2025	Anasazi	#F47CC3	Journey's End
A/Milano/5726/2025	Anasazi	#F47CC3	11001001
A/Milano/5772/2025	Anasazi	#F47CC3	Journey's End
A/Milano/5939/2025	The End	#C48A5A	The Price
A/MinasGerais/1591/2025	Anasazi	#F47CC3	Up the Long Ladder
A/MinasGerais/4579/2025	Elegy	#B084F5	Conundrum
A/MinasGerais/4750/2025	Jose Chung's From Outer Space	#3FD5D0	Q Who
A/MinasGerais/4757/2025	The Walk	#4CCB7F	The Arsenal of Freedom
A/MinasGerais/4764/2025	Elegy	#B084F5	11001001
A/MinasGerais/4766/2025	Anasazi	#F47CC3	Journey's End
A/MinasGerais/4767/2025	Hollywood A.D.	#6BA3E6	Q Who
A/MinasGerais/4768/2025	The Walk	#4CCB7F	Family
A/MinasGerais/5527/2025	The Walk	#4CCB7F	Up the Long Ladder
A/MinasGerais/5528/2025	Clyde Bruckman's Final Repose	#9E9E9E	Family
A/MinasGerais/5529/2025	Hollywood A.D.	#6BA3E6	11001001
A/MinasGerais/5530/2025	The Walk	#4CCB7F	Conundrum
A/MinasGerais/5531/2025	The Walk	#4CCB7F	Unnatural Selection
A/MinasGerais/5532/2025	Elegy	#B084F5	Q Who
A/MinasGerais/5533/2025	Ghouli	#FF6F69	The Price
A/MinasGerais/5536/2025	Musings of a Cigarette Smoking Man	#FF9F40	Phantasms
A/MinasGerais/5537/2025	Field Trip	#FFD23F	Unnatural Selection
A/MinasGerais/5538/2025	Clyde Bruckman's Final Repose	#9E9E9E	Journey's End
A/MinasGerais/5541/2025	Clyde Bruckman's Final Repose	#9E9E9E	The Price
A/MinasGerais/5542/2025	The End	#C48A5A	Journey's End
A/MinasGerais/5543/2025	The End	#C48A5A	Conundrum
A/MinasGerais/6403/2025	Elegy	#B084F5	Journey's End
A/MinasGerais/6404/2025	Hollywood A.D.	#6BA3E6	11001001
A/MinasGerais/6405/2025	The Walk	#4CCB7F	Unnatural Selection
A/MinasGerais/6409/2025	Field Trip	#FFD23F	Unnatural Selection
A/Minnesota/101/2025	The Walk	#4CCB7F	The Arsenal of Freedom
A/Minnesota/102/2025	Elegy	#B084F5	Phantasms
A/Minnesota/103/2025	Clyde Bruckman's Final Repose	#9E9E9E	Conundrum
A/Minnesota/107/2025	Anasazi	#F47CC3	11001001
A/Minnesota/109/2025	Ghouli	#FF6F69	Family
A/Minnesota/110/2025	Hollywood A.D.	#6BA3E6	The Price
A/Minnesota/117/2024_Spf3	Musings of a Cigarette Smoking Man	#FF9F40	Journey's End
A/Minnesota/15/2024	Field Trip	#FFD23F	Journey's End
A/Minnesota/37/2022	The Walk	#4CCB7F	Conundrum
A/Minnesota/96/2025	Anasazi	#F47CC3	Family
A/Minnesota/97/2024_S112/16/2024Lot1	Musings of a Cigarette Smoking Man	#FF9F40	The Arsenal of Freedom
A/Minnesota/98/2025	Ghouli	#FF6F69	The Price
A/Mississippi/37/2025_S1	Musings of a Cigarette Smoking Man	#FF9F40	Family
A/Missouri/16367/2025	Hollywood A.D.	#6BA3E6	The Arsenal of Freedom
A/Missouri/19/2022	Field Trip	#FFD23F	Phantasms
A/Mold/0759/2025	Field Trip	#FFD23F	Q Who
A/Mold/2222/2025	Clyde Bruckman's Final Repose	#9E9E9E	Journey's End
A/Mold/2926/2025	Clyde Bruckman's Final Repose	#9E9E9E	Up the Long Ladder
A/Mold/3752/2025	The Walk	#4CCB7F	Journey's End
A/Mold/3754/2025	Musings of a Cigarette Smoking Man	#FF9F40	Phantasms
A/Mold/3929/2025	Field Trip	#FFD23F	Conundrum
A/Mold/5328/2025	Hollywood A.D.	#6BA3E6	Family
A/Mold/8725/2025	Musings of a Cigarette Smoking Man	#FF9F40	Family
A/Moldova/40000345/2026	The Walk	#4CCB7F	Journey's End
A/Montana/08/2023_S12023-04-05	Musings of a Cigarette Smoking Man	#FF9F40	Family
A/Montana/12638/2022	Clyde Bruckman's Final Repose	#9E9E9E	Unnatural Selection
A/Montana/39/2025	Jose Chung's From Outer Space	#3FD5D0	Family
A/Morocco/313/2025	Field Trip	#FFD23F	The Arsenal of Freedom
A/Moscow/32/25	The Walk	#4CCB7F	The Price
A/Moscow/33/2025	Ghouli	#FF6F69	Journey's End
A/Moscow/35/2025	The End	#C48A5A	Conundrum
A/Moscow/36/2025	Clyde Bruckman's Final Repose	#9E9E9E	The Arsenal of Freedom
A/Moscow/65/CRIE/2025	Clyde Bruckman's Final Repose	#9E9E9E	Journey's End
A/Moscow/77/CRIE/2025	Field Trip	#FFD23F	11001001
A/Moscow/95/CRIE/2025	Anasazi	#F47CC3	Up the Long Ladder
A/Moscow/RII-01/2025	Anasazi	#F47CC3	The Arsenal of Freedom
A/Moscow/RII-MH260365S/2025	Jose Chung's From Outer Space	#3FD5D0	Up the Long Ladder
A/Mozambique-MaputoCity/PMB0745886/2025	Anasazi	#F47CC3	The Price
A/Mozambique-MaputoCity/PMB0745909/2025	Hollywood A.D.	#6BA3E6	Conundrum
A/Mozambique-MaputoCity/PMB0747023/2025	Ghouli	#FF6F69	The Price
A/Mozambique-MaputoCity/PMB0747163/2025	Field Trip	#FFD23F	11001001
A/Mozambique-MaputoCity/PMB0747468/2025	Ghouli	#FF6F69	Phantasms
A/Mozambique-MaputoCity/PMB0748121/2025	Elegy	#B084F5	Conundrum
A/Mozambique-MaputoCity/PMB0748133/2025	Ghouli	#FF6F69	Conundrum
A/Mozambique/0746/2025	Elegy	#B084F5	Family
A/Murcia/2002/2025	Musings of a Cigarette Smoking Man	#FF9F40	The Price
A/Murcia/2065/2025	Field Trip	#FFD23F	Q Who
A/Murcia/2066/2025	Ghouli	#FF6F69	The Price
A/Muscat/7234671/2023_SIAT1	Clyde Bruckman's Final Repose	#9E9E9E	The Price
A/Myanmar/21M013/2021	Field Trip	#FFD23F	Unnatural Selection
A/Myanmar/25M077/2025	Anasazi	#F47CC3	Phantasms
A/Myanmar/25M126/2025	Clyde Bruckman's Final Repose	#9E9E9E	Journey's End
A/Myanmar/25M153/2025	Hollywood A.D.	#6BA3E6	11001001
A/Myanmar/25M167/2025	The End	#C48A5A	11001001
A/Myanmar/25M193/2025	Field Trip	#FFD23F	Phantasms
A/Myanmar/25M233/2025	Clyde Bruckman's Final Repose	#9E9E9E	Conundrum
A/Myanmar/25M236/2025	The End	#C48A5A	Phantasms
A/Myanmar/25M264/2025	Anasazi	#F47CC3	Conundrum
A/Myanmar/I1060/2025	Elegy	#B084F5	Q Who
A/Myanmar/I1061/2025	The End	#C48A5A	Phantasms
A/Myanmar/I719/2025	Ghouli	#FF6F69	The Price
A/Myanmar/I757/2025	Hollywood A.D.	#6BA3E6	Phantasms
A/Myanmar/I874/2025	Field Trip	#FFD23F	Phantasms
A/Myanmar/I998/2025	Clyde Bruckman's Final Repose	#9E9E9E	Family
A/NAGANO/2100/2023_AX-41hCK1	The End	#C48A5A	Q Who
A/NAGANO/2289/2025	Field Trip	#FFD23F	Q Who
A/NAGANO/2290/2025	Jose Chung's From Outer Space	#3FD5D0	11001001
A/NAGANO/2291/2025	Elegy	#B084F5	Phantasms
A/NAGANO/2293/2025	Anasazi	#F47CC3	Phantasms
A/NIIGATA/1016/2025	Jose Chung's From Outer Space	#3FD5D0	Family
A/NIIGATA/24/2025	Field Trip	#FFD23F	11001001
A/NIIGATA/918/2025	Field Trip	#FFD23F	Q Who
A/NIIGATA/956/2025	Elegy	#B084F5	Family
A/NIIGATA/969/2025	Field Trip	#FFD23F	Journey's End
A/NakhonPhanom/P1846/2025	Elegy	#B084F5	The Arsenal of Freedom
A/NakhonPhanom/P1847/2025	Clyde Bruckman's Final Repose	#9E9E9E	Conundrum
A/NakhonPhanom/P1851/2025	Musings of a Cigarette Smoking Man	#FF9F40	The Price
A/NakhonPhanom/P1852/2025	Clyde Bruckman's Final Repose	#9E9E9E	Up the Long Ladder
A/NakhonPhanom/P2054/2025	Clyde Bruckman's Final Repose	#9E9E9E	The Arsenal of Freedom
A/NakhonPhanom/P2056/2025	Anasazi	#F47CC3	The Price
A/NakhonPhanom/P2057/2025	Field Trip	#FFD23F	Family
A/NakhonPhanom/P2059/2025	The Walk	#4CCB7F	Conundrum
A/NakhonPhanom/P2061/2025	Anasazi	#F47CC3	Family
A/NakhonPhanom/P2062/2025	Ghouli	#FF6F69	Unnatural Selection
A/NakhonPhanom/P2091/2025	Ghouli	#FF6F69	Up the Long Ladder
A/NakhonPhanom/P2156/2025	Ghouli	#FF6F69	Unnatural Selection
A/NakhonPhanom/P2157/2025	Hollywood A.D.	#6BA3E6	Journey's End
A/NakhonPhanom/P2160/2025	Jose Chung's From Outer Space	#3FD5D0	Q Who
A/NakhonPhanom/P2165/2025	The Walk	#4CCB7F	11001001
A/NakhonPhanom/P2400/2025	Ghouli	#FF6F69	Up the Long Ladder
A/NakhonPhanom/P2402/2025	The End	#C48A5A	Conundrum
A/NakhonPhanom/P2405/2025	Anasazi	#F47CC3	11001001
A/NakhonPhanom/P2407/2025	Anasazi	#F47CC3	The Price
A/NakhonPhanom/P2415/2025	Clyde Bruckman's Final Repose	#9E9E9E	Unnatural Selection
A/NakhonPhanom/P2420/2025	Jose Chung's From Outer Space	#3FD5D0	Up the Long Ladder
A/NakhonPhanom/P2426/2025	Elegy	#B084F5	Phantasms
A/NakhonPhanom/P2427/2025	Hollywood A.D.	#6BA3E6	Up the Long Ladder
A/NakhonPhanom/P2429/2025	The Walk	#4CCB7F	Q Who
A/NakhonPhanom/P2432/2025	Ghouli	#FF6F69	Unnatural Selection
A/NakhonPhanom/P2437/2025	The End	#C48A5A	Q Who
A/NakhonPhanom/P2438/2025	Anasazi	#F47CC3	Phantasms
A/NakhonPhanom/P2441/2025	Musings of a Cigarette Smoking Man	#FF9F40	Phantasms
A/NakhonPhanom/P2442/2025	Ghouli	#FF6F69	The Price
A/NakhonPhanom/P2443/2025	The End	#C48A5A	The Price
A/NakhonPhanom/P2445/2025	The Walk	#4CCB7F	Unnatural Selection
A/NakhonPhanom/P2446/2025	Anasazi	#F47CC3	Phantasms
A/NakhonPhanom/P2449/2025	Clyde Bruckman's Final Repose	#9E9E9E	The Arsenal of Freedom
A/NakhonPhanom/P2450/2025	Hollywood A.D.	#6BA3E6	Phantasms
A/NakhonPhanom/P2451/2025	Clyde Bruckman's Final Repose	#9E9E9E	Q Who
A/NakhonPhanom/P2452/2025	Hollywood A.D.	#6BA3E6	Unnatural Selection
A/NakhonPhanom/P2455/2025	Anasazi	#F47CC3	Up the Long Ladder
A/NakhonPhanom/P2458/2025	Jose Chung's From Outer Space	#3FD5D0	Up the Long Ladder
A/NakhonPhanom/P2644/2025	Ghouli	#FF6F69	Phantasms
A/NakhonPhanom/P2648/2025	Field Trip	#FFD23F	Q Who
A/NakhonPhanom/P2651/2025	Ghouli	#FF6F69	Q Who
A/NakhonPhanom/P2657/2025	Musings of a Cigarette Smoking Man	#FF9F40	The Price
A/NakhonPhanom/P2660/2025	Musings of a Cigarette Smoking Man	#FF9F40	The Arsenal of Freedom
A/NakhonPhanom/P2667/2025	Elegy	#B084F5	Up the Long Ladder
A/NakhonPhanom/P2757/2025	Elegy	#B084F5	Conundrum
A/NakhonPhanom/P2765/2025	The Walk	#4CCB7F	Family
A/NakhonPhanom/P2766/2025	Musings of a Cigarette Smoking Man	#FF9F40	The Arsenal of Freedom
A/NakhonPhanom/P2767/2025	Hollywood A.D.	#6BA3E6	The Price
A/NakhonPhanom/P2771/2025	Hollywood A.D.	#6BA3E6	Journey's End
A/NakhonPhanom/P2772/2025	The End	#C48A5A	Phantasms
A/NakhonPhanom/P2956/2025	Field Trip	#FFD23F	Up the Long Ladder
A/NakhonPhanom/P2959/2025	Field Trip	#FFD23F	Q Who
A/NakhonPhanom/P2971/2025	The Walk	#4CCB7F	Up the Long Ladder
A/NakhonPhanom/P2972/2025	Elegy	#B084F5	Family
A/NakhonPhanom/P2975/2025	Elegy	#B084F5	The Arsenal of Freedom
A/NakhonPhanom/P3083/2025	Field Trip	#FFD23F	Unnatural Selection
A/NakhonPhanom/P3092/2025	Clyde Bruckman's Final Repose	#9E9E9E	Journey's End
A/NakhonPhanom/P3099/2025	The Walk	#4CCB7F	Journey's End
A/NakhonPhanom/P3104/2025	Clyde Bruckman's Final Repose	#9E9E9E	11001001
A/NakhonPhanom/P3105/2025	Clyde Bruckman's Final Repose	#9E9E9E	Up the Long Ladder
A/NakhonPhanom/P3108/2025	Ghouli	#FF6F69	Family
A/NakhonPhanom/P3110/2025	Anasazi	#F47CC3	Conundrum
A/NakhonPhanom/P3307/2025	The End	#C48A5A	Q Who
A/NakhonPhanom/P3312/2025	Ghouli	#FF6F69	Family
A/NakhonPhanom/P3319/2025	The End	#C48A5A	Q Who
A/NakhonPhanom/P3320/2025	The Walk	#4CCB7F	Journey's End
A/NakhonPhanom/P3322/2025	Anasazi	#F47CC3	Family
A/NakhonPhanom/P3323/2025	The End	#C48A5A	Journey's End
A/NakhonPhanom/P3326/2025	Clyde Bruckman's Final Repose	#9E9E9E	Journey's End
A/NakhonPhanom/P3918/2025	Elegy	#B084F5	Unnatural Selection
A/NakhonPhanom/P3929/2025	Anasazi	#F47CC3	The Arsenal of Freedom
A/NakhonPhanom/P3931/2025	Field Trip	#FFD23F	Family
A/NakhonPhanom/P4058/2025	Anasazi	#F47CC3	The Price
A/NakhonPhanom/P4065/2025	Field Trip	#FFD23F	Conundrum
A/NakhonPhanom/P4083/2025	Clyde Bruckman's Final Repose	#9E9E9E	The Arsenal of Freedom
A/NakhonPhanom/P4166/2025	Anasazi	#F47CC3	The Price
A/NakhonPhanom/P4385/2025	Ghouli	#FF6F69	Journey's End
A/NakhonPhanom/P4509/2025	Ghouli	#FF6F69	Family
A/Narberth/3436/2025	Clyde Bruckman's Final Repose	#9E9E9E	Conundrum
A/Navarra/2056/2025	Elegy	#B084F5	Family
A/Navarra/2136/2025	The End	#C48A5A	Phantasms
A/Nebraska/01/2021	Hollywood A.D.	#6BA3E6	The Price
A/Nebraska/10/2022	Anasazi	#F47CC3	Conundrum
A/Nebraska/56/2025	Ghouli	#FF6F69	11001001
A/Nebraska/USAFSAM-16507/2025	Ghouli	#FF6F69	Conundrum
A/Neimenggu-Zhalainuoer/37/2025	Musings of a Cigarette Smoking Man	#FF9F40	The Price
A/Nelson/03/2025	The Walk	#4CCB7F	Phantasms
A/Nelson/04/2025	Anasazi	#F47CC3	Phantasms
A/Nelson/05/2025	Musings of a Cigarette Smoking Man	#FF9F40	The Arsenal of Freedom
A/Nelson/06/2025	Hollywood A.D.	#6BA3E6	Q Who
A/Nelson/07/2025	Jose Chung's From Outer Space	#3FD5D0	Unnatural Selection
A/Nelson/08/2025	Field Trip	#FFD23F	Unnatural Selection
A/Nepal/21FL2141/2021	The End	#C48A5A	Journey's End
A/Nepal/432/2023	Musings of a Cigarette Smoking Man	#FF9F40	Q Who
A/Nepal/S2163/2025	Anasazi	#F47CC3	Up the Long Ladder
A/Nepal/S2867/2025	Jose Chung's From Outer Space	#3FD5D0	Up the Long Ladder
A/Nepal/S2922/2025	Clyde Bruckman's Final Repose	#9E9E9E	Conundrum
A/Nepal/S854/2025	The Walk	#4CCB7F	Q Who
A/Netherlands/00083/2022	Anasazi	#F47CC3	Family
A/Netherlands/01595/2024	Hollywood A.D.	#6BA3E6	11001001
A/Netherlands/02093/2025_E3	Jose Chung's From Outer Space	#3FD5D0	Unnatural Selection
A/Netherlands/02117/2025	Elegy	#B084F5	Phantasms
A/Netherlands/02124/2025	Ghouli	#FF6F69	Q Who
A/Netherlands/02125/2025	Musings of a Cigarette Smoking Man	#FF9F40	Journey's End
A/Netherlands/02145/2025	Musings of a Cigarette Smoking Man	#FF9F40	Phantasms
A/Netherlands/02153/2025	Ghouli	#FF6F69	Up the Long Ladder
A/Netherlands/02167/2025	The Walk	#4CCB7F	Q Who
A/Netherlands/02170/2025	Elegy	#B084F5	Family
A/Netherlands/02175/2025	Elegy	#B084F5	Family
A/Netherlands/02187/2025	The Walk	#4CCB7F	Q Who
A/Netherlands/02197/2025	Anasazi	#F47CC3	Journey's End
A/Netherlands/02202/2025	Elegy	#B084F5	The Arsenal of Freedom
A/Netherlands/02204/2025	Clyde Bruckman's Final Repose	#9E9E9E	Family
A/Netherlands/02209/2025	The Walk	#4CCB7F	Up the Long Ladder
A/Netherlands/02212/2025	Field Trip	#FFD23F	Q Who
A/Netherlands/02213/2025	Hollywood A.D.	#6BA3E6	Family
A/Netherlands/02222/2025	Anasazi	#F47CC3	Family
A/Netherlands/02236/2025	Hollywood A.D.	#6BA3E6	The Price
A/Netherlands/02274/2025	Clyde Bruckman's Final Repose	#9E9E9E	Unnatural Selection
A/Netherlands/02281/2025	Musings of a Cigarette Smoking Man	#FF9F40	Journey's End
A/Netherlands/02288/2025	Elegy	#B084F5	Unnatural Selection
A/Netherlands/02394/2025	The End	#C48A5A	Up the Long Ladder
A/Netherlands/10072/2022	The Walk	#4CCB7F	The Arsenal of Freedom
A/Netherlands/10194/2021	Jose Chung's From Outer Space	#3FD5D0	Q Who
A/Netherlands/10563/2023_MDCK-MIX2/SIAT1	The Walk	#4CCB7F	Conundrum
A/Netherlands/10685/2024_C2S2	Jose Chung's From Outer Space	#3FD5D0	Phantasms
A/Netherlands/10843/2025	Clyde Bruckman's Final Repose	#9E9E9E	Family
A/Netherlands/10889/2025	Jose Chung's From Outer Space	#3FD5D0	Phantasms
A/Netherlands/10895/2025	Clyde Bruckman's Final Repose	#9E9E9E	Phantasms
A/Netherlands/10900/2025	Hollywood A.D.	#6BA3E6	Up the Long Ladder
A/Netherlands/10901/2025	The Walk	#4CCB7F	Q Who
A/Netherlands/10904/2025	Hollywood A.D.	#6BA3E6	Conundrum
A/NewBrunswick/RV04907-25/2025	Musings of a Cigarette Smoking Man	#FF9F40	Conundrum
A/NewBrunswick/RV04908-25/2025	Clyde Bruckman's Final Repose	#9E9E9E	The Price
A/NewBrunswick/RV04909-25/2025	The End	#C48A5A	Up the Long Ladder
A/NewBrunswick/RV04910-25/2025	Elegy	#B084F5	The Arsenal of Freedom
A/NewBrunswick/RV04911-25/2025	The End	#C48A5A	The Arsenal of Freedom
A/NewBrunswick/RV04912-25/2025	Field Trip	#FFD23F	Phantasms
A/NewCaledonia/116/2025	Field Trip	#FFD23F	Family
A/NewCaledonia/63/2025	Ghouli	#FF6F69	Up the Long Ladder
A/NewHampshire/32/2018	Musings of a Cigarette Smoking Man	#FF9F40	Journey's End
A/NewHampshire/67/2025	The End	#C48A5A	Unnatural Selection
A/NewHampshire/73/2025	Elegy	#B084F5	11001001
A/NewHampshire/74/2025	The End	#C48A5A	Unnatural Selection
A/NewHampshire/75/2025	The End	#C48A5A	Conundrum
A/NewHampshire/76/2025	Hollywood A.D.	#6BA3E6	Phantasms
A/NewHampshire/77/2025	Jose Chung's From Outer Space	#3FD5D0	Phantasms
A/NewJersey/16/2025_S2	Elegy	#B084F5	The Arsenal of Freedom
A/NewJersey/16/2025_Spf4	Elegy	#B084F5	Unnatural Selection
A/NewJersey/16259/2025	Clyde Bruckman's Final Repose	#9E9E9E	The Price
A/NewJersey/16260/2025	Jose Chung's From Outer Space	#3FD5D0	Q Who
A/NewJersey/16261/2025	Clyde Bruckman's Final Repose	#9E9E9E	Up the Long Ladder
A/NewJersey/16262/2025	Field Trip	#FFD23F	Q Who
A/NewJersey/16263/2025	Anasazi	#F47CC3	The Arsenal of Freedom
A/NewJersey/16264/2025	Musings of a Cigarette Smoking Man	#FF9F40	The Arsenal of Freedom
A/NewJersey/16265/2025	Musings of a Cigarette Smoking Man	#FF9F40	11001001
A/NewJersey/16266/2025	Elegy	#B084F5	Up the Long Ladder
A/NewJersey/16267/2025	Clyde Bruckman's Final Repose	#9E9E9E	The Arsenal of Freedom
A/NewJersey/16374/2025	The Walk	#4CCB7F	Family
A/NewJersey/57/2025	Hollywood A.D.	#6BA3E6	Phantasms
A/NewJersey/GKISBBBE34392/2025	Ghouli	#FF6F69	Phantasms
A/NewJersey/GKISBBBG63880/2025	Elegy	#B084F5	11001001
A/NewJersey/GKISBBBG76938/2025	Clyde Bruckman's Final Repose	#9E9E9E	Conundrum
A/NewJersey/GKISBBBG77129/2025	The End	#C48A5A	The Arsenal of Freedom
A/NewJersey/GKISBBBH19192/2025	Field Trip	#FFD23F	Family
A/NewJersey/GKISBBBH36397/2025	Musings of a Cigarette Smoking Man	#FF9F40	Journey's End
A/NewJersey/GKISBBBI21416/2025	Field Trip	#FFD23F	The Price
A/NewJersey/USAFSAM-16653/2025	Elegy	#B084F5	Conundrum
A/NewJersey/USAFSAM-16654/2025	Clyde Bruckman's Final Repose	#9E9E9E	Phantasms
A/NewJersey/V25012262/2025	Elegy	#B084F5	The Arsenal of Freedom
A/NewSouthWales/2525216121/2025	Elegy	#B084F5	Family
A/NewSouthWales/2525817216/2025	Anasazi	#F47CC3	Phantasms
A/NewSouthWales/2526015582/2025	Field Trip	#FFD23F	Q Who
A/NewSouthWales/2526015584/2025	Clyde Bruckman's Final Repose	#9E9E9E	Phantasms
A/NewSouthWales/2527315758/2025	Ghouli	#FF6F69	Family
A/NewSouthWales/2527315759/2025	Musings of a Cigarette Smoking Man	#FF9F40	Up the Long Ladder
A/NewSouthWales/2527516056/2025	Jose Chung's From Outer Space	#3FD5D0	Q Who
A/NewSouthWales/2528116532/2025	Hollywood A.D.	#6BA3E6	The Arsenal of Freedom
A/NewSouthWales/2528907360/2025	Ghouli	#FF6F69	11001001
A/NewSouthWales/2529015431/2025	Clyde Bruckman's Final Repose	#9E9E9E	The Arsenal of Freedom
A/NewSouthWales/2529415804/2025	Field Trip	#FFD23F	Phantasms
A/NewSouthWales/2529714672/2025	Jose Chung's From Outer Space	#3FD5D0	Up the Long Ladder
A/NewSouthWales/2530304737/2025	The End	#C48A5A	Family
A/NewSouthWales/2530414996/2025	Field Trip	#FFD23F	Journey's End
A/NewYork/05/2021	The End	#C48A5A	Up the Long Ladder
A/NewYork/121/2025	The End	#C48A5A	11001001
A/NewYork/126/2025	Musings of a Cigarette Smoking Man	#FF9F40	Q Who
A/NewYork/128/2025	Elegy	#B084F5	Family
A/NewYork/130/2025	The Walk	#4CCB7F	Unnatural Selection
A/NewYork/13016/2022	Clyde Bruckman's Final Repose	#9E9E9E	Journey's End
A/NewYork/133/2025	The Walk	#4CCB7F	Q Who
A/NewYork/134/2025	Ghouli	#FF6F69	Conundrum
A/NewYork/136/2025	The End	#C48A5A	The Arsenal of Freedom
A/NewYork/16368/2025	Musings of a Cigarette Smoking Man	#FF9F40	Journey's End
A/NewYork/16369/2025	Ghouli	#FF6F69	Q Who
A/NewYork/43/2025	Ghouli	#FF6F69	The Price
A/NewYork/GKISBBBG67014/2025	The End	#C48A5A	Journey's End
A/NewYork/GKISBBBG70245/2025	The Walk	#4CCB7F	11001001
A/NewYork/GKISBBBG70688/2025	Hollywood A.D.	#6BA3E6	The Price
A/NewYork/GKISBBBG71559/2025	Ghouli	#FF6F69	Up the Long Ladder
A/NewYork/GKISBBBH06988/2025	The Walk	#4CCB7F	Journey's End
A/NewYork/GKISBBBH10500/2025	Hollywood A.D.	#6BA3E6	Q Who
A/NewYork/GKISBBBH35248/2025	The Walk	#4CCB7F	Up the Long Ladder
A/NewYork/GKISBBBI28527/2025	The End	#C48A5A	Journey's End
A/NewYork/GKISBBBI40451/2025	Hollywood A.D.	#6BA3E6	Phantasms
A/NewYork/GKISBBBI48617/2025	Clyde Bruckman's Final Repose	#9E9E9E	Q Who
A/NewYork/NIRC-IS-1427/2025	Elegy	#B084F5	The Arsenal of Freedom
A/NewYork/NIRC-IS-1428/2025	Ghouli	#FF6F69	Conundrum
A/NewYork/NIRC-IS-1429/2025	Elegy	#B084F5	Q Who
A/NewYork/NIRC-IS-1430/2025	Clyde Bruckman's Final Repose	#9E9E9E	Conundrum
A/NewYork/NIRC-IS-1431/2025	Musings of a Cigarette Smoking Man	#FF9F40	The Arsenal of Freedom
A/NewYork/NIRC-IS-1432/2025	Elegy	#B084F5	Journey's End
A/NewYork/NIRC-IS-1433/2025	Anasazi	#F47CC3	The Arsenal of Freedom
A/NewYork/NIRC-IS-1434/2025	Elegy	#B084F5	11001001
A/NewYork/NIRC-IS-1435/2025	Ghouli	#FF6F69	Phantasms
A/NewYork/NIRC-IS-1436/2025	Jose Chung's From Outer Space	#3FD5D0	Unnatural Selection
A/NewYork/NIRC-IS-1437/2025	Clyde Bruckman's Final Repose	#9E9E9E	The Arsenal of Freedom
A/NewYork/NIRC-IS-1438/2025	Jose Chung's From Outer Space	#3FD5D0	Journey's End
A/NewYork/NIRC-IS-1439/2025	The End	#C48A5A	Unnatural Selection
A/NewYork/NIRC-IS-1440/2025	The Walk	#4CCB7F	Family
A/NewYork/NIRC-IS-1569/2025	Hollywood A.D.	#6BA3E6	The Arsenal of Freedom
A/NewYork/NIRC-IS-1570/2025	Jose Chung's From Outer Space	#3FD5D0	Journey's End
A/NewYork/PV03824/2019	The End	#C48A5A	11001001
A/NewYork/PV101050/2024	The Walk	#4CCB7F	The Arsenal of Freedom
A/NewYork/PV150821/2024	Musings of a Cigarette Smoking Man	#FF9F40	Journey's End
A/NewYork/PV154035/2024	The Walk	#4CCB7F	Up the Long Ladder
A/NewYork/PV306610/2025	Clyde Bruckman's Final Repose	#9E9E9E	Conundrum
A/NewYork/PV306641/2025	Field Trip	#FFD23F	Journey's End
A/NewYork/PV306642/2025	Elegy	#B084F5	The Arsenal of Freedom
A/NewYork/PV306647/2025	Clyde Bruckman's Final Repose	#9E9E9E	Family
A/NewYork/PV306677/2025	The Walk	#4CCB7F	The Arsenal of Freedom
A/NewYork/PV306719/2025	Elegy	#B084F5	Q Who
A/NewYork/PV307299/2025	Ghouli	#FF6F69	Family
A/NewYork/PV42770/2022	Jose Chung's From Outer Space	#3FD5D0	11001001
A/NewYork/PV60713/2022	Musings of a Cigarette Smoking Man	#FF9F40	Up the Long Ladder
A/NewYork/PV60728/2022	Elegy	#B084F5	The Price
A/NewYork/PV63033/2022	The End	#C48A5A	The Arsenal of Freedom
A/NewYork/PV63080/2022	Ghouli	#FF6F69	11001001
A/NewYork/PV81191/2022	The Walk	#4CCB7F	Phantasms
A/NewYork/PV81192/2022	Field Trip	#FFD23F	Unnatural Selection
A/NewYork/PX10733/2024	Jose Chung's From Outer Space	#3FD5D0	11001001
A/NewYork/PX12328/2024	The End	#C48A5A	The Arsenal of Freedom
A/NewYork/PX22900/2025	The Walk	#4CCB7F	Unnatural Selection
A/NewYork/PX23093/2025	Elegy	#B084F5	Conundrum
A/NewYork/PX23266/2025	Hollywood A.D.	#6BA3E6	Unnatural Selection
A/NewYork/PX23525/2025	Clyde Bruckman's Final Repose	#9E9E9E	11001001
A/NewYork/PX23565/2025	Hollywood A.D.	#6BA3E6	Up the Long Ladder
A/NewYork/PX23582/2025	Musings of a Cigarette Smoking Man	#FF9F40	The Arsenal of Freedom
A/NewYork/PX23638/2025	The Walk	#4CCB7F	The Price
A/NewYork/PX23641/2025	Clyde Bruckman's Final Repose	#9E9E9E	Family
A/NewYork/PX23647/2025	The End	#C48A5A	Journey's End
A/NewYork/PX23710/2025	Anasazi	#F47CC3	Up the Long Ladder
A/NewYork/PX23756/2025	Anasazi	#F47CC3	Conundrum
A/NewYork/PX23800/2025	Elegy	#B084F5	Up the Long Ladder
A/NewYork/PX23830/2025	Clyde Bruckman's Final Repose	#9E9E9E	11001001
A/NewYork/PX23850/2025	Clyde Bruckman's Final Repose	#9E9E9E	Q Who
A/NewYork/PX23902/2025	The Walk	#4CCB7F	Journey's End
A/NewYork/PX23928/2025	Ghouli	#FF6F69	Up the Long Ladder
A/NewYork/PX23929/2025	Clyde Bruckman's Final Repose	#9E9E9E	Conundrum
A/NewYork/PX23937/2025	Ghouli	#FF6F69	Family
A/NewYork/PX23941/2025	Musings of a Cigarette Smoking Man	#FF9F40	The Arsenal of Freedom
A/NewYork/PX23955/2025	Ghouli	#FF6F69	Up the Long Ladder
A/NewYork/PX23992/2025	Hollywood A.D.	#6BA3E6	Unnatural Selection
A/NewYork/PX24012/2025	The Walk	#4CCB7F	Conundrum
A/NewYork/PX24014/2025	Jose Chung's From Outer Space	#3FD5D0	Family
A/NewYork/PX24017/2025	Ghouli	#FF6F69	11001001
A/NewYork/PX24025/2025	Field Trip	#FFD23F	Unnatural Selection
A/NewYork/PX24032/2025	Elegy	#B084F5	11001001
A/NewYork/PX24063/2025	Musings of a Cigarette Smoking Man	#FF9F40	11001001
A/NewYork/USAFSAM-16380/2025	Elegy	#B084F5	Journey's End
A/NewYork/USAFSAM-16382/2025	Hollywood A.D.	#6BA3E6	Family
A/NewYork/USAFSAM-16383/2025	Ghouli	#FF6F69	Unnatural Selection
A/NewYork/USAFSAM-16384/2025	Musings of a Cigarette Smoking Man	#FF9F40	The Price
A/NewYork/USAFSAM-16385/2025	Hollywood A.D.	#6BA3E6	Conundrum
A/NewYorkCity/PV02895/2019	The End	#C48A5A	The Price
A/Niedersachsen/136/2025	Field Trip	#FFD23F	The Price
A/Niger/1714/2022	Hollywood A.D.	#6BA3E6	Unnatural Selection
A/Niger/2281/2025	Jose Chung's From Outer Space	#3FD5D0	Up the Long Ladder
A/Niger/2289/2025	Elegy	#B084F5	Q Who
A/Niger/2368/2025	Anasazi	#F47CC3	Family
A/Niger/2376/2025	The Walk	#4CCB7F	11001001
A/Niger/2393/2025	Jose Chung's From Outer Space	#3FD5D0	Journey's End
A/Niger/2413/2025	The End	#C48A5A	11001001
A/Niger/2491/2025	The End	#C48A5A	Up the Long Ladder
A/Niger/2502/2025	Ghouli	#FF6F69	The Arsenal of Freedom
A/Niger/2526/2025	The Walk	#4CCB7F	Up the Long Ladder
A/Niger/2529/2025	Field Trip	#FFD23F	Family
A/Niger/2541/2025	Hollywood A.D.	#6BA3E6	Up the Long Ladder
A/Niger/2546/2025	Ghouli	#FF6F69	The Arsenal of Freedom
A/Niger/2548/2025	Jose Chung's From Outer Space	#3FD5D0	Family
A/Niger/2556/2025	The End	#C48A5A	Up the Long Ladder
A/Niger/2558/2025	The End	#C48A5A	Q Who
A/Niger/2568/2025	The End	#C48A5A	Family
A/Niger/2574/2025	Jose Chung's From Outer Space	#3FD5D0	11001001
A/Niger/2579/2025	Ghouli	#FF6F69	Journey's End
A/Niger/2585/2025	Field Trip	#FFD23F	Up the Long Ladder
A/Niger/2587/2025	Anasazi	#F47CC3	11001001
A/Niger/292/2025	Jose Chung's From Outer Space	#3FD5D0	Unnatural Selection
A/Niger/296/2025	Anasazi	#F47CC3	Family
A/Niger/311/2025	Clyde Bruckman's Final Repose	#9E9E9E	Up the Long Ladder
A/Niger/339/2025	Field Trip	#FFD23F	Up the Long Ladder
A/Nigeria/0080/2024	Elegy	#B084F5	Conundrum
A/Nioaque/LEIAL6972/2025	Musings of a Cigarette Smoking Man	#FF9F40	The Arsenal of Freedom
A/Nordrhein-Westfalen/128/2025	The Walk	#4CCB7F	Conundrum
A/Norrkoping/SE25-12328/2025	Anasazi	#F47CC3	Unnatural Selection
A/NorthAmerica/Canada/NewBrunswick/NBPHLFLUA05I-MM00024R/2025	Field Trip	#FFD23F	Journey's End
A/NorthAmerica/Canada/NewBrunswick/NBPHLFLUA21J-MM00036R/2025	The Walk	#4CCB7F	Up the Long Ladder
A/NorthAmerica/Canada/NewBrunswick/NBPHLFLUA22J-MM00028R/2025	Elegy	#B084F5	11001001
A/NorthAmerica/Canada/NewBrunswick/NBPHLFLUA26J-MM00019R/2025	The Walk	#4CCB7F	11001001
A/NorthAmerica/Canada/NewBrunswick/NBPHLFLUA27J-MM00040R/2025	Anasazi	#F47CC3	Phantasms
A/NorthAmerica/Canada/NewBrunswick/NBPHLFLUA28J-MM00034R/2025	Musings of a Cigarette Smoking Man	#FF9F40	Up the Long Ladder
A/NorthAmerica/Canada/NewBrunswick/NBPHLFLUA29J-MM00047R/2025	Elegy	#B084F5	Journey's End
A/NorthAmerica/Canada/NewBrunswick/NBPHLFLUA31J-MM00001U/2025	The Walk	#4CCB7F	Unnatural Selection
A/NorthAmerica/Canada/NewBrunswick/NBPHLFLUA31J-MM00022U/2025	Clyde Bruckman's Final Repose	#9E9E9E	Phantasms
A/NorthCarolina/16334/2025	Jose Chung's From Outer Space	#3FD5D0	Unnatural Selection
A/NorthCarolina/77/2025	Field Trip	#FFD23F	Unnatural Selection
A/NorthDakota/14085/2023	The End	#C48A5A	11001001
A/NorthDakota/16362/2025	Anasazi	#F47CC3	Q Who
A/NorthDakota/53/2025	Clyde Bruckman's Final Repose	#9E9E9E	Q Who
A/NorthDakota/54/2025	The Walk	#4CCB7F	Journey's End
A/NorthDakota/USAFSAM-16450/2025	Jose Chung's From Outer Space	#3FD5D0	Family
A/Norway/00090/2024	Hollywood A.D.	#6BA3E6	Up the Long Ladder
A/Norway/03470/2025	Ghouli	#FF6F69	Conundrum
A/Norway/07988/2025	Hollywood A.D.	#6BA3E6	Phantasms
A/Norway/08050/2025	The End	#C48A5A	Unnatural Selection
A/Norway/08108/2025	The End	#C48A5A	Q Who
A/Norway/08288/2025	Clyde Bruckman's Final Repose	#9E9E9E	Phantasms
A/Norway/08294/2025	Clyde Bruckman's Final Repose	#9E9E9E	The Price
A/Norway/08394/2025	Anasazi	#F47CC3	11001001
A/Norway/08493/2025	Clyde Bruckman's Final Repose	#9E9E9E	Journey's End
A/Norway/08535/2025	Elegy	#B084F5	Unnatural Selection
A/Norway/08565/2025	Hollywood A.D.	#6BA3E6	Phantasms
A/Norway/08608/2025	Musings of a Cigarette Smoking Man	#FF9F40	Unnatural Selection
A/Norway/08627/2025	Jose Chung's From Outer Space	#3FD5D0	Journey's End
A/Norway/08647/2025	Ghouli	#FF6F69	The Price
A/Norway/08648/2025	Clyde Bruckman's Final Repose	#9E9E9E	Conundrum
A/Norway/08649/2025	Musings of a Cigarette Smoking Man	#FF9F40	Q Who
A/Norway/08673/2025	Ghouli	#FF6F69	Q Who
A/Norway/08674/2025	Clyde Bruckman's Final Repose	#9E9E9E	Q Who
A/Norway/08677/2025	Hollywood A.D.	#6BA3E6	Family
A/Norway/08680/2025	Hollywood A.D.	#6BA3E6	The Arsenal of Freedom
A/Norway/08704/2025	Hollywood A.D.	#6BA3E6	Q Who
A/Norway/08705/2025	Clyde Bruckman's Final Repose	#9E9E9E	Phantasms
A/Norway/08723/2025	Jose Chung's From Outer Space	#3FD5D0	Up the Long Ladder
A/Norway/08764/2025	The End	#C48A5A	11001001
A/Norway/08765/2025	Musings of a Cigarette Smoking Man	#FF9F40	Unnatural Selection
A/Norway/08771/2025	Hollywood A.D.	#6BA3E6	Up the Long Ladder
A/Norway/08772/2025	Musings of a Cigarette Smoking Man	#FF9F40	11001001
A/Norway/08820/2025	Clyde Bruckman's Final Repose	#9E9E9E	Conundrum
A/Norway/08826/2025	Field Trip	#FFD23F	The Arsenal of Freedom
A/Norway/08841/2025	Field Trip	#FFD23F	The Arsenal of Freedom
A/Norway/08842/2025	Ghouli	#FF6F69	The Price
A/Norway/08854/2025	Jose Chung's From Outer Space	#3FD5D0	The Arsenal of Freedom
A/Norway/08898/2025	Field Trip	#FFD23F	Unnatural Selection
A/Norway/08905/2025	Clyde Bruckman's Final Repose	#9E9E9E	Q Who
A/Norway/08923/2025	Jose Chung's From Outer Space	#3FD5D0	The Price
A/Norway/08976/2025	The Walk	#4CCB7F	Unnatural Selection
A/Norway/09026/2025	Field Trip	#FFD23F	Phantasms
A/Norway/09033/2025	Clyde Bruckman's Final Repose	#9E9E9E	Unnatural Selection
A/Norway/09048/2025	The End	#C48A5A	Unnatural Selection
A/Norway/09060/2025	Musings of a Cigarette Smoking Man	#FF9F40	Q Who
A/Norway/09110/2025	The End	#C48A5A	11001001
A/Norway/09124/2025	Clyde Bruckman's Final Repose	#9E9E9E	The Price
A/Norway/09134/2025	The End	#C48A5A	Up the Long Ladder
A/Norway/09151/2025	Field Trip	#FFD23F	11001001
A/Norway/09154/2025	Anasazi	#F47CC3	Family
A/Norway/09166/2025	The Walk	#4CCB7F	Up the Long Ladder
A/Norway/09207/2025	Musings of a Cigarette Smoking Man	#FF9F40	11001001
A/Norway/09211/2025	Jose Chung's From Outer Space	#3FD5D0	The Arsenal of Freedom
A/Norway/09227/2025	Jose Chung's From Outer Space	#3FD5D0	Unnatural Selection
A/Norway/09257/2025	Ghouli	#FF6F69	Conundrum
A/Norway/09285/2025	Ghouli	#FF6F69	Up the Long Ladder
A/Norway/09286/2025	Anasazi	#F47CC3	Journey's End
A/Norway/09309/2025	Jose Chung's From Outer Space	#3FD5D0	Phantasms
A/Norway/09313/2025	Field Trip	#FFD23F	The Price
A/Norway/09337/2025	Anasazi	#F47CC3	The Arsenal of Freedom
A/Norway/09339/2025	Field Trip	#FFD23F	Journey's End
A/Norway/09343/2025	The End	#C48A5A	Up the Long Ladder
A/Norway/09354/2025	Clyde Bruckman's Final Repose	#9E9E9E	Q Who
A/Norway/09427/2025	Field Trip	#FFD23F	The Price
A/Norway/09430/2025	Ghouli	#FF6F69	The Price
A/Norway/09431/2025	Jose Chung's From Outer Space	#3FD5D0	Up the Long Ladder
A/Norway/09460/2025	The End	#C48A5A	Conundrum
A/Norway/09461/2025	The Walk	#4CCB7F	Conundrum
A/Norway/09483/2025	Field Trip	#FFD23F	Conundrum
A/Norway/09495/2025	Clyde Bruckman's Final Repose	#9E9E9E	The Arsenal of Freedom
A/Norway/09517/2025	Anasazi	#F47CC3	Family
A/Norway/09582/2025	Clyde Bruckman's Final Repose	#9E9E9E	Phantasms
A/Norway/09603/2025	The Walk	#4CCB7F	Q Who
A/Norway/09650/2025	Ghouli	#FF6F69	Journey's End
A/Norway/09680/2025	The Walk	#4CCB7F	11001001
A/Norway/09681/2025	The End	#C48A5A	The Price
A/Norway/10130/2025	Anasazi	#F47CC3	Journey's End
A/Norway/10159/2025	Field Trip	#FFD23F	The Price
A/Norway/10175/2025	Jose Chung's From Outer Space	#3FD5D0	The Price
A/Norway/10190/2025	Ghouli	#FF6F69	Journey's End
A/Norway/10191/2025	Elegy	#B084F5	The Arsenal of Freedom
A/Norway/10217/2025	Musings of a Cigarette Smoking Man	#FF9F40	Phantasms
A/Norway/10231/2025	Ghouli	#FF6F69	Unnatural Selection
A/Norway/10253/2025	Jose Chung's From Outer Space	#3FD5D0	Journey's End
A/Norway/10254/2025	Hollywood A.D.	#6BA3E6	The Price
A/Norway/10255/2025	Field Trip	#FFD23F	Phantasms
A/Norway/10257/2025	Jose Chung's From Outer Space	#3FD5D0	Conundrum
A/Norway/10261/2025	The End	#C48A5A	The Arsenal of Freedom
A/Norway/10262/2025	Hollywood A.D.	#6BA3E6	Phantasms
A/Norway/10274/2025	Anasazi	#F47CC3	Family
A/Norway/10275/2025	The End	#C48A5A	Up the Long Ladder
A/Norway/10276/2025	Field Trip	#FFD23F	Phantasms
A/Norway/10278/2025	The Walk	#4CCB7F	Phantasms
A/Norway/10290/2025	Elegy	#B084F5	Family
A/Norway/10297/2025	The End	#C48A5A	11001001
A/Norway/10321/2025	Hollywood A.D.	#6BA3E6	Family
A/Norway/10326/2025	Field Trip	#FFD23F	Journey's End
A/Norway/10342/2025	Field Trip	#FFD23F	Up the Long Ladder
A/Norway/10345/2025	Musings of a Cigarette Smoking Man	#FF9F40	Conundrum
A/Norway/10347/2025	The End	#C48A5A	11001001
A/Norway/10378/2025	Musings of a Cigarette Smoking Man	#FF9F40	Phantasms
A/Norway/10380/2025	The End	#C48A5A	The Price
A/Norway/10381/2025	Clyde Bruckman's Final Repose	#9E9E9E	Up the Long Ladder
A/Norway/10382/2025	Hollywood A.D.	#6BA3E6	Journey's End
A/Norway/10395/2025	Ghouli	#FF6F69	Unnatural Selection
A/Norway/10398/2025	The Walk	#4CCB7F	The Price
A/Norway/10399/2025	Anasazi	#F47CC3	Q Who
A/Norway/10400/2025	Musings of a Cigarette Smoking Man	#FF9F40	The Price
A/Norway/10401/2025	Jose Chung's From Outer Space	#3FD5D0	Conundrum
A/Norway/10401/2025_ClinicalSpecimen	Clyde Bruckman's Final Repose	#9E9E9E	Q Who
A/Norway/10403/2025	Musings of a Cigarette Smoking Man	#FF9F40	Q Who
A/Norway/10404/2025	The Walk	#4CCB7F	Family
A/Norway/10405/2025	The Walk	#4CCB7F	11001001
A/Norway/10406/2025	Hollywood A.D.	#6BA3E6	Up the Long Ladder
A/Norway/10407/2025	Elegy	#B084F5	Journey's End
A/Norway/10414/2025	Hollywood A.D.	#6BA3E6	Journey's End
A/Norway/10418/2025	The End	#C48A5A	Conundrum
A/Norway/10419/2025	The End	#C48A5A	The Price
A/Norway/10454/2025	Hollywood A.D.	#6BA3E6	Phantasms
A/Norway/10455/2025	Jose Chung's From Outer Space	#3FD5D0	Unnatural Selection
A/Norway/10512/2025	Ghouli	#FF6F69	Journey's End
A/Norway/10515/2025	Ghouli	#FF6F69	The Price
A/Norway/10516/2025	Field Trip	#FFD23F	Up the Long Ladder
A/Norway/10517/2025	Field Trip	#FFD23F	The Arsenal of Freedom
A/Norway/10521/2025	Jose Chung's From Outer Space	#3FD5D0	11001001
A/Norway/10534/2025	Jose Chung's From Outer Space	#3FD5D0	Conundrum
A/Norway/10593/2025	Musings of a Cigarette Smoking Man	#FF9F40	Conundrum
A/Norway/10601/2025	Ghouli	#FF6F69	Family
A/Norway/10603/2025	Clyde Bruckman's Final Repose	#9E9E9E	Unnatural Selection
A/Norway/12374/2023_SIAT1	Jose Chung's From Outer Space	#3FD5D0	11001001
A/Norway/16606/2021	The Walk	#4CCB7F	Journey's End
A/Norway/1952/2024_SIAT1	Ghouli	#FF6F69	Conundrum
A/Norway/3288/2018	Anasazi	#F47CC3	Conundrum
A/Norway/423/2024_E6	The Walk	#4CCB7F	Up the Long Ladder
A/Norway/8705/2025	Jose Chung's From Outer Space	#3FD5D0	The Price
A/Norway/8765/2025	Field Trip	#FFD23F	Conundrum
A/Norway/8765/2025_S2	Field Trip	#FFD23F	Up the Long Ladder
A/Norway/8898/2025	Field Trip	#FFD23F	11001001
A/Norway/9483/2025	Hollywood A.D.	#6BA3E6	11001001
A/Norway/9603/2025	Clyde Bruckman's Final Repose	#9E9E9E	11001001
A/NovaScotia/ET1108CP00062U/2025	Musings of a Cigarette Smoking Man	#FF9F40	Q Who
A/NovaScotia/NT0104CP00003S/2025	Jose Chung's From Outer Space	#3FD5D0	Phantasms
A/Novgorod_Oblast/109-1V/2025	Hollywood A.D.	#6BA3E6	Journey's End
A/Novosibirsk_Oblast/123-5V/2025	The End	#C48A5A	Family
A/Novosibirsk_Oblast/89-2V/2025	The End	#C48A5A	11001001
A/NuevaSantaRosa/FLU-363/2025	Ghouli	#FF6F69	Journey's End
A/OITA/1/2025	Ghouli	#FF6F69	11001001
A/OKINAWA/458/2025	The End	#C48A5A	The Arsenal of Freedom
A/OKINAWA/461/2025	The Walk	#4CCB7F	Q Who
A/OKINAWA/463/2025	Anasazi	#F47CC3	Q Who
A/OKINAWA/468/2025	Field Trip	#FFD23F	The Arsenal of Freedom
A/OSAKA/19/2025	Field Trip	#FFD23F	Family
A/OSAKA/47/2025	Anasazi	#F47CC3	11001001
A/OSAKA/48/2025	Field Trip	#FFD23F	11001001
A/OSAKA/50/2025	Ghouli	#FF6F69	The Arsenal of Freedom
A/OSAKA/54/2025	Hollywood A.D.	#6BA3E6	Conundrum
A/OSAKA/57/2025	The End	#C48A5A	Unnatural Selection
A/OSAKA/59/2025	The Walk	#4CCB7F	Family
A/Odisha/1284/2025	The Walk	#4CCB7F	Conundrum
A/Odisha/1286/2025	Musings of a Cigarette Smoking Man	#FF9F40	Up the Long Ladder
A/Odisha/1351/2025	Hollywood A.D.	#6BA3E6	11001001
A/Odisha/1406/2025	Hollywood A.D.	#6BA3E6	The Price
A/Odisha/1450/2025	Elegy	#B084F5	The Price
A/Odisha/1503/2025	Field Trip	#FFD23F	Conundrum
A/Odisha/1526/2025	Jose Chung's From Outer Space	#3FD5D0	The Price
A/Ohio/255/2025	Anasazi	#F47CC3	Up the Long Ladder
A/Ohio/257/2025	Anasazi	#F47CC3	The Arsenal of Freedom
A/Ohio/258/2025	Jose Chung's From Outer Space	#3FD5D0	Journey's End
A/Ohio/261/2025	The Walk	#4CCB7F	The Price
A/Oklahoma/05/2024	Clyde Bruckman's Final Repose	#9E9E9E	Conundrum
A/Oklahoma/14467/2023	Anasazi	#F47CC3	Conundrum
A/Oklahoma/16043/2025	Field Trip	#FFD23F	Family
A/Oklahoma/16376/2025	The Walk	#4CCB7F	Phantasms
A/Oman/CPHL_5241433/2024	Musings of a Cigarette Smoking Man	#FF9F40	Phantasms
A/Oman/CPHL_52422154/2024	Field Trip	#FFD23F	Journey's End
A/Oman/CPHL_5243374/2024	Musings of a Cigarette Smoking Man	#FF9F40	Phantasms
A/Oman/CPHL_52519758/2025	Elegy	#B084F5	Up the Long Ladder
A/Oman/CPHL_52520043/2025	The End	#C48A5A	Journey's End
A/Oman/CPHL_52520436/2025	Jose Chung's From Outer Space	#3FD5D0	The Price
A/Oman/CPHL_52520751/2025	Musings of a Cigarette Smoking Man	#FF9F40	Conundrum
A/Oman/CPHL_52520875/2025	Elegy	#B084F5	Q Who
A/Oman/CPHL_52522885/2025	Elegy	#B084F5	The Arsenal of Freedom
A/Oman/CPHL_52523569/2025	Anasazi	#F47CC3	Conundrum
A/Oman/CPHL_52523945/2025	The Walk	#4CCB7F	Q Who
A/Oman/CPHL_52524744/2025	Elegy	#B084F5	Journey's End
A/Oman/CPHL_52526311/2025	Elegy	#B084F5	Conundrum
A/Oman/CPHL_52526474/2025	The End	#C48A5A	Family
A/Oman/CPHL_52527013/2025	The End	#C48A5A	The Price
A/Oman/CPHL_52527027/2025	Field Trip	#FFD23F	Conundrum
A/Oman/CPHL_7251923/2025	Jose Chung's From Outer Space	#3FD5D0	Journey's End
A/Oman/CPHL_7253078/2025	Clyde Bruckman's Final Repose	#9E9E9E	The Price
A/Oman/CPHL_7253093/2025	Ghouli	#FF6F69	The Arsenal of Freedom
A/Oman/CPHL_7253826/2025	The End	#C48A5A	Up the Long Ladder
A/Oman/CPHL_7253863/2025	Elegy	#B084F5	Phantasms
A/Oman/CPHL_7253943/2025	Ghouli	#FF6F69	The Arsenal of Freedom
A/Oman/CPHL_7253955/2025	Musings of a Cigarette Smoking Man	#FF9F40	The Price
A/Oman/CPHL_7253965/2025	The Walk	#4CCB7F	Phantasms
A/Oman/CPHL_7254104/2025	Elegy	#B084F5	Phantasms
A/Oman/CPHL_7254167/2025	Ghouli	#FF6F69	The Arsenal of Freedom
A/Oman/CPHL_7254292/2025	Anasazi	#F47CC3	Q Who
A/Oman/CPHL_7254632/2025	Ghouli	#FF6F69	11001001
A/Oman/CPHL_7254672/2025	Ghouli	#FF6F69	11001001
A/Oman/CPHL_7254734/2025	Field Trip	#FFD23F	The Arsenal of Freedom
A/Oman/CPHL_7254760/2025	Ghouli	#FF6F69	Conundrum
A/Oman/CPHL_7254770/2025	Field Trip	#FFD23F	Family
A/Oman/CPHL_7254772/2025	The End	#C48A5A	Conundrum
A/Oman/CPHL_7254792/2025	The Walk	#4CCB7F	11001001
A/Oman/CPHL_7254879/2025	The Walk	#4CCB7F	Unnatural Selection
A/Oman/CPHL_7255064/2025	Hollywood A.D.	#6BA3E6	Family
A/Oman/CPHL_7255082/2025	The End	#C48A5A	Phantasms
A/Oman/CPHL_7255092/2025	The End	#C48A5A	Q Who
A/Oman/CPHL_7255152/2025	Ghouli	#FF6F69	11001001
A/Oman/CPHL_7255199/2025	Elegy	#B084F5	Up the Long Ladder
A/Oman/CPHL_7255292/2025	Musings of a Cigarette Smoking Man	#FF9F40	The Price
A/Oman/CPHL_7255447/2025	Jose Chung's From Outer Space	#3FD5D0	Unnatural Selection
A/Oman/CPHL_7255480/2025	The Walk	#4CCB7F	Phantasms
A/Oman/CPHL_7255484/2025	Elegy	#B084F5	The Price
A/Oman/CPHL_7255530/2025	Hollywood A.D.	#6BA3E6	11001001
A/Oman/CPHL_7255608/2025	The End	#C48A5A	Journey's End
A/Oman/CPHL_7255619/2025	Musings of a Cigarette Smoking Man	#FF9F40	11001001
A/Oman/CPHL_7255655/2025	Jose Chung's From Outer Space	#3FD5D0	The Price
A/Oman/CPHL_7255657/2025	Jose Chung's From Outer Space	#3FD5D0	The Price
A/Oman/CPHL_7255664/2025	The End	#C48A5A	The Arsenal of Freedom
A/Oman/CPHL_7255743/2025	Elegy	#B084F5	Phantasms
A/Oman/CPHL_7255841/2025	Musings of a Cigarette Smoking Man	#FF9F40	The Price
A/Oman/CPHL_7255932/2025	Elegy	#B084F5	Q Who
A/Oman/CPHL_7255974/2025	Clyde Bruckman's Final Repose	#9E9E9E	Journey's End
A/Oman/CPHL_7256007/2025	Hollywood A.D.	#6BA3E6	Q Who
A/Oman/CPHL_7256037/2025	The Walk	#4CCB7F	Unnatural Selection
A/Oman/CPHL_7256040/2025	The End	#C48A5A	Unnatural Selection
A/Oman/CPHL_7256074/2025	Elegy	#B084F5	Family
A/Oman/CPHL_7256080/2025	Musings of a Cigarette Smoking Man	#FF9F40	Family
A/Oman/CPHL_7256088/2025	Jose Chung's From Outer Space	#3FD5D0	Conundrum
A/Oman/CPHL_7256103/2025	Ghouli	#FF6F69	Up the Long Ladder
A/Oman/CPHL_7256117/2025	Ghouli	#FF6F69	Conundrum
A/Oman/CPHL_7256135/2025	Elegy	#B084F5	The Price
A/Oman/CPHL_7256143/2025	Anasazi	#F47CC3	Family
A/Oman/CPHL_7256178/2025	Ghouli	#FF6F69	Family
A/Oman/CPHL_7256279/2025	The End	#C48A5A	The Price
A/Oman/CPHL_7256306/2025	Field Trip	#FFD23F	Conundrum
A/Oman/CPHL_7256327/2025	Clyde Bruckman's Final Repose	#9E9E9E	Family
A/Oman/CPHL_7256337/2025	The End	#C48A5A	The Price
A/Oman/CPHL_7256424/2025	Jose Chung's From Outer Space	#3FD5D0	The Price
A/Oman/CPHL_7256450/2025	The Walk	#4CCB7F	Conundrum
A/Oman/CPHL_7256461/2025	Field Trip	#FFD23F	Family
A/Oman/CPHL_7256500/2025	Hollywood A.D.	#6BA3E6	Up the Long Ladder
A/Oman/CPHL_7256545/2025	Field Trip	#FFD23F	Journey's End
A/Oman/CPHL_7256625/2025	Musings of a Cigarette Smoking Man	#FF9F40	Unnatural Selection
A/Oman/CPHL_7256669/2025	Elegy	#B084F5	Phantasms
A/Oman/CPHL_7256674/2025	Musings of a Cigarette Smoking Man	#FF9F40	The Price
A/Oman/CPHL_7256705/2025	The End	#C48A5A	11001001
A/Oman/CPHL_725676/2025	Anasazi	#F47CC3	11001001
A/Oman/CPHL_7256775/2025	Ghouli	#FF6F69	Family
A/Oman/CPHL_7256801/2025	Anasazi	#F47CC3	Phantasms
A/Oman/CPHL_7256812/2025	The End	#C48A5A	Phantasms
A/Oman/CPHL_7256873/2025	Field Trip	#FFD23F	Journey's End
A/Oman/CPHL_7256916/2025	Elegy	#B084F5	Q Who
A/Oman/CPHL_7257064/2025	Ghouli	#FF6F69	Family
A/Oman/CPHL_7257127/2025	The Walk	#4CCB7F	Q Who
A/Oman/CPHL_7257178/2025	Musings of a Cigarette Smoking Man	#FF9F40	Family
A/Oman/CPHL_7257280/2025	The End	#C48A5A	Q Who
A/Oman/CPHL_7257314/2025	Musings of a Cigarette Smoking Man	#FF9F40	Unnatural Selection
A/Oman/CPHL_7257329/2025	Hollywood A.D.	#6BA3E6	Conundrum
A/Oman/CPHL_7257384/2025	Field Trip	#FFD23F	Unnatural Selection
A/Oman/CPHL_7257399/2025	The End	#C48A5A	The Arsenal of Freedom
A/Oman/CPHL_7257409/2025	Clyde Bruckman's Final Repose	#9E9E9E	Phantasms
A/Oman/CPHL_7257461/2025	Elegy	#B084F5	Phantasms
A/Oman/CPHL_7257501/2025	Jose Chung's From Outer Space	#3FD5D0	Q Who
A/Oman/CPHL_7257555/2025	Ghouli	#FF6F69	Phantasms
A/Oman/CPHL_7257567/2025	Clyde Bruckman's Final Repose	#9E9E9E	The Arsenal of Freedom
A/Oman/CPHL_725768/2025	The End	#C48A5A	Up the Long Ladder
A/Omsk/RII-MH265268S/2025	Clyde Bruckman's Final Repose	#9E9E9E	The Arsenal of Freedom
A/Omsk_Oblast/144-3V/2025	Ghouli	#FF6F69	Journey's End
A/Ontario/024/2024	Elegy	#B084F5	Journey's End
A/Ontario/122/2025	The Walk	#4CCB7F	The Price
A/Ontario/714/2025	Anasazi	#F47CC3	The Price
A/Ontario/759/2025	Elegy	#B084F5	Phantasms
A/Ontario/880/2025	Field Trip	#FFD23F	11001001
A/Ontario/908/2025	Musings of a Cigarette Smoking Man	#FF9F40	Unnatural Selection
A/Ontario/PHL202500667/2025	Anasazi	#F47CC3	The Price
A/Ontario/PHL202500669/2025	Anasazi	#F47CC3	Up the Long Ladder
A/Ontario/PHL202500672/2025	Hollywood A.D.	#6BA3E6	Unnatural Selection
A/Ontario/PHL202500673/2025	Ghouli	#FF6F69	Unnatural Selection
A/Ontario/PHL202500675/2025	Jose Chung's From Outer Space	#3FD5D0	Journey's End
A/Ontario/PHL202500676/2025	The End	#C48A5A	Up the Long Ladder
A/Ontario/PHL202500679/2025	Hollywood A.D.	#6BA3E6	Up the Long Ladder
A/Ontario/PHL202500680/2025	Hollywood A.D.	#6BA3E6	11001001
A/Ontario/PHL202500681/2025	Jose Chung's From Outer Space	#3FD5D0	Conundrum
A/Ontario/PHL202500682/2025	Ghouli	#FF6F69	The Arsenal of Freedom
A/Ontario/PHL202500683/2025	Ghouli	#FF6F69	The Price
A/Ontario/PHL202500684/2025	Jose Chung's From Outer Space	#3FD5D0	Phantasms
A/Ontario/PHL202500685/2025	Field Trip	#FFD23F	Journey's End
A/Ontario/PHL202500686/2025	The Walk	#4CCB7F	The Arsenal of Freedom
A/Ontario/PHL202500687/2025	The End	#C48A5A	Journey's End
A/Ontario/PHL202500688/2025	Anasazi	#F47CC3	Phantasms
A/Ontario/PHL202500689/2025	Anasazi	#F47CC3	Family
A/Ontario/PHL202500690/2025	Musings of a Cigarette Smoking Man	#FF9F40	Phantasms
A/Ontario/PHL202500691/2025	Anasazi	#F47CC3	11001001
A/Ontario/PHL202500692/2025	Clyde Bruckman's Final Repose	#9E9E9E	Unnatural Selection
A/Ontario/PHL202500693/2025	Jose Chung's From Outer Space	#3FD5D0	Journey's End
A/Ontario/PHL202500694/2025	Anasazi	#F47CC3	11001001
A/Ontario/PHL202500695/2025	Anasazi	#F47CC3	11001001
A/Ontario/PHL202500696/2025	Anasazi	#F47CC3	Conundrum
A/Ontario/PHL202500818/2025	The Walk	#4CCB7F	11001001
A/Ontario/PHL202500820/2025	Anasazi	#F47CC3	Up the Long Ladder
A/Ontario/PHL202500821/2025	The End	#C48A5A	Q Who
A/Ontario/PHL202500823/2025	Field Trip	#FFD23F	Unnatural Selection
A/Ontario/PHL202500824/2025	Ghouli	#FF6F69	Phantasms
A/Ontario/PHL202500825/2025	Anasazi	#F47CC3	Unnatural Selection
A/Ontario/PHL202500861/2025	Anasazi	#F47CC3	Q Who
A/Ontario/RV04644-25/2025	Elegy	#B084F5	11001001
A/Ontario/RV04648-25/2025	The End	#C48A5A	Q Who
A/Ontario/RV04649-25/2025	Ghouli	#FF6F69	Phantasms
A/Ontario/RV04652-25/2025	Hollywood A.D.	#6BA3E6	Phantasms
A/Ontario/RV1084/2019	Clyde Bruckman's Final Repose	#9E9E9E	11001001
A/Oregon/266/2024_Spf3E2	Hollywood A.D.	#6BA3E6	Up the Long Ladder
A/Oregon/66/2025	Jose Chung's From Outer Space	#3FD5D0	11001001
A/Oregon/67/2025	The End	#C48A5A	Journey's End
A/Orenburg/20/2024	Anasazi	#F47CC3	The Price
A/Orenburg_Oblast/76-1V/2025	The Walk	#4CCB7F	The Arsenal of Freedom
A/Orenburg_Oblast/76-2V/2025	Elegy	#B084F5	11001001
A/PALENCIA/273/2025	The End	#C48A5A	Journey's End
A/PALENCIA/274/2025	Hollywood A.D.	#6BA3E6	Family
A/PALENCIA/275/2025	Field Trip	#FFD23F	11001001
A/PALENCIA/280/2025	The End	#C48A5A	Phantasms
A/PALENCIA/281/2025	Clyde Bruckman's Final Repose	#9E9E9E	Q Who
A/PALENCIA/282/2025	Ghouli	#FF6F69	Unnatural Selection
A/PALENCIA/290/2025	Musings of a Cigarette Smoking Man	#FF9F40	Up the Long Ladder
A/PALENCIA/291/2025	Jose Chung's From Outer Space	#3FD5D0	Conundrum
A/PALENCIA/292/2025	Field Trip	#FFD23F	Up the Long Ladder
A/PALENCIA/311/2025	Jose Chung's From Outer Space	#3FD5D0	11001001
A/PALENCIA/312/2025	Clyde Bruckman's Final Repose	#9E9E9E	Unnatural Selection
A/PaisVasco/2105/2025	The End	#C48A5A	Unnatural Selection
A/PaisVasco/2142/2025	Anasazi	#F47CC3	Up the Long Ladder
A/PaisVasco/2143/2025	The End	#C48A5A	Q Who
A/PaisVasco/2145/2025	Clyde Bruckman's Final Repose	#9E9E9E	Phantasms
A/PaisVasco/2146/2025	Musings of a Cigarette Smoking Man	#FF9F40	Journey's End
A/PaisVasco/2173/2025	Musings of a Cigarette Smoking Man	#FF9F40	11001001
A/PaisVasco/2260/2025	Musings of a Cigarette Smoking Man	#FF9F40	Unnatural Selection
A/PaisVasco/2262/2025	The End	#C48A5A	Conundrum
A/PaisVasco/2263/2025	Elegy	#B084F5	The Price
A/PaisVasco/2307/2025	Jose Chung's From Outer Space	#3FD5D0	Q Who
A/PaisVasco/2309/2025	The End	#C48A5A	Unnatural Selection
A/PaisVasco/37458995/2025	The Walk	#4CCB7F	Phantasms
A/PaisVasco/37709629/2025	Elegy	#B084F5	Journey's End
A/PaisVasco/45001646/2025	Hollywood A.D.	#6BA3E6	Up the Long Ladder
A/PaisVasco/45001647/2025	Anasazi	#F47CC3	11001001
A/PaisVasco/45001746/2025	Musings of a Cigarette Smoking Man	#FF9F40	Phantasms
A/PaisVasco/45001895/2025	Anasazi	#F47CC3	Unnatural Selection
A/PaisVasco/45001896/2025	Anasazi	#F47CC3	Conundrum
A/PaisVasco/45999544/2025	Clyde Bruckman's Final Repose	#9E9E9E	Journey's End
A/PaisVasco/45999545/2025	Anasazi	#F47CC3	Unnatural Selection
A/PaisVasco/45999546/2025	Ghouli	#FF6F69	Phantasms
A/PaisVasco/45999820/2025	The End	#C48A5A	Q Who
A/PaisVasco/47136947/2025	Hollywood A.D.	#6BA3E6	Family
A/PaisVasco/47525195/2025	Jose Chung's From Outer Space	#3FD5D0	Unnatural Selection
A/PaisVasco/47551923/2025	Musings of a Cigarette Smoking Man	#FF9F40	The Price
A/PaisVasco/47551927/2025	Anasazi	#F47CC3	Conundrum
A/PaisVasco/51259150/2025	Elegy	#B084F5	Q Who
A/PaisVasco/51259159/2025	Field Trip	#FFD23F	The Price
A/PaisVasco/70023952/2025	Anasazi	#F47CC3	Conundrum
A/PaisVasco/70026234/2025	The End	#C48A5A	Unnatural Selection
A/PaisVasco/70027076/2025	Hollywood A.D.	#6BA3E6	Unnatural Selection
A/PaisVasco/70035352/2025	Ghouli	#FF6F69	Journey's End
A/PaisVasco/70039118/2025	Jose Chung's From Outer Space	#3FD5D0	Conundrum
A/PaisVasco/70041732/2025	Ghouli	#FF6F69	Phantasms
A/PaisVasco/70176084/2025	Clyde Bruckman's Final Repose	#9E9E9E	The Price
A/PaisVasco/70502117/2025	Musings of a Cigarette Smoking Man	#FF9F40	Q Who
A/PaisVasco/70629676/2025	The End	#C48A5A	The Price
A/PaisVasco/70630115/2025	Anasazi	#F47CC3	The Arsenal of Freedom
A/PaisVasco/70630440/2025	Hollywood A.D.	#6BA3E6	Q Who
A/PaisVasco/72521235/2025	Elegy	#B084F5	The Arsenal of Freedom
A/PaisVasco/79875030/2025	Musings of a Cigarette Smoking Man	#FF9F40	11001001
A/PaisVasco/79875042/2025	Musings of a Cigarette Smoking Man	#FF9F40	Up the Long Ladder
A/PaisVasco/79875046/2025	Anasazi	#F47CC3	Phantasms
A/PaisVasco/83357051/2025	Clyde Bruckman's Final Repose	#9E9E9E	Up the Long Ladder
A/PaisVasco/85182946/2025	Musings of a Cigarette Smoking Man	#FF9F40	Q Who
A/PaisVasco/85182948/2025	Clyde Bruckman's Final Repose	#9E9E9E	Journey's End
A/PaisVasco/85182951/2025	The End	#C48A5A	Journey's End
A/PaisVasco/85182955/2025	Hollywood A.D.	#6BA3E6	Up the Long Ladder
A/PaisVasco/85191991/2025	Elegy	#B084F5	Unnatural Selection
A/PaisVasco/88041941/2025	Jose Chung's From Outer Space	#3FD5D0	Family
A/PaisVasco/88041998/2025	The End	#C48A5A	Q Who
A/PaisVasco/88044564/2025	Field Trip	#FFD23F	Family
A/PaisVasco/88044566/2025	Jose Chung's From Outer Space	#3FD5D0	Unnatural Selection
A/PaisVasco/96072615/2025	The Walk	#4CCB7F	Q Who
A/PaisVasco/96076473/2025	The End	#C48A5A	Q Who
A/PaisVasco/97070324/2025	Elegy	#B084F5	Journey's End
A/PaisVasco/98033077/2025	Ghouli	#FF6F69	Conundrum
A/Pajapita/FLU-257/2025	Ghouli	#FF6F69	Journey's End
A/Pakistan/AHF-NIH/KPK/023/2023	Clyde Bruckman's Final Repose	#9E9E9E	11001001
A/Pakistan/AHF-NIH/KPK/025/2023	Ghouli	#FF6F69	Up the Long Ladder
A/Pakistan/ICT/334/2024	Field Trip	#FFD23F	Up the Long Ladder
A/Pakistan/NIC/NIH/2083/2025	Elegy	#B084F5	Unnatural Selection
A/Pakistan/NIC/NIH/2706/2025	Clyde Bruckman's Final Repose	#9E9E9E	Conundrum
A/Pakistan/NIH-ICT-905/2023	Jose Chung's From Outer Space	#3FD5D0	Unnatural Selection
A/Palencia/FLU-327/2025	Jose Chung's From Outer Space	#3FD5D0	Q Who
A/Palencia/FLU-359/2025	The Walk	#4CCB7F	Unnatural Selection
A/Palmas/LEIAL6985/2025	Jose Chung's From Outer Space	#3FD5D0	The Arsenal of Freedom
A/Palmas/LEIAL6986/2025	The Walk	#4CCB7F	The Price
A/Palmas/LEIAL6992/2025	Elegy	#B084F5	Q Who
A/Panama/274964/2025	The End	#C48A5A	The Price
A/Panama/M275974/2025	Elegy	#B084F5	Q Who
A/Panama/M276015/2025	Anasazi	#F47CC3	Family
A/Panama/M276028/2025	Field Trip	#FFD23F	Family
A/Paraiba/033770-IEC/2025	Ghouli	#FF6F69	The Price
A/Paraiba/033772-IEC/2025	Hollywood A.D.	#6BA3E6	The Price
A/Paraiba/033779-IEC/2025	Clyde Bruckman's Final Repose	#9E9E9E	Conundrum
A/Paraiba/033781-IEC/2025	Jose Chung's From Outer Space	#3FD5D0	The Price
A/Paraiba/033786-IEC/2025	Elegy	#B084F5	11001001
A/Paraiba/033790-IEC/2025	Jose Chung's From Outer Space	#3FD5D0	The Arsenal of Freedom
A/Paraiba/033796-IEC/2025	Clyde Bruckman's Final Repose	#9E9E9E	Up the Long Ladder
A/Paraiba/033798-IEC/2025	Field Trip	#FFD23F	Journey's End
A/Paraiba/033803-IEC/2025	Elegy	#B084F5	Conundrum
A/Paraiba/044833-IEC/2025	Ghouli	#FF6F69	Conundrum
A/Parana/3687/2025	Musings of a Cigarette Smoking Man	#FF9F40	The Price
A/Parana/416111865/2025	Musings of a Cigarette Smoking Man	#FF9F40	The Arsenal of Freedom
A/Parana/416111877/2025	Elegy	#B084F5	Q Who
A/Parana/416111880/2025	Field Trip	#FFD23F	Q Who
A/Parana/416111890/2025	The End	#C48A5A	Q Who
A/Parana/416111898/2025	Field Trip	#FFD23F	Q Who
A/Parana/416111930/2025	Hollywood A.D.	#6BA3E6	Q Who
A/Parana/416111943/2025	Hollywood A.D.	#6BA3E6	Up the Long Ladder
A/Parana/4797/2025	Jose Chung's From Outer Space	#3FD5D0	Journey's End
A/Parana/4992/2025	Clyde Bruckman's Final Repose	#9E9E9E	Unnatural Selection
A/Parana/4996/2025	The End	#C48A5A	The Price
A/Parana/4997/2025	The Walk	#4CCB7F	Journey's End
A/Parana/4998/2025	Elegy	#B084F5	Phantasms
A/Parana/4999/2025	The Walk	#4CCB7F	The Arsenal of Freedom
A/Parana/5002/2025	Ghouli	#FF6F69	Conundrum
A/Parana/5004/2025	Musings of a Cigarette Smoking Man	#FF9F40	Family
A/Parana/5005/2025	Field Trip	#FFD23F	Q Who
A/Parana/5007/2025	Clyde Bruckman's Final Repose	#9E9E9E	Phantasms
A/Parana/5008/2025	Field Trip	#FFD23F	The Price
A/Parana/5009/2025	The End	#C48A5A	Conundrum
A/Parana/5012/2025	Elegy	#B084F5	Phantasms
A/Parana/5013/2025	Ghouli	#FF6F69	The Price
A/Parana/5016/2025	Hollywood A.D.	#6BA3E6	Phantasms
A/Parana/5017/2025	Musings of a Cigarette Smoking Man	#FF9F40	Phantasms
A/Parana/5020/2025	Clyde Bruckman's Final Repose	#9E9E9E	The Arsenal of Freedom
A/Parana/5021/2025	The End	#C48A5A	The Arsenal of Freedom
A/Parana/5022/2025	Hollywood A.D.	#6BA3E6	Journey's End
A/Parana/5023/2025	Ghouli	#FF6F69	Up the Long Ladder
A/Parana/5024/2025	Hollywood A.D.	#6BA3E6	Journey's End
A/Parana/5353/2025	Musings of a Cigarette Smoking Man	#FF9F40	Unnatural Selection
A/Parana/5354/2025	The Walk	#4CCB7F	Phantasms
A/Parana/5355/2025	Clyde Bruckman's Final Repose	#9E9E9E	Family
A/Parana/5357/2025	The Walk	#4CCB7F	Phantasms
A/Parana/5358/2025	Clyde Bruckman's Final Repose	#9E9E9E	Up the Long Ladder
A/Parana/5359/2025	The Walk	#4CCB7F	The Arsenal of Freedom
A/Parana/5360/2025	Musings of a Cigarette Smoking Man	#FF9F40	11001001
A/Parana/5361/2025	Field Trip	#FFD23F	The Price
A/Parana/5362/2025	Jose Chung's From Outer Space	#3FD5D0	Conundrum
A/Parana/5363/2025	Anasazi	#F47CC3	Q Who
A/Parana/5364/2025	Hollywood A.D.	#6BA3E6	Conundrum
A/Parana/6249/2025	Field Trip	#FFD23F	Phantasms
A/Parana/6252/2025	The Walk	#4CCB7F	Q Who
A/Parana/6253/2025	Clyde Bruckman's Final Repose	#9E9E9E	The Price
A/Parana/6254/2025	Anasazi	#F47CC3	Up the Long Ladder
A/Parana/6255/2025	Elegy	#B084F5	11001001
A/Parana/6258/2025	Anasazi	#F47CC3	Unnatural Selection
A/Parana/6259/2025	Clyde Bruckman's Final Repose	#9E9E9E	The Arsenal of Freedom
A/Parana/6261/2025	Musings of a Cigarette Smoking Man	#FF9F40	The Price
A/Parana/6265/2025	Elegy	#B084F5	The Arsenal of Freedom
A/Parana/6676/2025	Ghouli	#FF6F69	Family
A/Pavlodar/3489/2025	Ghouli	#FF6F69	The Arsenal of Freedom
A/Penarth/5811/2025	The End	#C48A5A	Unnatural Selection
A/Pencoed/7250/2025	The Walk	#4CCB7F	Q Who
A/Pencoed/7745/2025	Musings of a Cigarette Smoking Man	#FF9F40	Family
A/Pennsylvania/234/2024_S1	The End	#C48A5A	Phantasms
A/Pennsylvania/248/2024	Jose Chung's From Outer Space	#3FD5D0	Unnatural Selection
A/Pennsylvania/47/2025	Clyde Bruckman's Final Repose	#9E9E9E	Unnatural Selection
A/Pennsylvania/498/2025	Hollywood A.D.	#6BA3E6	Phantasms
A/Pennsylvania/512/2025	The Walk	#4CCB7F	Q Who
A/Pennsylvania/513/2025	Musings of a Cigarette Smoking Man	#FF9F40	Unnatural Selection
A/Pennsylvania/514/2025	The End	#C48A5A	Up the Long Ladder
A/Pennsylvania/515/2025	Hollywood A.D.	#6BA3E6	Q Who
A/Pennsylvania/516/2025	Jose Chung's From Outer Space	#3FD5D0	Phantasms
A/Pennsylvania/517/2025	Elegy	#B084F5	The Price
A/Pennsylvania/518/2025	Musings of a Cigarette Smoking Man	#FF9F40	Unnatural Selection
A/Pennsylvania/519/2025	Field Trip	#FFD23F	Phantasms
A/Pennsylvania/520/2025	The Walk	#4CCB7F	The Arsenal of Freedom
A/Pennsylvania/522/2025	Hollywood A.D.	#6BA3E6	Up the Long Ladder
A/Pennsylvania/523/2025	The End	#C48A5A	Up the Long Ladder
A/Pennsylvania/524/2025	Jose Chung's From Outer Space	#3FD5D0	Phantasms
A/Pennsylvania/525/2025	Jose Chung's From Outer Space	#3FD5D0	Q Who
A/Pennsylvania/526/2025	Clyde Bruckman's Final Repose	#9E9E9E	Phantasms
A/Pennsylvania/528/2025	Ghouli	#FF6F69	Family
A/Pennsylvania/530/2025	Clyde Bruckman's Final Repose	#9E9E9E	Q Who
A/Pennsylvania/59/2022_QMC12023-01-19	Hollywood A.D.	#6BA3E6	Up the Long Ladder
A/Pennsylvania/98/2023_S22024-03-19	Field Trip	#FFD23F	The Price
A/Pennsylvania/B24-0009/2025	Anasazi	#F47CC3	The Price
A/PenrhynBay/9544/2025	Jose Chung's From Outer Space	#3FD5D0	Conundrum
A/Pernambuco/032664-IEC/2025	Ghouli	#FF6F69	11001001
A/Pernambuco/043458-IEC/2025	Field Trip	#FFD23F	Conundrum
A/Pernambuco/044021-IEC/2025	The End	#C48A5A	The Price
A/Pernambuco/044022-IEC/2025	Field Trip	#FFD23F	The Arsenal of Freedom
A/Perth/1157/2024	Musings of a Cigarette Smoking Man	#FF9F40	The Price
A/Perth/520/2025	The Walk	#4CCB7F	The Arsenal of Freedom
A/Perth/609/2025	Ghouli	#FF6F69	Family
A/Perth/615/2025	Elegy	#B084F5	11001001
A/Perth/626/2025	The End	#C48A5A	Up the Long Ladder
A/Perth/627/2025	Clyde Bruckman's Final Repose	#9E9E9E	Family
A/Perth/633/2025	Jose Chung's From Outer Space	#3FD5D0	Conundrum
A/Perth/637/2025	Elegy	#B084F5	Unnatural Selection
A/Perth/638/2025	Anasazi	#F47CC3	Journey's End
A/Perth/639/2025	Anasazi	#F47CC3	Q Who
A/Perth/643/2025	Musings of a Cigarette Smoking Man	#FF9F40	Phantasms
A/Perth/644/2025	Musings of a Cigarette Smoking Man	#FF9F40	Conundrum
A/Perth/645/2025	Field Trip	#FFD23F	Family
A/Perth/646/2025	Anasazi	#F47CC3	Conundrum
A/Perth/648/2025	Anasazi	#F47CC3	Q Who
A/Perth/649/2025	Elegy	#B084F5	Conundrum
A/Perth/650/2025	The End	#C48A5A	The Arsenal of Freedom
A/Perth/651/2025	Anasazi	#F47CC3	Phantasms
A/Perth/653/2025	Hollywood A.D.	#6BA3E6	11001001
A/Perth/655/2025	Clyde Bruckman's Final Repose	#9E9E9E	11001001
A/Perth/656/2025	Clyde Bruckman's Final Repose	#9E9E9E	The Arsenal of Freedom
A/Perth/657/2025	Clyde Bruckman's Final Repose	#9E9E9E	Q Who
A/Perth/659/2025	Jose Chung's From Outer Space	#3FD5D0	The Arsenal of Freedom
A/Perth/661/2025	The Walk	#4CCB7F	The Price
A/Perth/662/2025	Musings of a Cigarette Smoking Man	#FF9F40	Up the Long Ladder
A/Perth/664/2025	The Walk	#4CCB7F	Family
A/Perth/665/2025	Field Trip	#FFD23F	The Price
A/Perth/667/2025	Anasazi	#F47CC3	Phantasms
A/Perth/668/2025	Elegy	#B084F5	Unnatural Selection
A/Perth/670/2025	The Walk	#4CCB7F	Unnatural Selection
A/Perth/676/2025	Hollywood A.D.	#6BA3E6	Phantasms
A/Perth/815/2024_S2	Hollywood A.D.	#6BA3E6	Unnatural Selection
A/Perth/836/2024_SIAT1	Hollywood A.D.	#6BA3E6	Journey's End
A/Peru/APU-INS-005/2026	Anasazi	#F47CC3	11001001
A/Peru/CAJ-INS-007/2026	Elegy	#B084F5	The Arsenal of Freedom
A/Peru/CNR-HCL023026614401/2022	The Walk	#4CCB7F	The Arsenal of Freedom
A/Peru/HCV-INS-641/2025	Musings of a Cigarette Smoking Man	#FF9F40	11001001
A/Peru/HUA-INS-636/2025	Anasazi	#F47CC3	Conundrum
A/Peru/LAM-INS-517/2025	Ghouli	#FF6F69	Conundrum
A/Peru/LIM-INS-014/2026	Ghouli	#FF6F69	Up the Long Ladder
A/Peru/LIM-INS-015/2026	Hollywood A.D.	#6BA3E6	Q Who
A/Peru/LIM-INS-016/2026	Elegy	#B084F5	The Price
A/Peru/LIM-INS-020/2026	Field Trip	#FFD23F	11001001
A/Peru/LIM-INS-109/2024	Elegy	#B084F5	Unnatural Selection
A/Peru/LIM-INS-646/2025	The End	#C48A5A	Up the Long Ladder
A/Peru/LIM-INS-647/2025	Clyde Bruckman's Final Repose	#9E9E9E	Up the Long Ladder
A/Peru/LIM-INS-648/2025	Field Trip	#FFD23F	Up the Long Ladder
A/Peru/LIM-INS-649/2025	Field Trip	#FFD23F	Q Who
A/Peru/LIM-INS-650/2025	Anasazi	#F47CC3	Family
A/Peru/LIM-INS-651/2025	Ghouli	#FF6F69	Up the Long Ladder
A/Peru/LIM-INS-653/2025	Elegy	#B084F5	Up the Long Ladder
A/Peru/LIM-INS-654/2025	Ghouli	#FF6F69	The Arsenal of Freedom
A/Peru/LIM-INS-655/2025	The Walk	#4CCB7F	Journey's End
A/Peru/LIM-INS-657/2025	Ghouli	#FF6F69	11001001
A/Peru/LIM-INS-659/2025	The End	#C48A5A	Journey's End
A/Peru/LIM-INS-660/2025	The Walk	#4CCB7F	The Arsenal of Freedom
A/Peru/LIM-INS-662/2025	Field Trip	#FFD23F	11001001
A/Peru/LIM-INS-663/2025	Musings of a Cigarette Smoking Man	#FF9F40	The Price
A/Peru/LIM-INS-664/2025	Jose Chung's From Outer Space	#3FD5D0	Unnatural Selection
A/Peru/LIM-INS-665/2025	Musings of a Cigarette Smoking Man	#FF9F40	11001001
A/Peru/LIM-INS-666/2025	Anasazi	#F47CC3	Conundrum
A/Peru/LIM-UPCH-5024/2025	Jose Chung's From Outer Space	#3FD5D0	Unnatural Selection
A/Peru/LIM-UPCH-5025/2025	Anasazi	#F47CC3	Conundrum
A/Peru/LIM-UPCH-5026/2025	Musings of a Cigarette Smoking Man	#FF9F40	The Price
A/Peru/LIM-UPCH-5027/2025	Clyde Bruckman's Final Repose	#9E9E9E	Q Who
A/Peru/LIM-UPCH-5086/2025	Musings of a Cigarette Smoking Man	#FF9F40	Q Who
A/Peru/LIM-UPCH-5087/2025	Jose Chung's From Outer Space	#3FD5D0	The Arsenal of Freedom
A/Peru/LIM-UPCH-5089/2025	Clyde Bruckman's Final Repose	#9E9E9E	11001001
A/Peru/LIM-UPCH-5090/2025	Anasazi	#F47CC3	Journey's End
A/Peru/LIM-UPCH-5112/2025	Jose Chung's From Outer Space	#3FD5D0	Conundrum
A/Peru/LIM-UPCH-5116/2025	Ghouli	#FF6F69	Unnatural Selection
A/Peru/LIM-UPCH-5119/2025	Clyde Bruckman's Final Repose	#9E9E9E	Family
A/Peru/LIM-UPCH-5123/2025	The End	#C48A5A	Unnatural Selection
A/Peru/LIM-UPCH-5125/2025	The Walk	#4CCB7F	Phantasms
A/Peru/LIM-UPCH-5127/2025	The End	#C48A5A	11001001
A/Peru/LIM-UPCH-5205/2025	The Walk	#4CCB7F	The Price
A/Peru/LIM-UPCH-5225/2025	Clyde Bruckman's Final Repose	#9E9E9E	The Arsenal of Freedom
A/Peru/LIM-UPCH-5229/2025	Field Trip	#FFD23F	Journey's End
A/Peru/PIU-INS-513/2025	Clyde Bruckman's Final Repose	#9E9E9E	Up the Long Ladder
A/Peru/PIU-INS-638/2025	Ghouli	#FF6F69	Phantasms
A/Peru/PIU-INS-667/2025	Elegy	#B084F5	11001001
A/Peru/TAC-INS-640/2025	Elegy	#B084F5	The Arsenal of Freedom
A/Peru/TUM-INS-637/2025	Elegy	#B084F5	Q Who
A/Peru/TUM-INS-668/2025	The End	#C48A5A	Q Who
A/Peru/UPC-04-1089/2025	Elegy	#B084F5	Family
A/Peru/UPC-04-1116/2025	Clyde Bruckman's Final Repose	#9E9E9E	Family
A/Peru/UPC-04-1132/2025	Jose Chung's From Outer Space	#3FD5D0	Unnatural Selection
A/Peru/UPC-04-1150/2025	Anasazi	#F47CC3	The Arsenal of Freedom
A/Peru/UPC-04-1180/2025	Clyde Bruckman's Final Repose	#9E9E9E	Up the Long Ladder
A/Peru/UPC-04-1237/2025	Anasazi	#F47CC3	Q Who
A/Peru/UPCH_3787/2022	The Walk	#4CCB7F	Family
A/Philippines/ILI25-1341/2025	Hollywood A.D.	#6BA3E6	Q Who
A/Philippines/ILI25-1422/2025	Jose Chung's From Outer Space	#3FD5D0	Unnatural Selection
A/Philippines/ILI25-1579/2025	Anasazi	#F47CC3	Q Who
A/Philippines/ILI25-1668/2025	Jose Chung's From Outer Space	#3FD5D0	Family
A/Philippines/ILI25-1671/2025	Clyde Bruckman's Final Repose	#9E9E9E	Family
A/Philippines/ILI25-1781/2025	The End	#C48A5A	The Arsenal of Freedom
A/Philippines/ILI25-2125/2025	Elegy	#B084F5	Phantasms
A/Philippines/ILI25-2135/2025	Elegy	#B084F5	Journey's End
A/Philippines/ILI25-2140/2025	Hollywood A.D.	#6BA3E6	The Arsenal of Freedom
A/Philippines/ILI25-2144/2025	The End	#C48A5A	The Price
A/Philippines/ILI25-2148/2025	Musings of a Cigarette Smoking Man	#FF9F40	Family
A/Philippines/ILI25-2149/2025	Clyde Bruckman's Final Repose	#9E9E9E	Conundrum
A/Philippines/ILI25-2159/2025	Anasazi	#F47CC3	11001001
A/Philippines/ILI25-2161/2025	Ghouli	#FF6F69	11001001
A/Philippines/ILI25-2172/2025	Field Trip	#FFD23F	Up the Long Ladder
A/Philippines/ILI25-2189/2025	Elegy	#B084F5	Unnatural Selection
A/Philippines/ILI25-2192/2025	Hollywood A.D.	#6BA3E6	Q Who
A/Philippines/ILI25-2193/2025	Ghouli	#FF6F69	Up the Long Ladder
A/Philippines/ILI25-2194/2025	Elegy	#B084F5	The Price
A/Philippines/OBI25-0010/2025	The Walk	#4CCB7F	Up the Long Ladder
A/Philippines/SARI25-1311/2025	Jose Chung's From Outer Space	#3FD5D0	The Price
A/PhraNakhonSiAyutthaya/P2481/2025	Anasazi	#F47CC3	Phantasms
A/PhraNakhonSiAyutthaya/P3281/2025	Clyde Bruckman's Final Repose	#9E9E9E	Family
A/PhraNakhonSiAyutthaya/P3284/2025	Anasazi	#F47CC3	Conundrum
A/PhraNakhonSiAyutthaya/P3899/2025	Clyde Bruckman's Final Repose	#9E9E9E	Unnatural Selection
A/PhraNakhonSiAyutthaya/P4319/2025	The Walk	#4CCB7F	Conundrum
A/Phuket/P4701/2025	Elegy	#B084F5	Conundrum
A/Phuket/P4725/2025	Jose Chung's From Outer Space	#3FD5D0	Q Who
A/Phuket/P4759/2025	Elegy	#B084F5	Unnatural Selection
A/Phuket/P4773/2025	Ghouli	#FF6F69	The Arsenal of Freedom
A/Piracicaba/LEIAL6334/2025	Ghouli	#FF6F69	Unnatural Selection
A/Pirassununga/LEIAL6331/2025	Elegy	#B084F5	Journey's End
A/Pirenopolis/LEIAL6545/2025	Musings of a Cigarette Smoking Man	#FF9F40	Up the Long Ladder
A/Pontypool/0024/2025	The End	#C48A5A	11001001
A/Porthcawl/2518/2025	Elegy	#B084F5	Q Who
A/Porthcawl/4708/2025	Field Trip	#FFD23F	The Price
A/PortoVelho/LEIAL6510/2025	Elegy	#B084F5	Q Who
A/Pskov_Oblast/116-1V/2025	Field Trip	#FFD23F	Up the Long Ladder
A/PuertoMontt/73189/2025	Musings of a Cigarette Smoking Man	#FF9F40	Unnatural Selection
A/PuertoMontt/79791/2025	Field Trip	#FFD23F	Conundrum
A/PuertoMontt/80914/2025	Ghouli	#FF6F69	Conundrum
A/PuertoRico/USAFSAM-16643/2025	Clyde Bruckman's Final Repose	#9E9E9E	Up the Long Ladder
A/PuertoRico/USAFSAM-16644/2025	Clyde Bruckman's Final Repose	#9E9E9E	11001001
A/PuertoRico/USAFSAM-16664/2025	Field Trip	#FFD23F	The Price
A/PuntaArenas/63818/2025	Field Trip	#FFD23F	Q Who
A/PuntaArenas/65924/2025	Musings of a Cigarette Smoking Man	#FF9F40	The Arsenal of Freedom
A/PuntaArenas/65927/2025	Elegy	#B084F5	The Price
A/PuntaArenas/65928/2025	Jose Chung's From Outer Space	#3FD5D0	11001001
A/PuntaArenas/72225/2025	Clyde Bruckman's Final Repose	#9E9E9E	The Price
A/PuntaArenas/72226/2025	The Walk	#4CCB7F	The Price
A/PuntaArenas/74475/2025	Musings of a Cigarette Smoking Man	#FF9F40	Unnatural Selection
A/PuntaArenas/74476/2025	Jose Chung's From Outer Space	#3FD5D0	Q Who
A/PuntaArenas/74498/2025	Jose Chung's From Outer Space	#3FD5D0	11001001
A/PuntaArenas/74500/2025	Elegy	#B084F5	11001001
A/PuntaArenas/74502/2025	Hollywood A.D.	#6BA3E6	Family
A/PuntaArenas/74504/2025	The End	#C48A5A	The Price
A/PuntaArenas/76956/2025	Elegy	#B084F5	Q Who
A/PuntaArenas/76957/2025	Clyde Bruckman's Final Repose	#9E9E9E	11001001
A/PuntaArenas/76962/2025	Musings of a Cigarette Smoking Man	#FF9F40	Family
A/PuntaArenas/76963/2025	Field Trip	#FFD23F	Unnatural Selection
A/PuntaArenas/78113/2025	The Walk	#4CCB7F	Journey's End
A/PuntaArenas/78114/2025	Anasazi	#F47CC3	Family
A/PuntaArenas/78115/2025	Field Trip	#FFD23F	Journey's End
A/PuntaArenas/78116/2025	The Walk	#4CCB7F	Family
A/PuntaArenas/78117/2025	Jose Chung's From Outer Space	#3FD5D0	Up the Long Ladder
A/PuntaArenas/80390/2025	Clyde Bruckman's Final Repose	#9E9E9E	Q Who
A/PuntaArenas/82328/2025	Jose Chung's From Outer Space	#3FD5D0	Journey's End
A/PuntaArenas/84521/2025	Musings of a Cigarette Smoking Man	#FF9F40	Family
A/PuntaArenas/86910/2025	Jose Chung's From Outer Space	#3FD5D0	Unnatural Selection
A/PuntaArenas/89343/2025	Jose Chung's From Outer Space	#3FD5D0	The Arsenal of Freedom
A/PuntaArenas/91208/2025	Jose Chung's From Outer Space	#3FD5D0	Family
A/PuntaArenas/91210/2025	Hollywood A.D.	#6BA3E6	Unnatural Selection
A/Qatar/10-VI-23-0095639/2023	Hollywood A.D.	#6BA3E6	Unnatural Selection
A/Qatar/16-VI-21-3950368/2021	Jose Chung's From Outer Space	#3FD5D0	The Arsenal of Freedom
A/Qatar/23-VI-23-0106322/2023_SIAT1	Anasazi	#F47CC3	The Arsenal of Freedom
A/Qatar/32-VI-25-0078018/2025	Anasazi	#F47CC3	Q Who
A/Qatar/32-VI-250075518/2025	Hollywood A.D.	#6BA3E6	Conundrum
A/Qatar/32-VI-250076061/2025	Field Trip	#FFD23F	Up the Long Ladder
A/Qatar/32-VI-250078018/2025	The End	#C48A5A	The Arsenal of Freedom
A/Qatar/32-VI-250080914/2025	Elegy	#B084F5	Conundrum
A/Qatar/34-VI-250077684/2025	Anasazi	#F47CC3	The Price
A/Qatar/39-VI-250084009/2025	The End	#C48A5A	11001001
A/Qatar/47-VI-250076325/2025	Jose Chung's From Outer Space	#3FD5D0	Journey's End
A/Qatar/47-VI-250079845/2025	Hollywood A.D.	#6BA3E6	Phantasms
A/Qatar/68-VI-250083262/2025	Elegy	#B084F5	Family
A/Qinghai-Chengxi/1556/2025	Elegy	#B084F5	The Arsenal of Freedom
A/Qinghai-Chengzhong/11626/2025	Elegy	#B084F5	Journey's End
A/Qinghai-Datonghuizutuzuzizhi/1477/2025	Musings of a Cigarette Smoking Man	#FF9F40	Unnatural Selection
A/Qinghai-Delingha/1507/2025	The Walk	#4CCB7F	Family
A/Quebec/178/2025	Clyde Bruckman's Final Repose	#9E9E9E	Unnatural Selection
A/Quebec/LSPQ/181/2025	Anasazi	#F47CC3	The Price
A/Quebec/LSPQ/184/2025	Field Trip	#FFD23F	Family
A/Quebec/LSPQ/197/2025	Anasazi	#F47CC3	The Arsenal of Freedom
A/Quebec/LSPQ/198/2025	Ghouli	#FF6F69	Conundrum
A/Quebec/LSPQ/217/2025	Hollywood A.D.	#6BA3E6	Up the Long Ladder
A/Quebec/LSPQ/228/2025	Clyde Bruckman's Final Repose	#9E9E9E	The Price
A/Quebec/LSPQ/242/2025	Anasazi	#F47CC3	Up the Long Ladder
A/Quebec/LSPQ/259/2025	The Walk	#4CCB7F	The Price
A/Quebec/LSPQ/268/2025	Field Trip	#FFD23F	Phantasms
A/Queensland/172/2025	Anasazi	#F47CC3	The Arsenal of Freedom
A/Queensland/188/2025	Clyde Bruckman's Final Repose	#9E9E9E	Family
A/Queensland/2524515916/2025	Anasazi	#F47CC3	Journey's End
A/Queensland/2526516675/2025	Elegy	#B084F5	Conundrum
A/Queensland/2529515666/2025	Clyde Bruckman's Final Repose	#9E9E9E	Up the Long Ladder
A/Queensland/298/2025	Anasazi	#F47CC3	Conundrum
A/Queensland/302/2025	Field Trip	#FFD23F	Journey's End
A/Queensland/308/2025	Ghouli	#FF6F69	Family
A/Queensland/310/2025	Ghouli	#FF6F69	Conundrum
A/Queensland/312/2025	The End	#C48A5A	Q Who
A/Queensland/315/2025	The End	#C48A5A	Phantasms
A/Queensland/320/2025	Field Trip	#FFD23F	The Price
A/Queensland/324/2025	Jose Chung's From Outer Space	#3FD5D0	The Arsenal of Freedom
A/Queensland/325/2025	The Walk	#4CCB7F	Up the Long Ladder
A/Queensland/326/2025	Ghouli	#FF6F69	Q Who
A/Queensland/331/2025	The Walk	#4CCB7F	Unnatural Selection
A/Queensland/333/2025	The Walk	#4CCB7F	Up the Long Ladder
A/Queensland/337/2025	The End	#C48A5A	11001001
A/Queensland/339/2025	Anasazi	#F47CC3	The Price
A/Queensland/340/2025	Clyde Bruckman's Final Repose	#9E9E9E	Unnatural Selection
A/Queensland/341/2025	Field Trip	#FFD23F	Journey's End
A/Queensland/344/2025	Ghouli	#FF6F69	Up the Long Ladder
A/Queensland/347/2025	Musings of a Cigarette Smoking Man	#FF9F40	Up the Long Ladder
A/Queensland/349/2025	Jose Chung's From Outer Space	#3FD5D0	Unnatural Selection
A/Queensland/350/2025	Hollywood A.D.	#6BA3E6	Q Who
A/Queensland/353/2025	The End	#C48A5A	Family
A/Queensland/355/2025	Clyde Bruckman's Final Repose	#9E9E9E	11001001
A/Queensland/358/2025	The Walk	#4CCB7F	Q Who
A/Queensland/359/2025	Elegy	#B084F5	Unnatural Selection
A/Queensland/360/2025	The End	#C48A5A	Q Who
A/Queensland/361/2025	Anasazi	#F47CC3	Conundrum
A/Queensland/364/2025	Anasazi	#F47CC3	Q Who
A/Queensland/368/2025	The End	#C48A5A	Journey's End
A/Queensland/369/2025	Field Trip	#FFD23F	The Arsenal of Freedom
A/Queensland/372/2025	Musings of a Cigarette Smoking Man	#FF9F40	Conundrum
A/Queensland/377/2025	Jose Chung's From Outer Space	#3FD5D0	The Price
A/Queensland/86/2025	Anasazi	#F47CC3	Up the Long Ladder
A/Queensland/IN000154/2024	Hollywood A.D.	#6BA3E6	Journey's End
A/Queensland/IN000225/2024	Field Trip	#FFD23F	Q Who
A/Queensland/IN001272/2025	Jose Chung's From Outer Space	#3FD5D0	Unnatural Selection
A/Queensland/IN001832/2025	Jose Chung's From Outer Space	#3FD5D0	Up the Long Ladder
A/Queensland/IN001911/2025	The End	#C48A5A	Conundrum
A/Queensland/IN001981/2025	Musings of a Cigarette Smoking Man	#FF9F40	Unnatural Selection
A/Queensland/IN002168/2025	Ghouli	#FF6F69	Family
A/Queensland/IN002189/2025	Clyde Bruckman's Final Repose	#9E9E9E	Q Who
A/Queensland/IN002192/2025	Clyde Bruckman's Final Repose	#9E9E9E	11001001
A/Queensland/IN002195/2025	The End	#C48A5A	Unnatural Selection
A/Queensland/IN002223/2025	Anasazi	#F47CC3	Unnatural Selection
A/Queensland/IN002228/2025	Musings of a Cigarette Smoking Man	#FF9F40	Unnatural Selection
A/Queensland/IN002248/2025	Jose Chung's From Outer Space	#3FD5D0	The Price
A/Queensland/IN002407/2025	Elegy	#B084F5	The Price
A/Queensland/IN002408/2025	Elegy	#B084F5	The Price
A/Queensland/IN002413/2025	The End	#C48A5A	Family
A/Queensland/IN002415/2025	Elegy	#B084F5	Family
A/Queensland/IN002417/2025	Jose Chung's From Outer Space	#3FD5D0	Up the Long Ladder
A/Queensland/IN002418/2025	Hollywood A.D.	#6BA3E6	Journey's End
A/Queensland/IN002422/2025	Elegy	#B084F5	Phantasms
A/Queensland/IN002425/2025	The End	#C48A5A	Phantasms
A/Queensland/IN002426/2025	Hollywood A.D.	#6BA3E6	Phantasms
A/Queensland/IN002427/2025	Anasazi	#F47CC3	11001001
A/Queensland/IN002429/2025	Elegy	#B084F5	Q Who
A/Queensland/IN002433/2025	Musings of a Cigarette Smoking Man	#FF9F40	Conundrum
A/Queensland/IN002439/2025	Hollywood A.D.	#6BA3E6	The Arsenal of Freedom
A/Queensland/IN002440/2025	Jose Chung's From Outer Space	#3FD5D0	Q Who
A/Queensland/IN002445/2025	Anasazi	#F47CC3	11001001
A/Queensland/IN002448/2025	Musings of a Cigarette Smoking Man	#FF9F40	11001001
A/Queensland/IN002449/2025	Field Trip	#FFD23F	Conundrum
A/Queensland/IN002452/2025	The Walk	#4CCB7F	11001001
A/Queensland/IN002454/2025	Clyde Bruckman's Final Repose	#9E9E9E	Family
A/Queensland/IN002455/2025	Clyde Bruckman's Final Repose	#9E9E9E	Phantasms
A/Queensland/IN002457/2025	The End	#C48A5A	Conundrum
A/Queensland/IN002458/2025	Hollywood A.D.	#6BA3E6	Journey's End
A/Queensland/IN002460/2025	Elegy	#B084F5	The Price
A/Queensland/IN002576/2025	Field Trip	#FFD23F	Q Who
A/Queensland/IN002577/2025	Jose Chung's From Outer Space	#3FD5D0	Unnatural Selection
A/Queensland/IN002578/2025	Hollywood A.D.	#6BA3E6	Q Who
A/Queensland/IN002579/2025	The Walk	#4CCB7F	The Arsenal of Freedom
A/Queensland/IN002581/2025	Field Trip	#FFD23F	Up the Long Ladder
A/Queensland/IN002582/2025	The End	#C48A5A	Unnatural Selection
A/Queensland/IN002584/2025	Field Trip	#FFD23F	11001001
A/Queensland/IN002585/2025	Jose Chung's From Outer Space	#3FD5D0	The Arsenal of Freedom
A/Queensland/IN002587/2025	Jose Chung's From Outer Space	#3FD5D0	Q Who
A/Queensland/IN002588/2025	Ghouli	#FF6F69	Q Who
A/Queensland/IN002593/2025	Hollywood A.D.	#6BA3E6	Phantasms
A/Queensland/IN002594/2025	Musings of a Cigarette Smoking Man	#FF9F40	Journey's End
A/Raglan/0062/2025	Elegy	#B084F5	Family
A/Rancagua/60300/2025	Musings of a Cigarette Smoking Man	#FF9F40	Family
A/Rancagua/81011/2025	Ghouli	#FF6F69	Q Who
A/Rancagua/83376/2025	Field Trip	#FFD23F	11001001
A/Rancagua/87785/2025	Clyde Bruckman's Final Repose	#9E9E9E	Phantasms
A/Rancagua/90165/2025	The End	#C48A5A	11001001
A/Ranong/P2149/2025	Hollywood A.D.	#6BA3E6	Family
A/Ranong/P2824/2025	The Walk	#4CCB7F	The Price
A/Ranong/P3764/2025	Field Trip	#FFD23F	Journey's End
A/Ranong/P3858/2025	The Walk	#4CCB7F	Unnatural Selection
A/Ranong/P3860/2025	Jose Chung's From Outer Space	#3FD5D0	Conundrum
A/Ranong/P3863/2025	The Walk	#4CCB7F	Q Who
A/Ranong/P3865/2025	The End	#C48A5A	Q Who
A/Ranong/P3866/2025	The End	#C48A5A	Up the Long Ladder
A/Ranong/P3867/2025	Jose Chung's From Outer Space	#3FD5D0	The Price
A/Ranong/P4112/2025	Anasazi	#F47CC3	The Arsenal of Freedom
A/Ranong/P4471/2025	Elegy	#B084F5	The Price
A/Rheinland-Pfalz/40/2025	The End	#C48A5A	Family
A/RhodeIsland/80/2025	Jose Chung's From Outer Space	#3FD5D0	Family
A/RhodeIsland/RISHL25FLU272/2025	Elegy	#B084F5	11001001
A/Rhosllanerchrugog/0497/2025	Hollywood A.D.	#6BA3E6	Phantasms
A/Rhyl/2542/2025	The End	#C48A5A	The Price
A/RibeiraoPreto/LEIAL6907/2025	The End	#C48A5A	11001001
A/RioGrandedoNorte/033366-IEC/2025	Hollywood A.D.	#6BA3E6	Q Who
A/RioGrandedoSul/3249/2025	Elegy	#B084F5	Q Who
A/RioHondo/FLU-274/2025	The Walk	#4CCB7F	The Arsenal of Freedom
A/RiodeJaneiro/1953/2025	Anasazi	#F47CC3	Up the Long Ladder
A/RiodeJaneiro/3057/2025	The End	#C48A5A	11001001
A/RiodeJaneiro/3724/2025	Jose Chung's From Outer Space	#3FD5D0	Phantasms
A/RiodeJaneiro/4114/2025	Elegy	#B084F5	Up the Long Ladder
A/RiodeJaneiro/4116/2025	Elegy	#B084F5	Up the Long Ladder
A/RiodeJaneiro/4119/2025	Musings of a Cigarette Smoking Man	#FF9F40	Up the Long Ladder
A/RiodeJaneiro/4122/2025	The Walk	#4CCB7F	Q Who
A/RiodeJaneiro/4124/2025	Musings of a Cigarette Smoking Man	#FF9F40	Q Who
A/RiodeJaneiro/4125/2025	Elegy	#B084F5	11001001
A/RiodeJaneiro/4127/2025	Anasazi	#F47CC3	The Price
A/RiodeJaneiro/4159/2025	Musings of a Cigarette Smoking Man	#FF9F40	Phantasms
A/RiodeJaneiro/4168/2025	The Walk	#4CCB7F	Family
A/RiodeJaneiro/4169/2025	Elegy	#B084F5	Conundrum
A/RiodeJaneiro/4170/2025	Elegy	#B084F5	Q Who
A/RiodeJaneiro/4171/2025	Field Trip	#FFD23F	Up the Long Ladder
A/RiodeJaneiro/4172/2025	Ghouli	#FF6F69	Unnatural Selection
A/RiodeJaneiro/4173/2025	Field Trip	#FFD23F	Q Who
A/RiodeJaneiro/4536/2025	The End	#C48A5A	Phantasms
A/RiodeJaneiro/4906/2025	Musings of a Cigarette Smoking Man	#FF9F40	Phantasms
A/RiodeJaneiro/5174/2025	Field Trip	#FFD23F	Up the Long Ladder
A/RiodeJaneiro/5175/2025	Clyde Bruckman's Final Repose	#9E9E9E	Up the Long Ladder
A/RiodeJaneiro/5176/2025	Clyde Bruckman's Final Repose	#9E9E9E	The Arsenal of Freedom
A/RiodeJaneiro/5177/2025	Elegy	#B084F5	Conundrum
A/RiodeJaneiro/5178/2025	Elegy	#B084F5	11001001
A/RiodeJaneiro/5179/2025	Hollywood A.D.	#6BA3E6	Up the Long Ladder
A/RiodeJaneiro/5180/2025	Jose Chung's From Outer Space	#3FD5D0	11001001
A/RiodeJaneiro/5181/2025	Field Trip	#FFD23F	The Arsenal of Freedom
A/RiodeJaneiro/5182/2025	Field Trip	#FFD23F	Unnatural Selection
A/RiodeJaneiro/5183/2025	Clyde Bruckman's Final Repose	#9E9E9E	11001001
A/RiodeJaneiro/5184/2025	Field Trip	#FFD23F	Q Who
A/RiodeJaneiro/5185/2025	The Walk	#4CCB7F	Conundrum
A/RiodeJaneiro/5186/2025	Clyde Bruckman's Final Repose	#9E9E9E	The Arsenal of Freedom
A/RiodeJaneiro/5187/2025	Clyde Bruckman's Final Repose	#9E9E9E	Journey's End
A/RiodeJaneiro/5188/2025	Field Trip	#FFD23F	Q Who
A/RiodeJaneiro/5189/2025	Elegy	#B084F5	Phantasms
A/RiodeJaneiro/5190/2025	The Walk	#4CCB7F	Phantasms
A/RiodeJaneiro/5202/2025	Jose Chung's From Outer Space	#3FD5D0	Family
A/RiodeJaneiro/5211/2025	The Walk	#4CCB7F	Q Who
A/RiodeJaneiro/5212/2025	Ghouli	#FF6F69	Unnatural Selection
A/RiodeJaneiro/5213/2025	Anasazi	#F47CC3	The Price
A/RiodeJaneiro/5214/2025	The Walk	#4CCB7F	Up the Long Ladder
A/RiodeJaneiro/5215/2025	The End	#C48A5A	11001001
A/RiodeJaneiro/5216/2025	Clyde Bruckman's Final Repose	#9E9E9E	Journey's End
A/RiodeJaneiro/5217/2025	Anasazi	#F47CC3	Conundrum
A/RiodeJaneiro/5218/2025	Field Trip	#FFD23F	Unnatural Selection
A/RiodeJaneiro/5219/2025	Ghouli	#FF6F69	Conundrum
A/RiodeJaneiro/5220/2025	Field Trip	#FFD23F	Conundrum
A/RiodeJaneiro/5221/2025	Clyde Bruckman's Final Repose	#9E9E9E	Q Who
A/RiodeJaneiro/5222/2025	The End	#C48A5A	Journey's End
A/RiodeJaneiro/5223/2025	Anasazi	#F47CC3	Conundrum
A/RiodeJaneiro/5224/2025	Jose Chung's From Outer Space	#3FD5D0	Up the Long Ladder
A/RiodeJaneiro/5228/2025	Elegy	#B084F5	Phantasms
A/RiodeJaneiro/5269/2025	Anasazi	#F47CC3	Journey's End
A/RiodeJaneiro/5270/2025	Hollywood A.D.	#6BA3E6	Phantasms
A/RiodeJaneiro/5271/2025	Clyde Bruckman's Final Repose	#9E9E9E	Up the Long Ladder
A/RiodeJaneiro/5304/2025	Musings of a Cigarette Smoking Man	#FF9F40	Conundrum
A/RiodeJaneiro/5308/2025	Anasazi	#F47CC3	Family
A/RiodeJaneiro/532/2025	The End	#C48A5A	Phantasms
A/RiodeJaneiro/5602/2025	The End	#C48A5A	Conundrum
A/RiodeJaneiro/5767/2025	The Walk	#4CCB7F	Up the Long Ladder
A/RiodeJaneiro/6340/2025	The Walk	#4CCB7F	Unnatural Selection
A/RiodeJaneiro/6341/2025	Anasazi	#F47CC3	Up the Long Ladder
A/RiodeJaneiro/6342/2025	Elegy	#B084F5	Unnatural Selection
A/RiodeJaneiro/6343/2025	Jose Chung's From Outer Space	#3FD5D0	Phantasms
A/RiodeJaneiro/6344/2025	Field Trip	#FFD23F	Journey's End
A/RiodeJaneiro/6346/2025	Ghouli	#FF6F69	The Arsenal of Freedom
A/RiodeJaneiro/6347/2025	Elegy	#B084F5	The Arsenal of Freedom
A/RiodeJaneiro/6348/2025	The Walk	#4CCB7F	The Price
A/RiodeJaneiro/6349/2025	Elegy	#B084F5	The Price
A/RiodeJaneiro/6350/2025	Musings of a Cigarette Smoking Man	#FF9F40	Journey's End
A/Riyadh/292/2025	The End	#C48A5A	Q Who
A/Romania/1973/2025	Ghouli	#FF6F69	Q Who
A/Romania/1974/2025	Elegy	#B084F5	Conundrum
A/Romania/2012/2025	The Walk	#4CCB7F	Unnatural Selection
A/Romania/2118/2025	Anasazi	#F47CC3	Unnatural Selection
A/Romania/3420/2023	Anasazi	#F47CC3	Journey's End
A/Romania_BB/599589/2025	Field Trip	#FFD23F	Unnatural Selection
A/Romania_BB/601654/2025	Ghouli	#FF6F69	Family
A/Ruabon/8064/2025	The End	#C48A5A	Unnatural Selection
A/Ruthin/2889/2025	Field Trip	#FFD23F	11001001
A/SALAMANCA/299/2025	Hollywood A.D.	#6BA3E6	Unnatural Selection
A/SALAMANCA/302/2025	Field Trip	#FFD23F	The Arsenal of Freedom
A/SAOPAULO/59646/2022	The End	#C48A5A	Unnatural Selection
A/SAOPAULO/CEVI_2501259/2025	Clyde Bruckman's Final Repose	#9E9E9E	Unnatural Selection
A/SAOPAULO/CEVI_2501260/2025	Musings of a Cigarette Smoking Man	#FF9F40	Phantasms
A/SAOPAULO/CEVI_2501261/2025	Ghouli	#FF6F69	Phantasms
A/SAOPAULO/CEVI_2501262/2025	Jose Chung's From Outer Space	#3FD5D0	Unnatural Selection
A/SAOPAULO/CEVI_2501264/2025	The End	#C48A5A	Up the Long Ladder
A/SAOPAULO/CEVI_2501266/2025	Elegy	#B084F5	Journey's End
A/SAOPAULO/CEVI_2501267/2025	Musings of a Cigarette Smoking Man	#FF9F40	11001001
A/SAOPAULO/CEVI_2501268/2025	The End	#C48A5A	Up the Long Ladder
A/SAOPAULO/CEVI_2501269/2025	Musings of a Cigarette Smoking Man	#FF9F40	Up the Long Ladder
A/SAOPAULO/CEVI_2501270/2025	Jose Chung's From Outer Space	#3FD5D0	The Price
A/SAPPORO/11/2025	Clyde Bruckman's Final Repose	#9E9E9E	The Arsenal of Freedom
A/SAPPORO/12/2025	Jose Chung's From Outer Space	#3FD5D0	Up the Long Ladder
A/SAPPORO/13/2025	Elegy	#B084F5	Unnatural Selection
A/SAPPORO/15/2025	The End	#C48A5A	Unnatural Selection
A/SAPPORO/16/2025	Musings of a Cigarette Smoking Man	#FF9F40	11001001
A/SAPPORO/18/2025	Musings of a Cigarette Smoking Man	#FF9F40	Q Who
A/SENDAI/10/2025	The Walk	#4CCB7F	11001001
A/SENDAI/12/2025	The End	#C48A5A	Family
A/SHIGA/13/2025	The End	#C48A5A	Unnatural Selection
A/SHIGA/22/2025	The End	#C48A5A	The Price
A/SHIMANE/62/2025	Hollywood A.D.	#6BA3E6	Conundrum
A/SHIMANE/64/2025	The Walk	#4CCB7F	11001001
A/SORIA/278/2025	Ghouli	#FF6F69	11001001
A/SORIA/298/2025	Clyde Bruckman's Final Repose	#9E9E9E	Family
A/SWITZERLAND/UN-SNRCI-HUG-47088280/2025	Hollywood A.D.	#6BA3E6	Conundrum
A/Saint-Peterburg/RII-330/2025	Musings of a Cigarette Smoking Man	#FF9F40	Unnatural Selection
A/Saint-Peterburg/RII-331/2025	Hollywood A.D.	#6BA3E6	11001001
A/Saint-Peterburg/RII-335/2025	Field Trip	#FFD23F	The Price
A/Saint-Petersburg/RII-25-0394S/2025	The End	#C48A5A	Q Who
A/Saint-Petersburg/RII-3634S/2022	Musings of a Cigarette Smoking Man	#FF9F40	Journey's End
A/Saint-Petersburg/RII-MH253420S/2025	Musings of a Cigarette Smoking Man	#FF9F40	Q Who
A/Saint-Petersburg/RII-MH258966S/2025	Field Trip	#FFD23F	11001001
A/Saint-Petersburg/RII-MH260527S/2025	Field Trip	#FFD23F	Journey's End
A/Saint-Petersburg/RII-MH261203S/2025	Musings of a Cigarette Smoking Man	#FF9F40	Conundrum
A/Saint-Petersburg/RII-MH268183S/2025	Hollywood A.D.	#6BA3E6	Unnatural Selection
A/Samambaia/LEIAL6980/2025	Jose Chung's From Outer Space	#3FD5D0	Q Who
A/Samoa/34/2024_SIAT2	The Walk	#4CCB7F	The Price
A/SanAntonio/89095/2025	Field Trip	#FFD23F	Unnatural Selection
A/SanAntonio/91094/2025	Elegy	#B084F5	The Arsenal of Freedom
A/SanFelipe/92634/2025	Musings of a Cigarette Smoking Man	#FF9F40	The Arsenal of Freedom
A/SanJuanSacatepequez/FLU-323/2025	Musings of a Cigarette Smoking Man	#FF9F40	Journey's End
A/SanMarcos/FLU-290/2025	The End	#C48A5A	Conundrum
A/SanMarcos/FLU-305/2025	The End	#C48A5A	Conundrum
A/SanMarcos/FLU-374/2025	The Walk	#4CCB7F	The Price
A/SanMarcos/FLU-375/2025	Clyde Bruckman's Final Repose	#9E9E9E	Family
A/SanMarcos/FLU-377/2025	Field Trip	#FFD23F	Unnatural Selection
A/SanPedroAyampuc/FLU-235/2025	Field Trip	#FFD23F	Family
A/SanPedroSacatepequez/FLU-316/2025	Anasazi	#F47CC3	Conundrum
A/SanPedroSacatepequez/FLU-353/2025	The Walk	#4CCB7F	Phantasms
A/SantaBarbaraDOeste/LEIAL6892/2025	Musings of a Cigarette Smoking Man	#FF9F40	Phantasms
A/SantaCatarina/21659/2022	Anasazi	#F47CC3	Up the Long Ladder
A/SantaCatarina/3431/2025	Jose Chung's From Outer Space	#3FD5D0	Conundrum
A/SantaCatarina/3447/2025	Hollywood A.D.	#6BA3E6	11001001
A/SantaCatarina/4267/2025	Ghouli	#FF6F69	Q Who
A/SantaCatarina/4268/2025	Jose Chung's From Outer Space	#3FD5D0	Journey's End
A/SantaCatarina/4275/2025	Clyde Bruckman's Final Repose	#9E9E9E	Family
A/SantaCatarina/4284/2025	Clyde Bruckman's Final Repose	#9E9E9E	11001001
A/SantaCatarina/4286/2025	Clyde Bruckman's Final Repose	#9E9E9E	Conundrum
A/SantaCatarina/4941/2025	Clyde Bruckman's Final Repose	#9E9E9E	Journey's End
A/SantaCatarina/4944/2025	Clyde Bruckman's Final Repose	#9E9E9E	Journey's End
A/SantaCatarina/4948/2025	Musings of a Cigarette Smoking Man	#FF9F40	Q Who
A/SantaCatarina/4949/2025	Field Trip	#FFD23F	Journey's End
A/SantaCatarina/4959/2025	Ghouli	#FF6F69	Phantasms
A/SantaCatarina/4961/2025	Anasazi	#F47CC3	Conundrum
A/SantaCatarina/4962/2025	Clyde Bruckman's Final Repose	#9E9E9E	Journey's End
A/SantaCatarina/4964/2025	Anasazi	#F47CC3	Unnatural Selection
A/SantaCatarina/4967/2025	Musings of a Cigarette Smoking Man	#FF9F40	11001001
A/SantaCatarina/5464/2025	Elegy	#B084F5	Q Who
A/SantaCatarina/5467/2025	Field Trip	#FFD23F	Conundrum
A/SantaCatarina/5468/2025	Ghouli	#FF6F69	Phantasms
A/SantaCatarina/5470/2025	Ghouli	#FF6F69	Conundrum
A/SantaCatarina/5471/2025	Anasazi	#F47CC3	Journey's End
A/SantaCatarina/5472/2025	Ghouli	#FF6F69	The Arsenal of Freedom
A/SantaCatarina/5474/2025	Elegy	#B084F5	Journey's End
A/SantaCatarina/5475/2025	The Walk	#4CCB7F	Q Who
A/SantaCatarina/6086/2025	Ghouli	#FF6F69	Q Who
A/SantaCatarina/6088/2025	Ghouli	#FF6F69	Journey's End
A/SantaCatarina/6089/2025	Musings of a Cigarette Smoking Man	#FF9F40	Family
A/SantaCatarina/6090/2025	Ghouli	#FF6F69	Phantasms
A/SantaCatarina/6091/2025	Ghouli	#FF6F69	Journey's End
A/SantaCatarina/6092/2025	Jose Chung's From Outer Space	#3FD5D0	The Price
A/SantaCatarina/6093/2025	Clyde Bruckman's Final Repose	#9E9E9E	Up the Long Ladder
A/Santiago/40356/2024	Clyde Bruckman's Final Repose	#9E9E9E	Conundrum
A/Santiago/59622/2025	Clyde Bruckman's Final Repose	#9E9E9E	Up the Long Ladder
A/Santiago/62097/2025	Field Trip	#FFD23F	Conundrum
A/Santiago/69044/2025	Jose Chung's From Outer Space	#3FD5D0	Q Who
A/Santiago/71816/2025	Ghouli	#FF6F69	11001001
A/Santiago/72273/2025	Musings of a Cigarette Smoking Man	#FF9F40	Up the Long Ladder
A/Santiago/74265/2025	The End	#C48A5A	Phantasms
A/Santiago/74286/2025	Jose Chung's From Outer Space	#3FD5D0	Conundrum
A/Santiago/75189/2025	Jose Chung's From Outer Space	#3FD5D0	Journey's End
A/Santiago/75251/2025	Elegy	#B084F5	Up the Long Ladder
A/Santiago/75918/2025	The End	#C48A5A	Up the Long Ladder
A/Santiago/76730/2025	Hollywood A.D.	#6BA3E6	Journey's End
A/Santiago/76785/2025	Jose Chung's From Outer Space	#3FD5D0	Phantasms
A/Santiago/76796/2025	Ghouli	#FF6F69	Up the Long Ladder
A/Santiago/76985/2025	Musings of a Cigarette Smoking Man	#FF9F40	Journey's End
A/Santiago/77683/2025	Field Trip	#FFD23F	The Arsenal of Freedom
A/Santiago/77686/2025	Anasazi	#F47CC3	Family
A/Santiago/78828/2025	Elegy	#B084F5	Phantasms
A/Santiago/79477/2025	Clyde Bruckman's Final Repose	#9E9E9E	11001001
A/Santiago/79898/2025	Ghouli	#FF6F69	Journey's End
A/Santiago/80102/2025	Ghouli	#FF6F69	11001001
A/Santiago/80340/2025	Ghouli	#FF6F69	The Price
A/Santiago/81841/2025	Elegy	#B084F5	Phantasms
A/Santiago/81955/2025	Anasazi	#F47CC3	Q Who
A/Santiago/82001/2025	Clyde Bruckman's Final Repose	#9E9E9E	Unnatural Selection
A/Santiago/82014/2025	Anasazi	#F47CC3	Conundrum
A/Santiago/83696/2025	Hollywood A.D.	#6BA3E6	The Price
A/Santiago/84061/2025	Musings of a Cigarette Smoking Man	#FF9F40	The Price
A/Santiago/84300/2025	Clyde Bruckman's Final Repose	#9E9E9E	Family
A/Santiago/85055/2025	Musings of a Cigarette Smoking Man	#FF9F40	Phantasms
A/Santiago/85494/2025	Ghouli	#FF6F69	Up the Long Ladder
A/Santiago/85496/2025	Ghouli	#FF6F69	The Price
A/Santiago/85497/2025	Musings of a Cigarette Smoking Man	#FF9F40	11001001
A/Santiago/85498/2025	Elegy	#B084F5	Up the Long Ladder
A/Santiago/86482/2025	Hollywood A.D.	#6BA3E6	The Arsenal of Freedom
A/Santiago/86483/2025	Ghouli	#FF6F69	Family
A/Santiago/86488/2025	Hollywood A.D.	#6BA3E6	Conundrum
A/Santiago/86671/2025	Musings of a Cigarette Smoking Man	#FF9F40	Family
A/Santiago/86710/2025	Jose Chung's From Outer Space	#3FD5D0	Family
A/Santiago/87450/2025	Jose Chung's From Outer Space	#3FD5D0	Unnatural Selection
A/Santiago/88477/2025	Elegy	#B084F5	Up the Long Ladder
A/Santiago/88487/2025	Ghouli	#FF6F69	Q Who
A/Santiago/88788/2025	Ghouli	#FF6F69	The Price
A/Santiago/88789/2025	Clyde Bruckman's Final Repose	#9E9E9E	Q Who
A/Santiago/89087/2025	Anasazi	#F47CC3	Conundrum
A/Santiago/90729/2025	Ghouli	#FF6F69	Up the Long Ladder
A/Santiago/90743/2025	Clyde Bruckman's Final Repose	#9E9E9E	Conundrum
A/Santiago/91007/2025	Clyde Bruckman's Final Repose	#9E9E9E	Family
A/SantoAndre/LEIAL7330/2025	Hollywood A.D.	#6BA3E6	11001001
A/SantoAntonio/LEIAL6320/2025	Ghouli	#FF6F69	Unnatural Selection
A/SaoLuisDeMontesBelos/LEIAL6546/2025	Jose Chung's From Outer Space	#3FD5D0	The Arsenal of Freedom
A/SaoPaulo/2683/2024	Hollywood A.D.	#6BA3E6	The Arsenal of Freedom
A/SaoPaulo/358392778-IAL/2025	Musings of a Cigarette Smoking Man	#FF9F40	11001001
A/SaoPaulo/358537332-IAL/2025	Hollywood A.D.	#6BA3E6	Phantasms
A/SaoPaulo/358539312-IAL/2025	Hollywood A.D.	#6BA3E6	The Price
A/SaoPaulo/358541310-IAL/2025	Field Trip	#FFD23F	11001001
A/SaoPaulo/358544967-IAL/2025	Elegy	#B084F5	The Arsenal of Freedom
A/SaoPaulo/358549056-IAL/2025	Hollywood A.D.	#6BA3E6	Phantasms
A/SaoPaulo/358553546-IAL/2025	The End	#C48A5A	Q Who
A/SaoPaulo/358553879-IAL/2025	Jose Chung's From Outer Space	#3FD5D0	11001001
A/SaoPaulo/358553933-IAL/2025	The End	#C48A5A	The Arsenal of Freedom
A/SaoPaulo/358555690-IAL/2025	Clyde Bruckman's Final Repose	#9E9E9E	Phantasms
A/SaoPaulo/358561176-IAL/2025	Field Trip	#FFD23F	The Price
A/SaoPaulo/358561831-IAL/2025	Clyde Bruckman's Final Repose	#9E9E9E	Family
A/SaoPaulo/358562700-IAL/2025	The End	#C48A5A	The Price
A/SaoPaulo/358564352-IAL/2025	Hollywood A.D.	#6BA3E6	Family
A/SaoPaulo/5545/2025	Elegy	#B084F5	Journey's End
A/SaoPaulo/5546/2025	Musings of a Cigarette Smoking Man	#FF9F40	The Arsenal of Freedom
A/SaoPaulo/5548/2025	Ghouli	#FF6F69	Unnatural Selection
A/SaoPaulo/5549/2025	Musings of a Cigarette Smoking Man	#FF9F40	Phantasms
A/SaoPaulo/5551/2025	Field Trip	#FFD23F	Q Who
A/SaoPaulo/5552/2025	Field Trip	#FFD23F	Up the Long Ladder
A/SaoPaulo/5553/2025	Jose Chung's From Outer Space	#3FD5D0	Phantasms
A/SaoPaulo/5554/2025	Elegy	#B084F5	11001001
A/SaoPaulo/IAL/357893264/2024	Clyde Bruckman's Final Repose	#9E9E9E	The Arsenal of Freedom
A/SaoPaulo/LEIAL6198/2025	Ghouli	#FF6F69	Journey's End
A/SaoPaulo/LEIAL6199/2025	The End	#C48A5A	11001001
A/SaoPaulo/LEIAL6200/2025	Hollywood A.D.	#6BA3E6	11001001
A/SaoPaulo/LEIAL6327/2025	Anasazi	#F47CC3	11001001
A/SaoPaulo/LEIAL6532/2025	Clyde Bruckman's Final Repose	#9E9E9E	Q Who
A/SaoPaulo/LEIAL6534/2025	Jose Chung's From Outer Space	#3FD5D0	Phantasms
A/SaoPaulo/LEIAL6548/2025	Clyde Bruckman's Final Repose	#9E9E9E	Up the Long Ladder
A/SaoPaulo/LEIAL6549/2025	Ghouli	#FF6F69	Conundrum
A/SaoPaulo/LEIAL6550/2025	Field Trip	#FFD23F	Journey's End
A/SaoPaulo/LEIAL6551/2025	Musings of a Cigarette Smoking Man	#FF9F40	Up the Long Ladder
A/SaoPaulo/LEIAL6552/2025	Anasazi	#F47CC3	The Arsenal of Freedom
A/SaoPaulo/LEIAL6553/2025	Anasazi	#F47CC3	Family
A/SaoPaulo/LEIAL6913/2025	Anasazi	#F47CC3	11001001
A/SaoPaulo/LEIAL6914/2025	The Walk	#4CCB7F	The Price
A/Saskatchewan/RV05049-25/2025	The End	#C48A5A	Family
A/Saskatchewan/SKFLU457855/2025	Anasazi	#F47CC3	Up the Long Ladder
A/Saskatchewan/SKFLU457891/2025	Elegy	#B084F5	The Arsenal of Freedom
A/Saskatchewan/SKFLU460361/2025	Field Trip	#FFD23F	Unnatural Selection
A/Saskatchewan/SKFLU465633/2025	Field Trip	#FFD23F	The Price
A/Saskatchewan/SKFLU465762/2025	The Walk	#4CCB7F	Q Who
A/Saskatchewan/SKFLU466008/2025	The End	#C48A5A	Family
A/Schleswig-Holstein/15/2025	Ghouli	#FF6F69	Up the Long Ladder
A/Senegal/VR-25-4167/2025	Musings of a Cigarette Smoking Man	#FF9F40	Phantasms
A/Senegal/VR-25-4316/2025	Jose Chung's From Outer Space	#3FD5D0	The Arsenal of Freedom
A/Senegal/VR-25-4317/2025	The Walk	#4CCB7F	Phantasms
A/Senegal/VR-25-4402/2025	The End	#C48A5A	Up the Long Ladder
A/Seoul/1287/2018H3N2	Elegy	#B084F5	Q Who
A/Seoul/1668/2025	Field Trip	#FFD23F	Family
A/Seoul/1669/2025	The Walk	#4CCB7F	Family
A/Seoul/1671/2025	Field Trip	#FFD23F	Up the Long Ladder
A/Seoul/1685/2025	Clyde Bruckman's Final Repose	#9E9E9E	Unnatural Selection
A/Seoul/1694/2025	The Walk	#4CCB7F	The Arsenal of Freedom
A/Seoul/1712/2025	Field Trip	#FFD23F	Q Who
A/Seoul/1714/2025	Jose Chung's From Outer Space	#3FD5D0	Q Who
A/Seoul/1730/2025	Ghouli	#FF6F69	The Arsenal of Freedom
A/Seoul/1735/2025	Elegy	#B084F5	Conundrum
A/Seoul/1739/2025	The Walk	#4CCB7F	Up the Long Ladder
A/Seoul/1759/2025	Ghouli	#FF6F69	Q Who
A/Seoul/1760/2025	The Walk	#4CCB7F	Q Who
A/Seoul/1812/2025	The Walk	#4CCB7F	Family
A/Seoul/1817/2025	Field Trip	#FFD23F	Up the Long Ladder
A/Seoul/1820/2025	Field Trip	#FFD23F	Phantasms
A/Seoul/1821/2025	The Walk	#4CCB7F	The Arsenal of Freedom
A/Seoul/1824/2025	Field Trip	#FFD23F	Up the Long Ladder
A/Seoul/1825/2025	The End	#C48A5A	Conundrum
A/Seoul/1826/2025	Clyde Bruckman's Final Repose	#9E9E9E	The Arsenal of Freedom
A/Seoul/761/2023	Jose Chung's From Outer Space	#3FD5D0	11001001
A/Serbia/5862/2025	Anasazi	#F47CC3	Phantasms
A/Shaanxi-Lianhu/1425/2025	Field Trip	#FFD23F	Family
A/Shaanxi-Qindou/311/2025	Jose Chung's From Outer Space	#3FD5D0	Conundrum
A/Shaanxi-Weicheng/1464/2025	Jose Chung's From Outer Space	#3FD5D0	The Price
A/Shaanxi-Xincheng/1918/2025	Ghouli	#FF6F69	Journey's End
A/Shaanxi-Yanta/1642/2025	The Walk	#4CCB7F	Family
A/Shaanxi-Zhangan/1451/2025	Hollywood A.D.	#6BA3E6	The Price
A/Shandong-Daiyue/1496/2025	The Walk	#4CCB7F	Up the Long Ladder
A/Shandong-Fushan/1438/2025	Jose Chung's From Outer Space	#3FD5D0	11001001
A/Shandong-Huaiyin/1961/2025	Elegy	#B084F5	Conundrum
A/Shandong-Huantai/36/2025	Hollywood A.D.	#6BA3E6	11001001
A/Shandong-Jiaozhou/1428/2025	Hollywood A.D.	#6BA3E6	Phantasms
A/Shandong-Kaifa/1479/2025	Jose Chung's From Outer Space	#3FD5D0	11001001
A/Shandong-Kaifa/39/2025	Musings of a Cigarette Smoking Man	#FF9F40	Journey's End
A/Shandong-Laiwu/35/2025	The Walk	#4CCB7F	The Price
A/Shandong-Taishan/1533/2025	The Walk	#4CCB7F	The Arsenal of Freedom
A/Shandong-Tianqiao/36/2025	Elegy	#B084F5	Conundrum
A/Shandong-Zhifu/1468/2025	Elegy	#B084F5	Journey's End
A/Shanghai-Fengxian/1849/2025	Jose Chung's From Outer Space	#3FD5D0	The Price
A/Shanghai-Fengxian/1874/2025	Field Trip	#FFD23F	The Price
A/Shanghai-Fengxian/1912/2023_C1S1	Elegy	#B084F5	Unnatural Selection
A/Shanghai-Hongkou/11972/2025	Musings of a Cigarette Smoking Man	#FF9F40	Journey's End
A/Shanghai-Huangpu/12124/2025	Jose Chung's From Outer Space	#3FD5D0	11001001
A/Shanghai-Huangpu/12594/2025	The Walk	#4CCB7F	Q Who
A/Shanghai-Huangpu/12925/2025	Hollywood A.D.	#6BA3E6	Phantasms
A/Shanghai-Huangpu/8305/2025	Musings of a Cigarette Smoking Man	#FF9F40	The Arsenal of Freedom
A/Shanghai-Jiading/12439/2025	Musings of a Cigarette Smoking Man	#FF9F40	Q Who
A/Shanghai-Jiading/31/2025	Jose Chung's From Outer Space	#3FD5D0	Q Who
A/Shanghai-Jingan/2819/2025	Ghouli	#FF6F69	Conundrum
A/Shanghai-Jinshan/11131/2025	Anasazi	#F47CC3	Unnatural Selection
A/Shanghai-Jinshan/1213/2024_C1S2	Anasazi	#F47CC3	Family
A/Shanghai-Pudongxin/5399/2025	Musings of a Cigarette Smoking Man	#FF9F40	The Arsenal of Freedom
A/Shanghai-Putuo/1727/2023_C1S1	Field Trip	#FFD23F	Conundrum
A/Shanghai-Putuo/1727/2023_E2E1	Field Trip	#FFD23F	Phantasms
A/Shanghai-Zhangning/11372/2025	Musings of a Cigarette Smoking Man	#FF9F40	The Arsenal of Freedom
A/Shanxi-Yanju/151/2024_C1S1	Clyde Bruckman's Final Repose	#9E9E9E	Unnatural Selection
A/Sharjah/1446/2025	Hollywood A.D.	#6BA3E6	Q Who
A/Shymkent/3415/2025	The Walk	#4CCB7F	Unnatural Selection
A/Shymkent/3417/2025	Ghouli	#FF6F69	Journey's End
A/Shymkent/3418/2025	Elegy	#B084F5	The Arsenal of Freedom
A/Shymkent/3419/2025	Jose Chung's From Outer Space	#3FD5D0	The Price
A/Shymkent/3422/2025	Ghouli	#FF6F69	Conundrum
A/Sichuan-Cuiping/11739/2025	Clyde Bruckman's Final Repose	#9E9E9E	Family
A/Sichuan-Dongqu/11873/2025	Musings of a Cigarette Smoking Man	#FF9F40	Conundrum
A/Sichuan-Gaoxin/1144/2023_C1C1	The Walk	#4CCB7F	Phantasms
A/Sichuan-Gaoxin/1619/2025	Anasazi	#F47CC3	Q Who
A/Sichuan-Gaoxin/1771/2025	Field Trip	#FFD23F	Unnatural Selection
A/Sichuan-Gaoxin/1783/2025	The Walk	#4CCB7F	Unnatural Selection
A/Sichuan-Gaoxin/1785/2025	Field Trip	#FFD23F	The Price
A/Sichuan-Jingyang/11111/2025	Musings of a Cigarette Smoking Man	#FF9F40	The Price
A/Sichuan-Longchang/1881/2025	Clyde Bruckman's Final Repose	#9E9E9E	The Price
A/Sichuan-Muchuan/35/2025	Musings of a Cigarette Smoking Man	#FF9F40	Journey's End
A/Sichuan-Pingshan/323/2025	Clyde Bruckman's Final Repose	#9E9E9E	The Arsenal of Freedom
A/Sichuan-Qingyang/11187/2025	Clyde Bruckman's Final Repose	#9E9E9E	Unnatural Selection
A/Sichuan-Qingyang/11236/2025	The Walk	#4CCB7F	The Arsenal of Freedom
A/Sichuan-Qingyang/11352/2025	Anasazi	#F47CC3	The Price
A/Sichuan-Qingyang/11565/2025	Ghouli	#FF6F69	11001001
A/Sichuan-Qingyang/1254/2023_C1S1	Jose Chung's From Outer Space	#3FD5D0	The Price
A/Sichuan-Qingyang/1254/2023_E1E1	The Walk	#4CCB7F	The Price
A/Sichuan-Qingyang/32/2025	Musings of a Cigarette Smoking Man	#FF9F40	Up the Long Ladder
A/Sichuan-Qingyang/8316/2025	Elegy	#B084F5	Family
A/Sichuan-Shehong/1646/2025	Field Trip	#FFD23F	Family
A/Sichuan-Shehong/1739/2025	Anasazi	#F47CC3	Q Who
A/Sichuan-Shehong/1811/2025	Clyde Bruckman's Final Repose	#9E9E9E	The Price
A/Sichuan-Shizhong/11770/2025	Field Trip	#FFD23F	Journey's End
A/Sichuan-Yanbian/34/2025	Elegy	#B084F5	Conundrum
A/Sichuan-Zhongjiang/1884/2025	The End	#C48A5A	Phantasms
A/Singapore/CGH0101/2025	The Walk	#4CCB7F	Q Who
A/Singapore/CGH0106/2025	Anasazi	#F47CC3	Family
A/Singapore/CGH0114/2025	Hollywood A.D.	#6BA3E6	11001001
A/Singapore/CGH0121/2025	Jose Chung's From Outer Space	#3FD5D0	Unnatural Selection
A/Singapore/CGH0122/2025	Elegy	#B084F5	The Arsenal of Freedom
A/Singapore/EN0243/2025	The End	#C48A5A	Unnatural Selection
A/Singapore/EN0252/2025	The Walk	#4CCB7F	Journey's End
A/Singapore/EN0262/2025	Ghouli	#FF6F69	Phantasms
A/Singapore/EN0267/2025	The Walk	#4CCB7F	The Arsenal of Freedom
A/Singapore/EN0276/2025	Ghouli	#FF6F69	Unnatural Selection
A/Singapore/EN0280/2025	Elegy	#B084F5	Family
A/Singapore/EN0292/2025	Musings of a Cigarette Smoking Man	#FF9F40	Up the Long Ladder
A/Singapore/EN0296/2025	Field Trip	#FFD23F	Unnatural Selection
A/Singapore/EN0302/2025	Field Trip	#FFD23F	Unnatural Selection
A/Singapore/EN0306/2025	Jose Chung's From Outer Space	#3FD5D0	Journey's End
A/Singapore/EN0318/2025	The Walk	#4CCB7F	Conundrum
A/Singapore/EN0326/2025	Anasazi	#F47CC3	Unnatural Selection
A/Singapore/GP10091/2025	Jose Chung's From Outer Space	#3FD5D0	The Arsenal of Freedom
A/Singapore/GP10199/2025	Elegy	#B084F5	The Arsenal of Freedom
A/Singapore/GP10228/2025	Elegy	#B084F5	Unnatural Selection
A/Singapore/GP10354/2025	The Walk	#4CCB7F	Conundrum
A/Singapore/GP10479/2025	The Walk	#4CCB7F	Conundrum
A/Singapore/GP1048/2022_clinicalspecimen	Elegy	#B084F5	Unnatural Selection
A/Singapore/GP10495/2025	Field Trip	#FFD23F	Phantasms
A/Singapore/GP10614/2025	Hollywood A.D.	#6BA3E6	Conundrum
A/Singapore/GP10633/2025	Ghouli	#FF6F69	Up the Long Ladder
A/Singapore/GP10724/2025	Elegy	#B084F5	Phantasms
A/Singapore/GP10784/2025	The End	#C48A5A	Up the Long Ladder
A/Singapore/GP10889/2025	Hollywood A.D.	#6BA3E6	11001001
A/Singapore/GP10932/2025	Field Trip	#FFD23F	Journey's End
A/Singapore/GP11048/2025	Ghouli	#FF6F69	Journey's End
A/Singapore/GP11094/2025	Musings of a Cigarette Smoking Man	#FF9F40	Unnatural Selection
A/Singapore/GP11134/2025	Clyde Bruckman's Final Repose	#9E9E9E	Q Who
A/Singapore/GP11174/2025	Ghouli	#FF6F69	Up the Long Ladder
A/Singapore/GP11205/2025	Clyde Bruckman's Final Repose	#9E9E9E	Unnatural Selection
A/Singapore/GP11246/2025	The End	#C48A5A	The Price
A/Singapore/GP11254/2025	Musings of a Cigarette Smoking Man	#FF9F40	Phantasms
A/Singapore/GP11258/2025	Elegy	#B084F5	Conundrum
A/Singapore/GP11281/2025	The End	#C48A5A	Q Who
A/Singapore/GP11301/2025	Field Trip	#FFD23F	Phantasms
A/Singapore/GP11303/2025	Clyde Bruckman's Final Repose	#9E9E9E	Q Who
A/Singapore/GP11322/2025	Anasazi	#F47CC3	11001001
A/Singapore/GP11335/2025	Jose Chung's From Outer Space	#3FD5D0	The Arsenal of Freedom
A/Singapore/GP11372/2025	Elegy	#B084F5	The Arsenal of Freedom
A/Singapore/GP11532/2025	Clyde Bruckman's Final Repose	#9E9E9E	The Price
A/Singapore/GP11546/2025	Jose Chung's From Outer Space	#3FD5D0	Up the Long Ladder
A/Singapore/GP11579/2025	The Walk	#4CCB7F	Journey's End
A/Singapore/GP11599/2025	The End	#C48A5A	Up the Long Ladder
A/Singapore/GP11605/2025	Clyde Bruckman's Final Repose	#9E9E9E	Phantasms
A/Singapore/GP11630/2025	Jose Chung's From Outer Space	#3FD5D0	Up the Long Ladder
A/Singapore/GP11652/2025	Hollywood A.D.	#6BA3E6	Family
A/Singapore/GP11657/2025	The End	#C48A5A	Up the Long Ladder
A/Singapore/GP11670/2025	Anasazi	#F47CC3	The Price
A/Singapore/GP11703/2025	The Walk	#4CCB7F	Family
A/Singapore/GP11741/2025	Field Trip	#FFD23F	Up the Long Ladder
A/Singapore/GP11751/2025	Hollywood A.D.	#6BA3E6	Q Who
A/Singapore/GP11854/2025	Musings of a Cigarette Smoking Man	#FF9F40	Family
A/Singapore/GP11885/2025	The Walk	#4CCB7F	The Arsenal of Freedom
A/Singapore/GP11888/2025	Elegy	#B084F5	Unnatural Selection
A/Singapore/GP11902/2025	Clyde Bruckman's Final Repose	#9E9E9E	Q Who
A/Singapore/GP11972/2025	The End	#C48A5A	Q Who
A/Singapore/GP11991/2025	Musings of a Cigarette Smoking Man	#FF9F40	11001001
A/Singapore/GP11992/2025	Ghouli	#FF6F69	Conundrum
A/Singapore/GP12004/2025	The End	#C48A5A	Up the Long Ladder
A/Singapore/GP12012/2025	Jose Chung's From Outer Space	#3FD5D0	The Price
A/Singapore/GP12036/2025	Elegy	#B084F5	Conundrum
A/Singapore/GP12068/2025	Jose Chung's From Outer Space	#3FD5D0	Family
A/Singapore/GP12215/2025	Field Trip	#FFD23F	11001001
A/Singapore/GP12245/2025	Jose Chung's From Outer Space	#3FD5D0	The Arsenal of Freedom
A/Singapore/GP12321/2025	Elegy	#B084F5	Conundrum
A/Singapore/GP12461/2025	Musings of a Cigarette Smoking Man	#FF9F40	Unnatural Selection
A/Singapore/GP12464/2025	Clyde Bruckman's Final Repose	#9E9E9E	Up the Long Ladder
A/Singapore/GP12467/2025	Elegy	#B084F5	The Price
A/Singapore/GP12580/2025	The End	#C48A5A	Unnatural Selection
A/Singapore/GP12599/2025	Jose Chung's From Outer Space	#3FD5D0	Phantasms
A/Singapore/GP12611/2025	Elegy	#B084F5	Conundrum
A/Singapore/GP12653/2025	Musings of a Cigarette Smoking Man	#FF9F40	Up the Long Ladder
A/Singapore/GP12655/2025	Musings of a Cigarette Smoking Man	#FF9F40	The Price
A/Singapore/GP12700/2025	Elegy	#B084F5	Conundrum
A/Singapore/GP12724/2025	The End	#C48A5A	Phantasms
A/Singapore/GP12725/2025	Elegy	#B084F5	Q Who
A/Singapore/GP12871/2025	Anasazi	#F47CC3	Up the Long Ladder
A/Singapore/GP12887/2025	Anasazi	#F47CC3	Family
A/Singapore/GP12918/2025	Anasazi	#F47CC3	Up the Long Ladder
A/Singapore/GP12962/2025	Anasazi	#F47CC3	The Arsenal of Freedom
A/Singapore/GP13024/2025	Anasazi	#F47CC3	Q Who
A/Singapore/GP13138/2025	Ghouli	#FF6F69	Unnatural Selection
A/Singapore/GP13167/2025	Hollywood A.D.	#6BA3E6	Conundrum
A/Singapore/GP13194/2025	Anasazi	#F47CC3	Conundrum
A/Singapore/GP13243/2025	Jose Chung's From Outer Space	#3FD5D0	Family
A/Singapore/GP13275/2025	Anasazi	#F47CC3	Q Who
A/Singapore/GP13279/2025	The Walk	#4CCB7F	Unnatural Selection
A/Singapore/GP13307/2025	The End	#C48A5A	The Arsenal of Freedom
A/Singapore/GP13322/2025	The End	#C48A5A	Journey's End
A/Singapore/GP13382/2025	Musings of a Cigarette Smoking Man	#FF9F40	Phantasms
A/Singapore/GP13410/2025	Jose Chung's From Outer Space	#3FD5D0	Q Who
A/Singapore/GP13419/2025	Musings of a Cigarette Smoking Man	#FF9F40	Journey's End
A/Singapore/GP13460/2025	Anasazi	#F47CC3	Conundrum
A/Singapore/GP13518/2025	The Walk	#4CCB7F	The Arsenal of Freedom
A/Singapore/GP13578/2025	The Walk	#4CCB7F	Phantasms
A/Singapore/GP13590/2025	Ghouli	#FF6F69	Up the Long Ladder
A/Singapore/GP13607/2025	The End	#C48A5A	The Price
A/Singapore/GP13636/2025	Jose Chung's From Outer Space	#3FD5D0	11001001
A/Singapore/GP13755/2025	Clyde Bruckman's Final Repose	#9E9E9E	Q Who
A/Singapore/GP13774/2025	The End	#C48A5A	The Arsenal of Freedom
A/Singapore/GP13783/2025	Jose Chung's From Outer Space	#3FD5D0	Phantasms
A/Singapore/GP13792/2025	Field Trip	#FFD23F	Unnatural Selection
A/Singapore/GP13933/2025	Elegy	#B084F5	Phantasms
A/Singapore/GP13941/2025	Musings of a Cigarette Smoking Man	#FF9F40	The Arsenal of Freedom
A/Singapore/GP13946/2025	Jose Chung's From Outer Space	#3FD5D0	Family
A/Singapore/GP13970/2025	Elegy	#B084F5	Up the Long Ladder
A/Singapore/GP14067/2025	The End	#C48A5A	Phantasms
A/Singapore/GP14073/2025	Field Trip	#FFD23F	Q Who
A/Singapore/GP14082/2025	Elegy	#B084F5	The Arsenal of Freedom
A/Singapore/GP14089/2025	The Walk	#4CCB7F	Up the Long Ladder
A/Singapore/GP14167/2025	Ghouli	#FF6F69	Conundrum
A/Singapore/GP14198/2025	Ghouli	#FF6F69	Journey's End
A/Singapore/GP14229/2025	Jose Chung's From Outer Space	#3FD5D0	Phantasms
A/Singapore/GP14236/2025	Elegy	#B084F5	Phantasms
A/Singapore/GP14281/2025	The Walk	#4CCB7F	Family
A/Singapore/GP14316/2025	The End	#C48A5A	The Price
A/Singapore/GP14330/2025	Field Trip	#FFD23F	Unnatural Selection
A/Singapore/GP14338/2025	Musings of a Cigarette Smoking Man	#FF9F40	Family
A/Singapore/GP14404/2025	Clyde Bruckman's Final Repose	#9E9E9E	Unnatural Selection
A/Singapore/GP14411/2025	Hollywood A.D.	#6BA3E6	The Price
A/Singapore/GP18022/2023	The End	#C48A5A	The Price
A/Singapore/GP9108/2025	The End	#C48A5A	Up the Long Ladder
A/Singapore/GP9229/2025	The End	#C48A5A	Up the Long Ladder
A/Singapore/GP9383/2025	Anasazi	#F47CC3	Phantasms
A/Singapore/GP9562/2025	Jose Chung's From Outer Space	#3FD5D0	Phantasms
A/Singapore/GP9745/2025	Hollywood A.D.	#6BA3E6	The Price
A/Singapore/GP9857/2025	Field Trip	#FFD23F	Journey's End
A/Singapore/KK0180/2024	Musings of a Cigarette Smoking Man	#FF9F40	The Price
A/Singapore/KK1360/2025	The Walk	#4CCB7F	11001001
A/Singapore/KK1382/2025	The Walk	#4CCB7F	The Arsenal of Freedom
A/Singapore/KK1397/2025	Elegy	#B084F5	Conundrum
A/Singapore/KK1417/2025	Elegy	#B084F5	Conundrum
A/Singapore/KK1437/2025	Elegy	#B084F5	Family
A/Singapore/KK1471/2025	Jose Chung's From Outer Space	#3FD5D0	Up the Long Ladder
A/Singapore/KK1484/2025	Ghouli	#FF6F69	Unnatural Selection
A/Singapore/KK1496/2025	The Walk	#4CCB7F	Up the Long Ladder
A/Singapore/KK1546/2025	The End	#C48A5A	Phantasms
A/Singapore/KK1581/2025	Elegy	#B084F5	The Price
A/Singapore/KK1597/2025	The End	#C48A5A	Journey's End
A/Singapore/KK1630/2025	Elegy	#B084F5	The Arsenal of Freedom
A/Singapore/KK1664/2025	Musings of a Cigarette Smoking Man	#FF9F40	The Arsenal of Freedom
A/Singapore/KK1714/2025	Anasazi	#F47CC3	11001001
A/Singapore/KK1774/2025	Anasazi	#F47CC3	The Price
A/Singapore/KK1829/2025	Musings of a Cigarette Smoking Man	#FF9F40	Unnatural Selection
A/Singapore/KK1875/2025	Musings of a Cigarette Smoking Man	#FF9F40	Unnatural Selection
A/Singapore/KK1893/2025	Ghouli	#FF6F69	11001001
A/Singapore/KK2017/2025	Anasazi	#F47CC3	11001001
A/Singapore/KK2108/2025	The End	#C48A5A	Unnatural Selection
A/Singapore/KK2124/2025	The Walk	#4CCB7F	The Arsenal of Freedom
A/Singapore/KK2135/2025	Musings of a Cigarette Smoking Man	#FF9F40	Conundrum
A/Singapore/KK2142/2025	The End	#C48A5A	The Price
A/Singapore/KK2223/2025	The End	#C48A5A	Q Who
A/Singapore/KK2304/2025	The Walk	#4CCB7F	Unnatural Selection
A/Singapore/KK2343/2025	Musings of a Cigarette Smoking Man	#FF9F40	Phantasms
A/Singapore/KK2351/2025	Musings of a Cigarette Smoking Man	#FF9F40	Up the Long Ladder
A/Singapore/KK2398/2025	Hollywood A.D.	#6BA3E6	Q Who
A/Singapore/KK2411/2025	Hollywood A.D.	#6BA3E6	Family
A/Singapore/MAH0268/2025	Field Trip	#FFD23F	Q Who
A/Singapore/MAH0280/2025	Elegy	#B084F5	Q Who
A/Singapore/MAH0305/2025	Jose Chung's From Outer Space	#3FD5D0	Conundrum
A/Singapore/MAH0309/2025	The End	#C48A5A	Unnatural Selection
A/Singapore/MAH0312/2025	Hollywood A.D.	#6BA3E6	Conundrum
A/Singapore/MAH0315/2025	Jose Chung's From Outer Space	#3FD5D0	Conundrum
A/Singapore/MAH0328/2025	Clyde Bruckman's Final Repose	#9E9E9E	Phantasms
A/Singapore/MAH0332/2025	Ghouli	#FF6F69	Up the Long Ladder
A/Singapore/MAH0345/2025	The Walk	#4CCB7F	Family
A/Singapore/MAH0348/2025	The End	#C48A5A	Unnatural Selection
A/Singapore/MAH0357/2025	Jose Chung's From Outer Space	#3FD5D0	Family
A/Singapore/MAH0359/2025	Jose Chung's From Outer Space	#3FD5D0	Q Who
A/Singapore/MAH0363/2025	The Walk	#4CCB7F	Journey's End
A/Singapore/MAH0373/2025	The End	#C48A5A	Up the Long Ladder
A/Singapore/MAH0387/2025	Jose Chung's From Outer Space	#3FD5D0	The Arsenal of Freedom
A/Singapore/MAH0392/2025	Clyde Bruckman's Final Repose	#9E9E9E	Journey's End
A/Singapore/MAH0397/2025	Musings of a Cigarette Smoking Man	#FF9F40	Q Who
A/Singapore/MAH0410/2025	The End	#C48A5A	Family
A/Singapore/MAH0414/2025	Hollywood A.D.	#6BA3E6	The Price
A/Singapore/MAH0421/2025	Musings of a Cigarette Smoking Man	#FF9F40	Q Who
A/Singapore/MAH0424/2025	Musings of a Cigarette Smoking Man	#FF9F40	The Price
A/Singapore/MAH0425/2025	Ghouli	#FF6F69	The Arsenal of Freedom
A/Singapore/MAH0432/2025	Jose Chung's From Outer Space	#3FD5D0	Q Who
A/Singapore/MAH0437/2025	Elegy	#B084F5	The Arsenal of Freedom
A/Singapore/MAH0448/2025	Clyde Bruckman's Final Repose	#9E9E9E	Conundrum
A/Singapore/MAH0456/2025	Field Trip	#FFD23F	Conundrum
A/Singapore/MAH0459/2025	The End	#C48A5A	The Price
A/Singapore/MAH0482/2025	Jose Chung's From Outer Space	#3FD5D0	The Price
A/Singapore/MAH0489/2025	Musings of a Cigarette Smoking Man	#FF9F40	Conundrum
A/Singapore/MAH0494/2025	Anasazi	#F47CC3	Journey's End
A/Singapore/MAH0507/2025	Elegy	#B084F5	Unnatural Selection
A/Singapore/MOH0332/2025	Jose Chung's From Outer Space	#3FD5D0	Journey's End
A/Singapore/MOH0334/2024_clinicalspecimen	Ghouli	#FF6F69	Unnatural Selection
A/Singapore/MOH0334/2025	Anasazi	#F47CC3	Unnatural Selection
A/Singapore/MOH0335/2025	Hollywood A.D.	#6BA3E6	Up the Long Ladder
A/Singapore/MOH0336/2025	Hollywood A.D.	#6BA3E6	Phantasms
A/Singapore/MOH0338/2025	Field Trip	#FFD23F	Q Who
A/Singapore/MOH0342/2025	Anasazi	#F47CC3	Up the Long Ladder
A/Singapore/NTF0129/2025	Ghouli	#FF6F69	Journey's End
A/Singapore/NTF0132/2025	Anasazi	#F47CC3	Phantasms
A/Singapore/NTF0137/2025	Anasazi	#F47CC3	The Price
A/Singapore/NTF0140/2025	Ghouli	#FF6F69	Conundrum
A/Singapore/NTF0145/2025	Clyde Bruckman's Final Repose	#9E9E9E	Unnatural Selection
A/Singapore/NTF0148/2025	Elegy	#B084F5	Up the Long Ladder
A/Singapore/NTF0180/2025	The Walk	#4CCB7F	The Price
A/Singapore/NTF0188/2025	Musings of a Cigarette Smoking Man	#FF9F40	Up the Long Ladder
A/Singapore/NTF0205/2025	Elegy	#B084F5	The Price
A/Singapore/NTF0222/2025	Clyde Bruckman's Final Repose	#9E9E9E	The Arsenal of Freedom
A/Singapore/NTF0227/2025	Elegy	#B084F5	11001001
A/Singapore/NTF0238/2025	The End	#C48A5A	The Price
A/Singapore/NTF0254/2025	Anasazi	#F47CC3	Up the Long Ladder
A/Singapore/NTF0266/2025	Anasazi	#F47CC3	Up the Long Ladder
A/Singapore/NTF0276/2025	The Walk	#4CCB7F	Family
A/Singapore/NTF0338/2025	Elegy	#B084F5	Up the Long Ladder
A/Singapore/NTF0368/2025	Clyde Bruckman's Final Repose	#9E9E9E	The Arsenal of Freedom
A/Singapore/NTF0390/2025	Field Trip	#FFD23F	Up the Long Ladder
A/Singapore/NTF0420/2025	Field Trip	#FFD23F	Conundrum
A/Singapore/NTF0440/2025	The End	#C48A5A	Q Who
A/Singapore/NTF0445/2025	Musings of a Cigarette Smoking Man	#FF9F40	Family
A/Singapore/NTF0478/2025	The End	#C48A5A	Q Who
A/Singapore/NUH0048/2022	Ghouli	#FF6F69	The Price
A/Singapore/NUH0706/2025	Field Trip	#FFD23F	Family
A/Singapore/NUH0715/2025	Musings of a Cigarette Smoking Man	#FF9F40	Conundrum
A/Singapore/NUH0724/2025	Elegy	#B084F5	The Arsenal of Freedom
A/Singapore/NUH0732/2025	Anasazi	#F47CC3	11001001
A/Singapore/NUH0749/2025	Hollywood A.D.	#6BA3E6	11001001
A/Singapore/NUH0751/2025	Anasazi	#F47CC3	The Price
A/Singapore/NUH0767/2025	Anasazi	#F47CC3	The Arsenal of Freedom
A/Singapore/NUH0781/2025	Musings of a Cigarette Smoking Man	#FF9F40	Journey's End
A/Singapore/NUH0893/2025	Anasazi	#F47CC3	Up the Long Ladder
A/Singapore/NUH0902/2025	Jose Chung's From Outer Space	#3FD5D0	Phantasms
A/Singapore/NUH0927/2025	Musings of a Cigarette Smoking Man	#FF9F40	11001001
A/Singapore/NUH0933/2025	Ghouli	#FF6F69	Q Who
A/Singapore/NUH0992/2025	The End	#C48A5A	Unnatural Selection
A/Singapore/NUH1006/2025	Field Trip	#FFD23F	Phantasms
A/Singapore/NUH1012/2025	Field Trip	#FFD23F	The Price
A/Singapore/NUH1027/2025	Elegy	#B084F5	Unnatural Selection
A/Singapore/NUH1158/2025	Field Trip	#FFD23F	The Arsenal of Freedom
A/Singapore/NUH1172/2025	Clyde Bruckman's Final Repose	#9E9E9E	Q Who
A/Singapore/NUH1227/2025	The Walk	#4CCB7F	The Price
A/Singapore/NUH1235/2025	The End	#C48A5A	Phantasms
A/Singapore/NUH1239/2025	Elegy	#B084F5	Up the Long Ladder
A/Singapore/NUH1240/2025	Elegy	#B084F5	Conundrum
A/Singapore/NUH1246/2025	Elegy	#B084F5	Family
A/Singapore/NUH1254/2025	Field Trip	#FFD23F	Phantasms
A/Singapore/NUH1256/2025	Jose Chung's From Outer Space	#3FD5D0	Q Who
A/Singapore/NUH1279/2025	The End	#C48A5A	Q Who
A/Singapore/NUH1290/2025	The End	#C48A5A	The Price
A/Singapore/NUH1292/2025	Clyde Bruckman's Final Repose	#9E9E9E	Family
A/Singapore/NUH1295/2025	Anasazi	#F47CC3	Q Who
A/Singapore/NUH1296/2025	Anasazi	#F47CC3	Up the Long Ladder
A/Singapore/NUH1350/2025	Ghouli	#FF6F69	The Price
A/Singapore/NUH1353/2025	Musings of a Cigarette Smoking Man	#FF9F40	Q Who
A/Singapore/NUH1362/2025	Clyde Bruckman's Final Repose	#9E9E9E	Unnatural Selection
A/Singapore/NUH1370/2025	Clyde Bruckman's Final Repose	#9E9E9E	Family
A/Singapore/NUH1388/2025	Ghouli	#FF6F69	Unnatural Selection
A/Singapore/NUH1395/2025	Field Trip	#FFD23F	11001001
A/Singapore/NUH1398/2025	Clyde Bruckman's Final Repose	#9E9E9E	Conundrum
A/Singapore/NUH1408/2025	Elegy	#B084F5	Family
A/Singapore/NUH1414/2025	Ghouli	#FF6F69	The Price
A/Singapore/OTH0086/2025	Anasazi	#F47CC3	Conundrum
A/Singapore/OTH0105/2025	Elegy	#B084F5	Conundrum
A/Singapore/OTH0123/2025	Hollywood A.D.	#6BA3E6	Conundrum
A/Singapore/OTH0221/2025	Clyde Bruckman's Final Repose	#9E9E9E	Family
A/Singapore/OTH0270/2025	Ghouli	#FF6F69	The Arsenal of Freedom
A/Singapore/OTH0290/2025	The Walk	#4CCB7F	The Arsenal of Freedom
A/Singapore/OTH0293/2025	The End	#C48A5A	Journey's End
A/Singapore/OTH0306/2025	The End	#C48A5A	11001001
A/Singapore/OTH0308/2025	Anasazi	#F47CC3	The Price
A/Singapore/OTH0313/2025	Musings of a Cigarette Smoking Man	#FF9F40	The Arsenal of Freedom
A/Singapore/OTH0316/2025	Field Trip	#FFD23F	11001001
A/Singapore/OTH0331/2025	Elegy	#B084F5	Up the Long Ladder
A/Singapore/OTH0351/2025	Elegy	#B084F5	The Arsenal of Freedom
A/Singapore/SAR0839/2024	Clyde Bruckman's Final Repose	#9E9E9E	Journey's End
A/Singapore/SAR4773/2025	Jose Chung's From Outer Space	#3FD5D0	The Arsenal of Freedom
A/Singapore/SAR5099/2025	Clyde Bruckman's Final Repose	#9E9E9E	Journey's End
A/Singapore/SAR5630/2025	Ghouli	#FF6F69	Conundrum
A/Singapore/SAR5825/2025	The End	#C48A5A	The Arsenal of Freedom
A/Singapore/SAR6436/2025	Elegy	#B084F5	The Price
A/Singapore/SAR7308/2025	Musings of a Cigarette Smoking Man	#FF9F40	Q Who
A/Singapore/SAR7424/2025	Elegy	#B084F5	Journey's End
A/Singapore/SAR7496/2025	Field Trip	#FFD23F	Journey's End
A/Singapore/SAR7552/2025	Musings of a Cigarette Smoking Man	#FF9F40	Unnatural Selection
A/Singapore/SAR7609/2025	Hollywood A.D.	#6BA3E6	Conundrum
A/Singapore/SAR7781/2025	The End	#C48A5A	Phantasms
A/Singapore/SAR7868/2025	The End	#C48A5A	The Arsenal of Freedom
A/Singapore/SAR7982/2025	Anasazi	#F47CC3	Family
A/Singapore/TT0812/2025	Clyde Bruckman's Final Repose	#9E9E9E	Family
A/Singapore/TT0826/2025	Musings of a Cigarette Smoking Man	#FF9F40	Family
A/Singapore/TT0883/2025	The Walk	#4CCB7F	Q Who
A/Singapore/TT0916/2025	Field Trip	#FFD23F	Unnatural Selection
A/Singapore/TT0926/2025	Field Trip	#FFD23F	The Price
A/Singapore/TT0939/2025	Clyde Bruckman's Final Repose	#9E9E9E	The Arsenal of Freedom
A/Singapore/TT0956/2025	Hollywood A.D.	#6BA3E6	Journey's End
A/Singapore/TT0971/2025	Musings of a Cigarette Smoking Man	#FF9F40	Phantasms
A/Singapore/TT0972/2025	Elegy	#B084F5	11001001
A/Singapore/TT0974/2025	Elegy	#B084F5	Journey's End
A/Singapore/TT0975/2025	Hollywood A.D.	#6BA3E6	Q Who
A/Singapore/TT0990/2025	Elegy	#B084F5	Journey's End
A/Singapore/TT1023/2025	Hollywood A.D.	#6BA3E6	The Arsenal of Freedom
A/Singapore/TT1030/2025	Field Trip	#FFD23F	Q Who
A/Singapore/TT1031/2025	The Walk	#4CCB7F	Conundrum
A/Singapore/TT1034/2025	Ghouli	#FF6F69	Conundrum
A/Singapore/TT1037/2025	The End	#C48A5A	Family
A/Singapore/TT1042/2025	Field Trip	#FFD23F	The Arsenal of Freedom
A/Singapore/TT1045/2025	Hollywood A.D.	#6BA3E6	Q Who
A/Singapore/TT1053/2025	Elegy	#B084F5	The Arsenal of Freedom
A/Singapore/TT1060/2025	Clyde Bruckman's Final Repose	#9E9E9E	The Arsenal of Freedom
A/Singapore/TT1077/2025	Anasazi	#F47CC3	Up the Long Ladder
A/Singapore/TT1086/2025	Jose Chung's From Outer Space	#3FD5D0	The Arsenal of Freedom
A/Singapore/TT1087/2025	Musings of a Cigarette Smoking Man	#FF9F40	The Arsenal of Freedom
A/Singapore/TT1112/2025	The Walk	#4CCB7F	Phantasms
A/Singapore/TT1144/2025	Clyde Bruckman's Final Repose	#9E9E9E	Unnatural Selection
A/Singapore/TT1150/2025	Anasazi	#F47CC3	Journey's End
A/Singapore/TT1164/2025	The Walk	#4CCB7F	Up the Long Ladder
A/Singapore/TT1169/2025	Hollywood A.D.	#6BA3E6	Conundrum
A/Singapore/TT1238/2025	Musings of a Cigarette Smoking Man	#FF9F40	The Price
A/Singapore/TT1253/2025	Musings of a Cigarette Smoking Man	#FF9F40	Journey's End
A/Singapore/TT1262/2025	Musings of a Cigarette Smoking Man	#FF9F40	Unnatural Selection
A/Singapore/TT1263/2025	Hollywood A.D.	#6BA3E6	The Price
A/Singapore/TT1267/2025	Field Trip	#FFD23F	The Price
A/Singapore/TT1276/2025	Hollywood A.D.	#6BA3E6	Phantasms
A/Singapore/TT1278/2025	Anasazi	#F47CC3	Family
A/Singapore/TT1279/2025	The Walk	#4CCB7F	Journey's End
A/Singapore/TT1288/2025	The End	#C48A5A	Phantasms
A/Singapore/TT1292/2025	The End	#C48A5A	The Arsenal of Freedom
A/Singapore/TT1295/2025	Ghouli	#FF6F69	Conundrum
A/Singapore/TT1297/2025	Jose Chung's From Outer Space	#3FD5D0	Family
A/Singapore/TT1298/2025	The End	#C48A5A	Unnatural Selection
A/Singapore/TT1303/2025	The Walk	#4CCB7F	Q Who
A/Singapore/TT1306/2025	Musings of a Cigarette Smoking Man	#FF9F40	Phantasms
A/Singapore/TT1311/2025	Jose Chung's From Outer Space	#3FD5D0	Family
A/Singapore/TT1313/2025	Ghouli	#FF6F69	Conundrum
A/Singapore/TT1316/2025	The Walk	#4CCB7F	The Price
A/Singapore/TT1334/2025	Hollywood A.D.	#6BA3E6	Unnatural Selection
A/Singapore/TT1336/2025	Elegy	#B084F5	The Arsenal of Freedom
A/Singapore/TT1338/2025	Hollywood A.D.	#6BA3E6	Journey's End
A/Singapore/TT1340/2025	Anasazi	#F47CC3	11001001
A/Singapore/TT1344/2025	Hollywood A.D.	#6BA3E6	Unnatural Selection
A/Singapore/TT1347/2025	Elegy	#B084F5	11001001
A/Singapore/TT1350/2025	Clyde Bruckman's Final Repose	#9E9E9E	Conundrum
A/Singapore/TT1376/2025	Elegy	#B084F5	The Price
A/Singapore/TT1378/2025	Clyde Bruckman's Final Repose	#9E9E9E	Q Who
A/Singapore/TT1383/2025	Ghouli	#FF6F69	Unnatural Selection
A/Singapore/TT1387/2025	Field Trip	#FFD23F	Unnatural Selection
A/Singapore/TT1393/2025	Musings of a Cigarette Smoking Man	#FF9F40	Phantasms
A/Singapore/TT1407/2025	The Walk	#4CCB7F	11001001
A/Singapore/TT1408/2025	Musings of a Cigarette Smoking Man	#FF9F40	Up the Long Ladder
A/Singapore/TT1410/2025	The End	#C48A5A	Journey's End
A/Singapore/TT1418/2025	Hollywood A.D.	#6BA3E6	Unnatural Selection
A/Singapore/TT1421/2025	Clyde Bruckman's Final Repose	#9E9E9E	Unnatural Selection
A/Singapore/TT1424/2025	Field Trip	#FFD23F	Up the Long Ladder
A/Singapore/TT1426/2025	The End	#C48A5A	Phantasms
A/Singapore/TT1436/2025	Elegy	#B084F5	Journey's End
A/Singapore/TT1438/2025	Hollywood A.D.	#6BA3E6	11001001
A/Singapore/TT1445/2025	Jose Chung's From Outer Space	#3FD5D0	Family
A/Singapore/TT1446/2025	Ghouli	#FF6F69	11001001
A/Singapore/TT1449/2025	The End	#C48A5A	Phantasms
A/Singapore/TT1452/2025	Hollywood A.D.	#6BA3E6	The Arsenal of Freedom
A/Singapore/TT1455/2025	Anasazi	#F47CC3	Conundrum
A/Slovenia/21/2024_MDCKx/SIAT1	The Walk	#4CCB7F	Q Who
A/Slovenia/NLZOH-521-1975/2025	Anasazi	#F47CC3	Conundrum
A/Slovenia/NLZOH-521-1976/2025	Clyde Bruckman's Final Repose	#9E9E9E	The Price
A/Smolensk/CRIE/237/2025	The End	#C48A5A	Q Who
A/Solna/SE25-12323/2025	The End	#C48A5A	Up the Long Ladder
A/SouthAfrica/0105/2025	The Walk	#4CCB7F	Up the Long Ladder
A/SouthAfrica/0109/2025	Jose Chung's From Outer Space	#3FD5D0	Up the Long Ladder
A/SouthAfrica/0432/2025	The Walk	#4CCB7F	Conundrum
A/SouthAfrica/0448/2025	Hollywood A.D.	#6BA3E6	The Arsenal of Freedom
A/SouthAfrica/0525/2025	Hollywood A.D.	#6BA3E6	The Price
A/SouthAfrica/0528/2025	Clyde Bruckman's Final Repose	#9E9E9E	Conundrum
A/SouthAfrica/0545/2025	Ghouli	#FF6F69	Conundrum
A/SouthAfrica/0546/2025	Ghouli	#FF6F69	Journey's End
A/SouthAfrica/0619/2025	Musings of a Cigarette Smoking Man	#FF9F40	The Price
A/SouthAfrica/4751/2025	Hollywood A.D.	#6BA3E6	The Price
A/SouthAfrica/7520/2025	Elegy	#B084F5	Unnatural Selection
A/SouthAfrica/7527/2025	Musings of a Cigarette Smoking Man	#FF9F40	The Arsenal of Freedom
A/SouthAfrica/7556/2025	Hollywood A.D.	#6BA3E6	11001001
A/SouthAfrica/7598/2025	The Walk	#4CCB7F	Family
A/SouthAfrica/7665/2025	Jose Chung's From Outer Space	#3FD5D0	The Price
A/SouthAfrica/7667/2025	Ghouli	#FF6F69	Family
A/SouthAfrica/7756/2025	Anasazi	#F47CC3	The Price
A/SouthAfrica/7757/2025	Field Trip	#FFD23F	Journey's End
A/SouthAfrica/7808/2025	Field Trip	#FFD23F	The Price
A/SouthAfrica/7810/2025	Ghouli	#FF6F69	Family
A/SouthAfrica/7928/2025	The Walk	#4CCB7F	Unnatural Selection
A/SouthAfrica/8242/2025	Hollywood A.D.	#6BA3E6	Up the Long Ladder
A/SouthAfrica/8320/2025	Ghouli	#FF6F69	The Price
A/SouthAfrica/8325/2025	Anasazi	#F47CC3	11001001
A/SouthAfrica/8351/2025	Ghouli	#FF6F69	Up the Long Ladder
A/SouthAfrica/8461/2025	The Walk	#4CCB7F	Journey's End
A/SouthAfrica/8666/2025	Anasazi	#F47CC3	Journey's End
A/SouthAfrica/8710/2025	Field Trip	#FFD23F	Journey's End
A/SouthAfrica/8714/2025	Musings of a Cigarette Smoking Man	#FF9F40	Phantasms
A/SouthAfrica/8803/2025	Anasazi	#F47CC3	Family
A/SouthAfrica/8831/2025	Musings of a Cigarette Smoking Man	#FF9F40	11001001
A/SouthAfrica/8835/2025	Jose Chung's From Outer Space	#3FD5D0	Journey's End
A/SouthAfrica/NHLS-SU-CERI-C067984/2025	Ghouli	#FF6F69	The Price
A/SouthAfrica/NHLS-SU-CERI-C069319/2025	Field Trip	#FFD23F	Journey's End
A/SouthAfrica/NHLS-SU-CERI-C069370/2025	Field Trip	#FFD23F	The Price
A/SouthAfrica/NHLS-SU-CERI-C071549/2025	Clyde Bruckman's Final Repose	#9E9E9E	11001001
A/SouthAfrica/NHLS-UCT-CERI-C067959/2025	Clyde Bruckman's Final Repose	#9E9E9E	Up the Long Ladder
A/SouthAfrica/NHLS-UCT-CERI-C069250/2025	Elegy	#B084F5	Up the Long Ladder
A/SouthAfrica/NHLS-UCT-CERI-C070099/2025	Hollywood A.D.	#6BA3E6	11001001
A/SouthAfrica/NHLS-UCT-CERI-C070102/2025	The Walk	#4CCB7F	Unnatural Selection
A/SouthAfrica/NHLS-UCT-CERI-C070103/2025	Clyde Bruckman's Final Repose	#9E9E9E	Phantasms
A/SouthAfrica/NHLS-UCT-CERI-C070104/2025	The End	#C48A5A	Up the Long Ladder
A/SouthAfrica/NICD-R05009/2025	Jose Chung's From Outer Space	#3FD5D0	11001001
A/SouthAfrica/NICD-R05367/2025	The Walk	#4CCB7F	Journey's End
A/SouthAfrica/NICD-R05415/2025	Hollywood A.D.	#6BA3E6	Q Who
A/SouthAfrica/NICD-R05814/2025	Hollywood A.D.	#6BA3E6	Family
A/SouthAfrica/NICD-R05842/2025	Elegy	#B084F5	The Arsenal of Freedom
A/SouthAfrica/NICD-R05900/2025	Musings of a Cigarette Smoking Man	#FF9F40	The Arsenal of Freedom
A/SouthAfrica/NICD-R05903/2025	Field Trip	#FFD23F	Unnatural Selection
A/SouthAfrica/NICD-R05972/2025	Musings of a Cigarette Smoking Man	#FF9F40	The Arsenal of Freedom
A/SouthAfrica/NICD-R05986/2025	Anasazi	#F47CC3	Up the Long Ladder
A/SouthAfrica/NICD-R05999/2025	Musings of a Cigarette Smoking Man	#FF9F40	Q Who
A/SouthAfrica/NICD-R06000/2025	Clyde Bruckman's Final Repose	#9E9E9E	Up the Long Ladder
A/SouthAfrica/NICD-R07005/2025	The Walk	#4CCB7F	The Price
A/SouthAfrica/NICD-R07014/2025	The Walk	#4CCB7F	The Price
A/SouthAfrica/NICD-R07024/2025	The Walk	#4CCB7F	Journey's End
A/SouthAfrica/NICD-R07057/2025	Musings of a Cigarette Smoking Man	#FF9F40	Q Who
A/SouthAfrica/NICD-R07077/2025	Clyde Bruckman's Final Repose	#9E9E9E	The Arsenal of Freedom
A/SouthAfrica/NICD-R07159/2025	The End	#C48A5A	The Arsenal of Freedom
A/SouthAfrica/NICD-R07160/2025	Field Trip	#FFD23F	The Price
A/SouthAfrica/NICD-R07161/2025	The End	#C48A5A	Journey's End
A/SouthAfrica/NICD-R07163/2025	The End	#C48A5A	Family
A/SouthAfrica/NICD-R07169/2025	Ghouli	#FF6F69	The Price
A/SouthAfrica/NICD-R07174/2025	Ghouli	#FF6F69	Journey's End
A/SouthAfrica/NICD-R07176/2025	Field Trip	#FFD23F	11001001
A/SouthAfrica/NICD-R07178/2025	The End	#C48A5A	11001001
A/SouthAfrica/NICD-R07183/2025	The Walk	#4CCB7F	The Arsenal of Freedom
A/SouthAfrica/NICD-R07192/2025	Clyde Bruckman's Final Repose	#9E9E9E	Journey's End
A/SouthAfrica/NICD-R07194/2025	Hollywood A.D.	#6BA3E6	Up the Long Ladder
A/SouthAfrica/NICD-R07237/2025	Musings of a Cigarette Smoking Man	#FF9F40	Unnatural Selection
A/SouthAfrica/NICD-R07245/2025	The Walk	#4CCB7F	Up the Long Ladder
A/SouthAfrica/NICD-R07249/2025	Hollywood A.D.	#6BA3E6	The Price
A/SouthAfrica/NICD-R07250/2025	Hollywood A.D.	#6BA3E6	Conundrum
A/SouthAfrica/NICD-R07335/2025	The Walk	#4CCB7F	Unnatural Selection
A/SouthAfrica/NICD-R07336/2025	The End	#C48A5A	11001001
A/SouthAfrica/NICD-R07339/2025	The End	#C48A5A	Family
A/SouthAfrica/NICD-R07344/2025	Jose Chung's From Outer Space	#3FD5D0	Family
A/SouthAfrica/NICD-R07349/2025	Hollywood A.D.	#6BA3E6	Up the Long Ladder
A/SouthAfrica/NICD-R07355/2025	Elegy	#B084F5	The Arsenal of Freedom
A/SouthAfrica/NICD-R07470/2025	Field Trip	#FFD23F	Conundrum
A/SouthAfrica/NICD-R07492/2025	The End	#C48A5A	Journey's End
A/SouthAfrica/NICD-R07497/2025	Clyde Bruckman's Final Repose	#9E9E9E	11001001
A/SouthAfrica/NICD-R07665/2025	The End	#C48A5A	Phantasms
A/SouthAfrica/NICD-R07667/2025	Field Trip	#FFD23F	Up the Long Ladder
A/SouthAfrica/NICD-R07756/2025	Hollywood A.D.	#6BA3E6	Phantasms
A/SouthAfrica/NICD-R07757/2025	Musings of a Cigarette Smoking Man	#FF9F40	Unnatural Selection
A/SouthAfrica/NICD-R08557/2025	Clyde Bruckman's Final Repose	#9E9E9E	Family
A/SouthAfrica/NICD-R08666/2025	The Walk	#4CCB7F	Family
A/SouthAfrica/NICD-R08714/2025	Jose Chung's From Outer Space	#3FD5D0	Phantasms
A/SouthAfrica/NICD-R08803/2025	Hollywood A.D.	#6BA3E6	The Arsenal of Freedom
A/SouthAfrica/NICD-R08831/2025	Anasazi	#F47CC3	Unnatural Selection
A/SouthAfrica/NICD-R08866/2025	Elegy	#B084F5	11001001
A/SouthAfrica/NICD-R08938/2025	Anasazi	#F47CC3	Journey's End
A/SouthAfrica/NICD-R08981/2025	Clyde Bruckman's Final Repose	#9E9E9E	The Price
A/SouthAfrica/NICD-R08987/2025	Field Trip	#FFD23F	Phantasms
A/SouthAfrica/NICD-R08989/2025	The Walk	#4CCB7F	Q Who
A/SouthAfrica/NICD-R10007/2025	Jose Chung's From Outer Space	#3FD5D0	Phantasms
A/SouthAfrica/NICD-R10010/2025	The Walk	#4CCB7F	Journey's End
A/SouthAfrica/NICD-R10019/2025	Elegy	#B084F5	Unnatural Selection
A/SouthAfrica/NICD-R10105/2025	Clyde Bruckman's Final Repose	#9E9E9E	Phantasms
A/SouthAfrica/NICD-R10109/2025	Musings of a Cigarette Smoking Man	#FF9F40	Phantasms
A/SouthAfrica/NICD-R10143/2025	Ghouli	#FF6F69	Unnatural Selection
A/SouthAfrica/NICD-R10153/2025	Musings of a Cigarette Smoking Man	#FF9F40	Q Who
A/SouthAfrica/NICD-R10525/2025	The Walk	#4CCB7F	Journey's End
A/SouthAfrica/NICD-R10528/2025	The End	#C48A5A	Unnatural Selection
A/SouthAfrica/NICD-R10545/2025	Anasazi	#F47CC3	Phantasms
A/SouthAfrica/NICD-R10546/2025	The End	#C48A5A	Up the Long Ladder
A/SouthAfrica/NICD-R10619/2025	Elegy	#B084F5	Conundrum
A/SouthAfrica/PATH-CERI-C068167/2025	Clyde Bruckman's Final Repose	#9E9E9E	Conundrum
A/SouthAfrica/PATH-CERI-C068465/2025	Musings of a Cigarette Smoking Man	#FF9F40	Conundrum
A/SouthAfrica/PATH-CERI-C071496/2025	Ghouli	#FF6F69	Unnatural Selection
A/SouthAfrica/PATH-CERI-C073440/2025	Anasazi	#F47CC3	Up the Long Ladder
A/SouthAfrica/PET36350/2025	Anasazi	#F47CC3	Phantasms
A/SouthAfrica/PET36397/2025	Jose Chung's From Outer Space	#3FD5D0	Phantasms
A/SouthAfrica/PET37157/2025	Musings of a Cigarette Smoking Man	#FF9F40	Family
A/SouthAfrica/PET37367/2025	Ghouli	#FF6F69	Unnatural Selection
A/SouthAfrica/PET37564/2025	Field Trip	#FFD23F	Unnatural Selection
A/SouthAfrica/PET37604/2025	Elegy	#B084F5	11001001
A/SouthAfrica/PET37625/2025	The Walk	#4CCB7F	The Price
A/SouthAfrica/PET37627/2025	Hollywood A.D.	#6BA3E6	11001001
A/SouthAfrica/PET37634/2025	Ghouli	#FF6F69	The Arsenal of Freedom
A/SouthAfrica/PET37707/2025	Ghouli	#FF6F69	11001001
A/SouthAfrica/R03202/2025	The End	#C48A5A	Phantasms
A/SouthAfrica/R05190/2025_SIAT2	Hollywood A.D.	#6BA3E6	The Price
A/SouthAfrica/R15449/2021	Clyde Bruckman's Final Repose	#9E9E9E	Unnatural Selection
A/SouthAustralia/1/2023_SIAT1	Ghouli	#FF6F69	The Price
A/SouthAustralia/185/2025	The Walk	#4CCB7F	Q Who
A/SouthAustralia/198/2025	Field Trip	#FFD23F	Unnatural Selection
A/SouthAustralia/199/2025	Field Trip	#FFD23F	Journey's End
A/SouthAustralia/208/2025	Jose Chung's From Outer Space	#3FD5D0	The Arsenal of Freedom
A/SouthAustralia/211/2025	Ghouli	#FF6F69	Conundrum
A/SouthAustralia/213/2025	Elegy	#B084F5	The Price
A/SouthAustralia/216/2025	Anasazi	#F47CC3	Family
A/SouthAustralia/2509112466/2025	Clyde Bruckman's Final Repose	#9E9E9E	Conundrum
A/SouthAustralia/2520106139/2025	Clyde Bruckman's Final Repose	#9E9E9E	11001001
A/SouthAustralia/2520207709/2025	The Walk	#4CCB7F	Phantasms
A/SouthAustralia/2520300055/2025	Ghouli	#FF6F69	The Price
A/SouthAustralia/2520400375/2025	Anasazi	#F47CC3	Q Who
A/SouthAustralia/2520410978/2025	Jose Chung's From Outer Space	#3FD5D0	Unnatural Selection
A/SouthAustralia/2520414049/2025	Elegy	#B084F5	Conundrum
A/SouthAustralia/2520512691/2025	Clyde Bruckman's Final Repose	#9E9E9E	Unnatural Selection
A/SouthAustralia/2521912527/2025	Field Trip	#FFD23F	Unnatural Selection
A/SouthAustralia/2522001755/2025	Clyde Bruckman's Final Repose	#9E9E9E	The Price
A/SouthAustralia/2522011747/2025	Hollywood A.D.	#6BA3E6	Phantasms
A/SouthAustralia/2522108504/2025	The End	#C48A5A	Family
A/SouthAustralia/2522201752/2025	Jose Chung's From Outer Space	#3FD5D0	The Price
A/SouthAustralia/2522309976/2025	Clyde Bruckman's Final Repose	#9E9E9E	Unnatural Selection
A/SouthAustralia/2522311797/2025	Field Trip	#FFD23F	Up the Long Ladder
A/SouthAustralia/2522411346/2025	The Walk	#4CCB7F	The Arsenal of Freedom
A/SouthAustralia/2522414232/2025	Field Trip	#FFD23F	Q Who
A/SouthAustralia/2522714878/2025	Ghouli	#FF6F69	Up the Long Ladder
A/SouthAustralia/2522900332/2025	Field Trip	#FFD23F	Unnatural Selection
A/SouthAustralia/2522904534/2025	The End	#C48A5A	Journey's End
A/SouthAustralia/2522904819/2025	Ghouli	#FF6F69	Phantasms
A/SouthAustralia/2523000595/2025	Elegy	#B084F5	The Price
A/SouthAustralia/2523001097/2025	Elegy	#B084F5	Up the Long Ladder
A/SouthAustralia/2523013623/2025	Hollywood A.D.	#6BA3E6	Unnatural Selection
A/SouthAustralia/2523108240/2025	Hollywood A.D.	#6BA3E6	Family
A/SouthAustralia/2523110275/2025	Field Trip	#FFD23F	Conundrum
A/SouthAustralia/2523111821/2025	The Walk	#4CCB7F	Family
A/SouthAustralia/2523211270/2025	Anasazi	#F47CC3	Conundrum
A/SouthAustralia/2523212426/2025	Jose Chung's From Outer Space	#3FD5D0	Unnatural Selection
A/SouthAustralia/2523500316/2025	Elegy	#B084F5	Conundrum
A/SouthAustralia/2523805374/2025	Elegy	#B084F5	Unnatural Selection
A/SouthAustralia/2523812314/2025	Elegy	#B084F5	Conundrum
A/SouthAustralia/2524108834/2025	Jose Chung's From Outer Space	#3FD5D0	Up the Long Ladder
A/SouthAustralia/2524305251/2025	The Walk	#4CCB7F	The Arsenal of Freedom
A/SouthAustralia/2524408801/2025	Hollywood A.D.	#6BA3E6	The Arsenal of Freedom
A/SouthAustralia/2524506945/2025	Elegy	#B084F5	Unnatural Selection
A/SouthAustralia/2524602644/2025	Musings of a Cigarette Smoking Man	#FF9F40	Phantasms
A/SouthAustralia/2524606660/2025	Elegy	#B084F5	The Price
A/SouthAustralia/2524615240/2025	Elegy	#B084F5	Up the Long Ladder
A/SouthAustralia/2524615774/2025	Jose Chung's From Outer Space	#3FD5D0	Up the Long Ladder
A/SouthAustralia/2524709789/2025	Hollywood A.D.	#6BA3E6	11001001
A/SouthAustralia/2524712039/2025	The End	#C48A5A	Journey's End
A/SouthAustralia/2524807354/2025	Jose Chung's From Outer Space	#3FD5D0	Unnatural Selection
A/SouthAustralia/2524810113/2025	The End	#C48A5A	Journey's End
A/SouthAustralia/2524814192/2025	Field Trip	#FFD23F	Journey's End
A/SouthAustralia/2524814240/2025	Jose Chung's From Outer Space	#3FD5D0	The Price
A/SouthAustralia/2524900705/2025	The End	#C48A5A	Journey's End
A/SouthAustralia/2524905412/2025	Ghouli	#FF6F69	Unnatural Selection
A/SouthAustralia/2525002214/2025	Clyde Bruckman's Final Repose	#9E9E9E	Up the Long Ladder
A/SouthAustralia/2525004143/2025	Ghouli	#FF6F69	Family
A/SouthAustralia/2525005728/2025	Hollywood A.D.	#6BA3E6	The Arsenal of Freedom
A/SouthAustralia/2525301148/2025	Clyde Bruckman's Final Repose	#9E9E9E	Journey's End
A/SouthAustralia/2525414464/2025	Musings of a Cigarette Smoking Man	#FF9F40	The Price
A/SouthAustralia/2525513781/2025	The End	#C48A5A	The Arsenal of Freedom
A/SouthAustralia/2525600620/2025	Musings of a Cigarette Smoking Man	#FF9F40	The Price
A/SouthAustralia/2525607496/2025	Clyde Bruckman's Final Repose	#9E9E9E	Phantasms
A/SouthAustralia/2525704107/2025	Elegy	#B084F5	Family
A/SouthAustralia/2525704276/2025	Musings of a Cigarette Smoking Man	#FF9F40	Up the Long Ladder
A/SouthAustralia/2525704779/2025	Jose Chung's From Outer Space	#3FD5D0	Q Who
A/SouthAustralia/2525801021/2025	Anasazi	#F47CC3	Q Who
A/SouthAustralia/2525815801/2025	Musings of a Cigarette Smoking Man	#FF9F40	The Price
A/SouthAustralia/2525901892/2025	Anasazi	#F47CC3	Phantasms
A/SouthAustralia/2525902540/2025	Elegy	#B084F5	The Arsenal of Freedom
A/SouthAustralia/2525908714/2025	Field Trip	#FFD23F	The Price
A/SouthAustralia/2525908833/2025	Ghouli	#FF6F69	The Arsenal of Freedom
A/SouthAustralia/2525910854/2025	Anasazi	#F47CC3	The Arsenal of Freedom
A/SouthAustralia/2525911555/2025	Jose Chung's From Outer Space	#3FD5D0	Unnatural Selection
A/SouthAustralia/2526000544/2025	Field Trip	#FFD23F	The Arsenal of Freedom
A/SouthAustralia/2526003479/2025	Elegy	#B084F5	11001001
A/SouthAustralia/2526005360/2025	Anasazi	#F47CC3	Q Who
A/SouthAustralia/2526007591/2025	Musings of a Cigarette Smoking Man	#FF9F40	Conundrum
A/SouthAustralia/2526011166/2025	Clyde Bruckman's Final Repose	#9E9E9E	Journey's End
A/SouthAustralia/2526012316/2025	Ghouli	#FF6F69	The Arsenal of Freedom
A/SouthAustralia/2526105534/2025	Ghouli	#FF6F69	Conundrum
A/SouthAustralia/2526110154/2025	Clyde Bruckman's Final Repose	#9E9E9E	Q Who
A/SouthAustralia/2526113257/2025	The Walk	#4CCB7F	Phantasms
A/SouthAustralia/2526208975/2025	Field Trip	#FFD23F	Journey's End
A/SouthAustralia/2526304490/2025	Elegy	#B084F5	The Price
A/SouthAustralia/2526307838/2025	Anasazi	#F47CC3	Journey's End
A/SouthAustralia/2526400353/2025	Clyde Bruckman's Final Repose	#9E9E9E	Up the Long Ladder
A/SouthAustralia/2526608759/2025	Musings of a Cigarette Smoking Man	#FF9F40	11001001
A/SouthAustralia/2526702691/2025	Ghouli	#FF6F69	Up the Long Ladder
A/SouthAustralia/2526708037/2025	The End	#C48A5A	Unnatural Selection
A/SouthAustralia/2526715152/2025	The End	#C48A5A	The Price
A/SouthAustralia/2526715165/2025	Elegy	#B084F5	The Arsenal of Freedom
A/SouthAustralia/2526805766/2025	Hollywood A.D.	#6BA3E6	The Arsenal of Freedom
A/SouthAustralia/2526807685/2025	Anasazi	#F47CC3	Conundrum
A/SouthAustralia/2526900297/2025	Ghouli	#FF6F69	Phantasms
A/SouthAustralia/2526906790/2025	Ghouli	#FF6F69	The Price
A/SouthAustralia/2526911204/2025	Elegy	#B084F5	Phantasms
A/SouthAustralia/2527000832/2025	The Walk	#4CCB7F	Up the Long Ladder
A/SouthAustralia/2527001628/2025	Ghouli	#FF6F69	Q Who
A/SouthAustralia/2527002532/2025	Elegy	#B084F5	The Arsenal of Freedom
A/SouthAustralia/2527003588/2025	Ghouli	#FF6F69	Q Who
A/SouthAustralia/2527006979/2025	Jose Chung's From Outer Space	#3FD5D0	11001001
A/SouthAustralia/2527007007/2025	Anasazi	#F47CC3	11001001
A/SouthAustralia/2527007394/2025	Jose Chung's From Outer Space	#3FD5D0	Conundrum
A/SouthAustralia/2527007683/2025	Anasazi	#F47CC3	Up the Long Ladder
A/SouthAustralia/2527101258/2025	Anasazi	#F47CC3	Q Who
A/SouthAustralia/2527101762/2025	Jose Chung's From Outer Space	#3FD5D0	Phantasms
A/SouthAustralia/2527103074/2025	Anasazi	#F47CC3	Journey's End
A/SouthAustralia/2527103948/2025	The Walk	#4CCB7F	Journey's End
A/SouthAustralia/2527104312/2025	Anasazi	#F47CC3	Journey's End
A/SouthAustralia/2527105791/2025	Field Trip	#FFD23F	11001001
A/SouthAustralia/2527106304/2025	Ghouli	#FF6F69	Journey's End
A/SouthAustralia/2527106353/2025	Jose Chung's From Outer Space	#3FD5D0	Family
A/SouthAustralia/2527204696/2025	Anasazi	#F47CC3	Journey's End
A/SouthAustralia/2527208919/2025	Clyde Bruckman's Final Repose	#9E9E9E	The Price
A/SouthAustralia/2527211787/2025	Anasazi	#F47CC3	The Arsenal of Freedom
A/SouthAustralia/2527213276/2025	The Walk	#4CCB7F	Up the Long Ladder
A/SouthAustralia/2527213910/2025	Clyde Bruckman's Final Repose	#9E9E9E	Family
A/SouthAustralia/2527215142/2025	The End	#C48A5A	11001001
A/SouthAustralia/2527216421/2025	The Walk	#4CCB7F	Phantasms
A/SouthAustralia/2527300680/2025	The Walk	#4CCB7F	The Price
A/SouthAustralia/2527306708/2025	Anasazi	#F47CC3	Family
A/SouthAustralia/2527309180/2025	Musings of a Cigarette Smoking Man	#FF9F40	The Price
A/SouthAustralia/2527312323/2025	The Walk	#4CCB7F	Conundrum
A/SouthAustralia/2527313093/2025	The End	#C48A5A	Unnatural Selection
A/SouthAustralia/2527313344/2025	Elegy	#B084F5	The Arsenal of Freedom
A/SouthAustralia/2527313887/2025	Hollywood A.D.	#6BA3E6	Family
A/SouthAustralia/2527414991/2025	The Walk	#4CCB7F	Q Who
A/SouthAustralia/2527415237/2025	The Walk	#4CCB7F	Q Who
A/SouthAustralia/2527415989/2025	The End	#C48A5A	Unnatural Selection
A/SouthAustralia/2527500033/2025	Hollywood A.D.	#6BA3E6	11001001
A/SouthAustralia/2527501162/2025	The Walk	#4CCB7F	11001001
A/SouthAustralia/2527506294/2025	Jose Chung's From Outer Space	#3FD5D0	11001001
A/SouthAustralia/2527511513/2025	Field Trip	#FFD23F	Phantasms
A/SouthAustralia/2527512239/2025	Clyde Bruckman's Final Repose	#9E9E9E	Journey's End
A/SouthAustralia/2527512661/2025	Hollywood A.D.	#6BA3E6	The Price
A/SouthAustralia/2527513504/2025	The Walk	#4CCB7F	11001001
A/SouthAustralia/2527600406/2025	The Walk	#4CCB7F	Up the Long Ladder
A/SouthAustralia/2527600929/2025	Hollywood A.D.	#6BA3E6	Q Who
A/SouthAustralia/2527601123/2025	Hollywood A.D.	#6BA3E6	Up the Long Ladder
A/SouthAustralia/2527603984/2025	Jose Chung's From Outer Space	#3FD5D0	The Price
A/SouthAustralia/2527608308/2025	Ghouli	#FF6F69	Conundrum
A/SouthAustralia/2527609180/2025	Field Trip	#FFD23F	11001001
A/SouthAustralia/2527613951/2025	Clyde Bruckman's Final Repose	#9E9E9E	Unnatural Selection
A/SouthAustralia/2527613964/2025	The End	#C48A5A	Q Who
A/SouthAustralia/2527614449/2025	The End	#C48A5A	Journey's End
A/SouthAustralia/2527614769/2025	Field Trip	#FFD23F	The Price
A/SouthAustralia/2527614917/2025	The End	#C48A5A	Phantasms
A/SouthAustralia/2527700471/2025	The Walk	#4CCB7F	Up the Long Ladder
A/SouthAustralia/2527702642/2025	Clyde Bruckman's Final Repose	#9E9E9E	Q Who
A/SouthAustralia/2527703707/2025	The Walk	#4CCB7F	Up the Long Ladder
A/SouthAustralia/2527708528/2025	Elegy	#B084F5	Conundrum
A/SouthAustralia/2527802112/2025	Field Trip	#FFD23F	Up the Long Ladder
A/SouthAustralia/2527805263/2025	Field Trip	#FFD23F	Phantasms
A/SouthAustralia/2527805441/2025	Musings of a Cigarette Smoking Man	#FF9F40	Phantasms
A/SouthAustralia/2527806000/2025	Elegy	#B084F5	Conundrum
A/SouthAustralia/2527806288/2025	Field Trip	#FFD23F	The Arsenal of Freedom
A/SouthAustralia/2527900016/2025	Jose Chung's From Outer Space	#3FD5D0	Phantasms
A/SouthAustralia/2527900077/2025	Anasazi	#F47CC3	The Arsenal of Freedom
A/SouthAustralia/2527902596/2025	Field Trip	#FFD23F	Up the Long Ladder
A/SouthAustralia/2527902708/2025	The Walk	#4CCB7F	Conundrum
A/SouthAustralia/2527902969/2025	The End	#C48A5A	Conundrum
A/SouthAustralia/2527904509/2025	Anasazi	#F47CC3	Family
A/SouthAustralia/2527905012/2025	Jose Chung's From Outer Space	#3FD5D0	The Price
A/SouthAustralia/2527905762/2025	Elegy	#B084F5	Unnatural Selection
A/SouthAustralia/2527906594/2025	Ghouli	#FF6F69	11001001
A/SouthAustralia/2527906626/2025	The End	#C48A5A	11001001
A/SouthAustralia/2528001165/2025	Anasazi	#F47CC3	Phantasms
A/SouthAustralia/2528013492/2025	The Walk	#4CCB7F	The Price
A/SouthAustralia/2528100383/2025	The End	#C48A5A	The Arsenal of Freedom
A/SouthAustralia/2528100425/2025	Anasazi	#F47CC3	The Price
A/SouthAustralia/2528100924/2025	Clyde Bruckman's Final Repose	#9E9E9E	Q Who
A/SouthAustralia/2528101115/2025	Field Trip	#FFD23F	Family
A/SouthAustralia/2528102532/2025	Ghouli	#FF6F69	Up the Long Ladder
A/SouthAustralia/2528111595/2025	Anasazi	#F47CC3	Journey's End
A/SouthAustralia/2528116193/2025	Anasazi	#F47CC3	11001001
A/SouthAustralia/2528200276/2025	The End	#C48A5A	Phantasms
A/SouthAustralia/2528200870/2025	The End	#C48A5A	Conundrum
A/SouthAustralia/2528205339/2025	Ghouli	#FF6F69	Up the Long Ladder
A/SouthAustralia/2528213502/2025	Clyde Bruckman's Final Repose	#9E9E9E	Phantasms
A/SouthAustralia/2528213921/2025	The Walk	#4CCB7F	The Arsenal of Freedom
A/SouthAustralia/2528214211/2025	Elegy	#B084F5	The Arsenal of Freedom
A/SouthAustralia/2528300275/2025	Elegy	#B084F5	Journey's End
A/SouthAustralia/2528302104/2025	The End	#C48A5A	Q Who
A/SouthAustralia/2528309821/2025	The End	#C48A5A	Up the Long Ladder
A/SouthAustralia/2528311672/2025	Elegy	#B084F5	Unnatural Selection
A/SouthAustralia/2528312765/2025	Field Trip	#FFD23F	Journey's End
A/SouthAustralia/2528312885/2025	Anasazi	#F47CC3	Unnatural Selection
A/SouthAustralia/2528313920/2025	Elegy	#B084F5	Unnatural Selection
A/SouthAustralia/2528314240/2025	The Walk	#4CCB7F	Up the Long Ladder
A/SouthAustralia/2528314785/2025	Anasazi	#F47CC3	Unnatural Selection
A/SouthAustralia/2528314807/2025	Field Trip	#FFD23F	11001001
A/SouthAustralia/2528315249/2025	Musings of a Cigarette Smoking Man	#FF9F40	Family
A/SouthAustralia/2528400231/2025	The Walk	#4CCB7F	11001001
A/SouthAustralia/2528400512/2025	Clyde Bruckman's Final Repose	#9E9E9E	The Price
A/SouthAustralia/2528400920/2025	Musings of a Cigarette Smoking Man	#FF9F40	11001001
A/SouthAustralia/2528403000/2025	Elegy	#B084F5	The Price
A/SouthAustralia/2528403264/2025	The End	#C48A5A	Up the Long Ladder
A/SouthAustralia/2528405490/2025	Jose Chung's From Outer Space	#3FD5D0	The Arsenal of Freedom
A/SouthAustralia/2528405684/2025	Field Trip	#FFD23F	Phantasms
A/SouthAustralia/2528406557/2025	Anasazi	#F47CC3	Unnatural Selection
A/SouthAustralia/2528406928/2025	Ghouli	#FF6F69	Q Who
A/SouthAustralia/2528407280/2025	Jose Chung's From Outer Space	#3FD5D0	Phantasms
A/SouthAustralia/2528407430/2025	Field Trip	#FFD23F	11001001
A/SouthAustralia/2528500455/2025	Musings of a Cigarette Smoking Man	#FF9F40	Conundrum
A/SouthAustralia/2528503266/2025	Field Trip	#FFD23F	11001001
A/SouthAustralia/2528503274/2025	Anasazi	#F47CC3	The Arsenal of Freedom
A/SouthAustralia/2528503459/2025	Jose Chung's From Outer Space	#3FD5D0	Family
A/SouthAustralia/2528601995/2025	Elegy	#B084F5	The Price
A/SouthAustralia/2528611776/2025	Field Trip	#FFD23F	Phantasms
A/SouthAustralia/2528612741/2025	The End	#C48A5A	Phantasms
A/SouthAustralia/2528613898/2025	Anasazi	#F47CC3	Unnatural Selection
A/SouthAustralia/2528614428/2025	Ghouli	#FF6F69	Unnatural Selection
A/SouthAustralia/2528614912/2025	Musings of a Cigarette Smoking Man	#FF9F40	The Price
A/SouthAustralia/2528615010/2025	Anasazi	#F47CC3	Conundrum
A/SouthAustralia/2528615017/2025	Jose Chung's From Outer Space	#3FD5D0	The Price
A/SouthAustralia/2528616481/2025	Ghouli	#FF6F69	Journey's End
A/SouthAustralia/2528700001/2025	Field Trip	#FFD23F	Conundrum
A/SouthAustralia/2528700377/2025	Musings of a Cigarette Smoking Man	#FF9F40	The Arsenal of Freedom
A/SouthAustralia/2528700520/2025	Elegy	#B084F5	Phantasms
A/SouthAustralia/2528700992/2025	Clyde Bruckman's Final Repose	#9E9E9E	The Arsenal of Freedom
A/SouthAustralia/2528701309/2025	The Walk	#4CCB7F	Conundrum
A/SouthAustralia/2528707271/2025	Musings of a Cigarette Smoking Man	#FF9F40	11001001
A/SouthAustralia/2528707658/2025	Anasazi	#F47CC3	Conundrum
A/SouthAustralia/2528712633/2025	The End	#C48A5A	The Price
A/SouthAustralia/2528715207/2025	Field Trip	#FFD23F	Journey's End
A/SouthAustralia/2528715660/2025	The End	#C48A5A	11001001
A/SouthAustralia/2528800642/2025	Clyde Bruckman's Final Repose	#9E9E9E	The Arsenal of Freedom
A/SouthAustralia/2528801030/2025	Anasazi	#F47CC3	Up the Long Ladder
A/SouthAustralia/2528804247/2025	Jose Chung's From Outer Space	#3FD5D0	Unnatural Selection
A/SouthAustralia/2528807329/2025	Anasazi	#F47CC3	The Arsenal of Freedom
A/SouthAustralia/2528808459/2025	Hollywood A.D.	#6BA3E6	Conundrum
A/SouthAustralia/2528809684/2025	The End	#C48A5A	Conundrum
A/SouthAustralia/2528810148/2025	Musings of a Cigarette Smoking Man	#FF9F40	Unnatural Selection
A/SouthAustralia/2528810345/2025	Anasazi	#F47CC3	Phantasms
A/SouthAustralia/2528811212/2025	Field Trip	#FFD23F	The Arsenal of Freedom
A/SouthAustralia/2528811277/2025	Elegy	#B084F5	Up the Long Ladder
A/SouthAustralia/2528811560/2025	The End	#C48A5A	The Price
A/SouthAustralia/2528811924/2025	The Walk	#4CCB7F	11001001
A/SouthAustralia/2528815054/2025	Elegy	#B084F5	11001001
A/SouthAustralia/2528905376/2025	The Walk	#4CCB7F	Up the Long Ladder
A/SouthAustralia/2528905614/2025	Ghouli	#FF6F69	Family
A/SouthAustralia/2528907046/2025	Ghouli	#FF6F69	11001001
A/SouthAustralia/2528907099/2025	The End	#C48A5A	Family
A/SouthAustralia/2528908773/2025	Musings of a Cigarette Smoking Man	#FF9F40	Phantasms
A/SouthAustralia/2528910997/2025	Clyde Bruckman's Final Repose	#9E9E9E	Phantasms
A/SouthAustralia/2528911255/2025	Jose Chung's From Outer Space	#3FD5D0	Family
A/SouthAustralia/2528912947/2025	The Walk	#4CCB7F	The Arsenal of Freedom
A/SouthAustralia/2528914756/2025	Hollywood A.D.	#6BA3E6	Family
A/SouthAustralia/2528914797/2025	Elegy	#B084F5	Q Who
A/SouthAustralia/2529002446/2025	Field Trip	#FFD23F	Up the Long Ladder
A/SouthAustralia/2529007437/2025	Clyde Bruckman's Final Repose	#9E9E9E	The Price
A/SouthAustralia/2529009248/2025	Clyde Bruckman's Final Repose	#9E9E9E	Unnatural Selection
A/SouthAustralia/2529010193/2025	The Walk	#4CCB7F	11001001
A/SouthAustralia/2529012690/2025	Musings of a Cigarette Smoking Man	#FF9F40	The Price
A/SouthAustralia/2529012764/2025	Elegy	#B084F5	Conundrum
A/SouthAustralia/2529014315/2025	Elegy	#B084F5	Conundrum
A/SouthAustralia/2529100563/2025	Hollywood A.D.	#6BA3E6	Journey's End
A/SouthAustralia/2529107435/2025	Elegy	#B084F5	11001001
A/SouthAustralia/2529108533/2025	Elegy	#B084F5	Unnatural Selection
A/SouthAustralia/2529404551/2025	The Walk	#4CCB7F	Q Who
A/SouthAustralia/2529409624/2025	Clyde Bruckman's Final Repose	#9E9E9E	Journey's End
A/SouthAustralia/2529411891/2025	Hollywood A.D.	#6BA3E6	The Arsenal of Freedom
A/SouthAustralia/2529414960/2025	Ghouli	#FF6F69	Conundrum
A/SouthAustralia/2529415055/2025	Jose Chung's From Outer Space	#3FD5D0	Journey's End
A/SouthAustralia/2529415074/2025	Elegy	#B084F5	Family
A/SouthAustralia/2529415132/2025	Musings of a Cigarette Smoking Man	#FF9F40	11001001
A/SouthAustralia/2529502694/2025	Ghouli	#FF6F69	11001001
A/SouthAustralia/2529504007/2025	The End	#C48A5A	The Arsenal of Freedom
A/SouthAustralia/2529504898/2025	Musings of a Cigarette Smoking Man	#FF9F40	The Arsenal of Freedom
A/SouthAustralia/2529512312/2025	Jose Chung's From Outer Space	#3FD5D0	11001001
A/SouthAustralia/2529512330/2025	Musings of a Cigarette Smoking Man	#FF9F40	Q Who
A/SouthAustralia/2529514862/2025	Field Trip	#FFD23F	Journey's End
A/SouthAustralia/2529515376/2025	Elegy	#B084F5	The Arsenal of Freedom
A/SouthAustralia/2529602376/2025	Field Trip	#FFD23F	Unnatural Selection
A/SouthAustralia/2529606520/2025	Field Trip	#FFD23F	Q Who
A/SouthAustralia/2529609407/2025	Musings of a Cigarette Smoking Man	#FF9F40	Up the Long Ladder
A/SouthAustralia/2529609670/2025	Clyde Bruckman's Final Repose	#9E9E9E	Up the Long Ladder
A/SouthAustralia/2529609869/2025	Field Trip	#FFD23F	The Arsenal of Freedom
A/SouthAustralia/2529609921/2025	Musings of a Cigarette Smoking Man	#FF9F40	Conundrum
A/SouthAustralia/2529610747/2025	Elegy	#B084F5	Journey's End
A/SouthAustralia/2529613689/2025	Ghouli	#FF6F69	Journey's End
A/SouthAustralia/2529614356/2025	Elegy	#B084F5	The Arsenal of Freedom
A/SouthAustralia/2529614403/2025	Clyde Bruckman's Final Repose	#9E9E9E	Journey's End
A/SouthAustralia/2529614701/2025	The End	#C48A5A	Up the Long Ladder
A/SouthAustralia/2529614848/2025	Musings of a Cigarette Smoking Man	#FF9F40	The Price
A/SouthAustralia/2529700267/2025	Jose Chung's From Outer Space	#3FD5D0	Phantasms
A/SouthAustralia/2529704411/2025	Clyde Bruckman's Final Repose	#9E9E9E	Unnatural Selection
A/SouthAustralia/2529705181/2025	Clyde Bruckman's Final Repose	#9E9E9E	Family
A/SouthAustralia/2529705246/2025	Ghouli	#FF6F69	Up the Long Ladder
A/SouthAustralia/2529707484/2025	Clyde Bruckman's Final Repose	#9E9E9E	11001001
A/SouthAustralia/2529712105/2025	Ghouli	#FF6F69	Family
A/SouthAustralia/2529712225/2025	Jose Chung's From Outer Space	#3FD5D0	The Arsenal of Freedom
A/SouthAustralia/2529712439/2025	Musings of a Cigarette Smoking Man	#FF9F40	Unnatural Selection
A/SouthAustralia/2529714166/2025	Ghouli	#FF6F69	Q Who
A/SouthAustralia/2529805051/2025	The Walk	#4CCB7F	11001001
A/SouthAustralia/2529806835/2025	Clyde Bruckman's Final Repose	#9E9E9E	Phantasms
A/SouthAustralia/2529807308/2025	Musings of a Cigarette Smoking Man	#FF9F40	The Price
A/SouthAustralia/2529807603/2025	Musings of a Cigarette Smoking Man	#FF9F40	The Arsenal of Freedom
A/SouthAustralia/2529807667/2025	Anasazi	#F47CC3	Conundrum
A/SouthAustralia/2529807952/2025	Musings of a Cigarette Smoking Man	#FF9F40	Journey's End
A/SouthAustralia/2529808591/2025	Musings of a Cigarette Smoking Man	#FF9F40	Phantasms
A/SouthAustralia/2529808759/2025	Ghouli	#FF6F69	The Arsenal of Freedom
A/SouthAustralia/2529903748/2025	The End	#C48A5A	The Price
A/SouthAustralia/2529904003/2025	Hollywood A.D.	#6BA3E6	The Arsenal of Freedom
A/SouthAustralia/2529905450/2025	Anasazi	#F47CC3	Q Who
A/SouthAustralia/2530000318/2025	Elegy	#B084F5	Q Who
A/SouthAustralia/2530008359/2025	Ghouli	#FF6F69	Conundrum
A/SouthAustralia/2530009856/2025	The End	#C48A5A	Unnatural Selection
A/SouthAustralia/2530009982/2025	Clyde Bruckman's Final Repose	#9E9E9E	The Arsenal of Freedom
A/SouthAustralia/2530012091/2025	Musings of a Cigarette Smoking Man	#FF9F40	The Arsenal of Freedom
A/SouthAustralia/2530013180/2025	Ghouli	#FF6F69	The Arsenal of Freedom
A/SouthAustralia/2530015541/2025	Clyde Bruckman's Final Repose	#9E9E9E	Phantasms
A/SouthAustralia/2530015937/2025	Ghouli	#FF6F69	The Arsenal of Freedom
A/SouthAustralia/2530016148/2025	The End	#C48A5A	Q Who
A/SouthAustralia/2530105190/2025	Ghouli	#FF6F69	The Price
A/SouthAustralia/2530108673/2025	Ghouli	#FF6F69	Up the Long Ladder
A/SouthAustralia/2530109195/2025	Hollywood A.D.	#6BA3E6	Journey's End
A/SouthAustralia/2530110548/2025	Clyde Bruckman's Final Repose	#9E9E9E	The Arsenal of Freedom
A/SouthAustralia/2530111500/2025	Ghouli	#FF6F69	Journey's End
A/SouthAustralia/2530114706/2025	The Walk	#4CCB7F	Family
A/SouthAustralia/2530114845/2025	Jose Chung's From Outer Space	#3FD5D0	Conundrum
A/SouthAustralia/2530114848/2025	Jose Chung's From Outer Space	#3FD5D0	Conundrum
A/SouthAustralia/2530114903/2025	Hollywood A.D.	#6BA3E6	Conundrum
A/SouthAustralia/2530115063/2025	Hollywood A.D.	#6BA3E6	Journey's End
A/SouthAustralia/2530115239/2025	Musings of a Cigarette Smoking Man	#FF9F40	The Price
A/SouthAustralia/2530201843/2025	Jose Chung's From Outer Space	#3FD5D0	Phantasms
A/SouthAustralia/2530202733/2025	Clyde Bruckman's Final Repose	#9E9E9E	The Arsenal of Freedom
A/SouthAustralia/2530207024/2025	Hollywood A.D.	#6BA3E6	Up the Long Ladder
A/SouthAustralia/2530208549/2025	Musings of a Cigarette Smoking Man	#FF9F40	Family
A/SouthAustralia/2530211031/2025	The End	#C48A5A	Unnatural Selection
A/SouthAustralia/2530211196/2025	Ghouli	#FF6F69	Phantasms
A/SouthAustralia/2530211482/2025	Hollywood A.D.	#6BA3E6	Family
A/SouthAustralia/2530213259/2025	Jose Chung's From Outer Space	#3FD5D0	The Arsenal of Freedom
A/SouthAustralia/2530213286/2025	Anasazi	#F47CC3	The Price
A/SouthAustralia/2530213542/2025	Hollywood A.D.	#6BA3E6	Phantasms
A/SouthAustralia/2530213648/2025	Anasazi	#F47CC3	Q Who
A/SouthAustralia/2530215365/2025	The Walk	#4CCB7F	The Arsenal of Freedom
A/SouthAustralia/2530300172/2025	Musings of a Cigarette Smoking Man	#FF9F40	Journey's End
A/SouthAustralia/2530300383/2025	Ghouli	#FF6F69	The Price
A/SouthAustralia/2530302874/2025	The Walk	#4CCB7F	Family
A/SouthAustralia/2530303654/2025	Musings of a Cigarette Smoking Man	#FF9F40	11001001
A/SouthAustralia/2530306361/2025	Ghouli	#FF6F69	Unnatural Selection
A/SouthAustralia/2530306733/2025	Hollywood A.D.	#6BA3E6	The Price
A/SouthAustralia/2530308185/2025	Musings of a Cigarette Smoking Man	#FF9F40	The Arsenal of Freedom
A/SouthAustralia/2530308719/2025	Musings of a Cigarette Smoking Man	#FF9F40	Conundrum
A/SouthAustralia/2530308749/2025	Clyde Bruckman's Final Repose	#9E9E9E	Phantasms
A/SouthAustralia/2530309176/2025	Clyde Bruckman's Final Repose	#9E9E9E	11001001
A/SouthAustralia/2530309313/2025	Jose Chung's From Outer Space	#3FD5D0	Journey's End
A/SouthAustralia/2530309766/2025	The Walk	#4CCB7F	Journey's End
A/SouthAustralia/2530311728/2025	The Walk	#4CCB7F	Phantasms
A/SouthAustralia/2530312268/2025	Ghouli	#FF6F69	Journey's End
A/SouthAustralia/2530312626/2025	Hollywood A.D.	#6BA3E6	Conundrum
A/SouthAustralia/2530312782/2025	Musings of a Cigarette Smoking Man	#FF9F40	Journey's End
A/SouthAustralia/2530312920/2025	Hollywood A.D.	#6BA3E6	Family
A/SouthAustralia/2530313139/2025	Ghouli	#FF6F69	Journey's End
A/SouthAustralia/2530313752/2025	The End	#C48A5A	The Arsenal of Freedom
A/SouthAustralia/2530314225/2025	The End	#C48A5A	Conundrum
A/SouthAustralia/2530314253/2025	Elegy	#B084F5	Journey's End
A/SouthAustralia/2530314387/2025	Anasazi	#F47CC3	11001001
A/SouthAustralia/2530314503/2025	The Walk	#4CCB7F	Unnatural Selection
A/SouthAustralia/2530314933/2025	Field Trip	#FFD23F	Unnatural Selection
A/SouthAustralia/2530314987/2025	Ghouli	#FF6F69	Phantasms
A/SouthAustralia/2530400212/2025	The Walk	#4CCB7F	The Arsenal of Freedom
A/SouthAustralia/2530404496/2025	Elegy	#B084F5	Journey's End
A/SouthAustralia/2530411315/2025	Clyde Bruckman's Final Repose	#9E9E9E	Up the Long Ladder
A/SouthAustralia/2530412463/2025	Jose Chung's From Outer Space	#3FD5D0	The Arsenal of Freedom
A/SouthAustralia/2530414076/2025	Anasazi	#F47CC3	Up the Long Ladder
A/SouthAustralia/2530414332/2025	Hollywood A.D.	#6BA3E6	11001001
A/SouthAustralia/2530414362/2025	Elegy	#B084F5	The Price
A/SouthAustralia/299/2023	Elegy	#B084F5	Conundrum
A/SouthAustralia/98/2025	Musings of a Cigarette Smoking Man	#FF9F40	Unnatural Selection
A/SouthCarolina/14261/2023	Musings of a Cigarette Smoking Man	#FF9F40	The Arsenal of Freedom
A/SouthCarolina/16365/2025	Field Trip	#FFD23F	Journey's End
A/SouthDakota/47/2025	The End	#C48A5A	Q Who
A/SouthKorea/16370/2025	Hollywood A.D.	#6BA3E6	Unnatural Selection
A/SouthKorea/16371/2025	The End	#C48A5A	The Price
A/SouthKorea/16372/2025	Clyde Bruckman's Final Repose	#9E9E9E	Phantasms
A/SouthSudan/GS252261/2025	Elegy	#B084F5	Up the Long Ladder
A/SouthSudan/GS252270/2025	Elegy	#B084F5	11001001
A/SouthSudan/GS252273/2025	Field Trip	#FFD23F	11001001
A/South_Queensland/130/2025	Clyde Bruckman's Final Repose	#9E9E9E	The Price
A/South_Queensland/19/2025	The End	#C48A5A	11001001
A/Spain/HCB-000105/2025	Anasazi	#F47CC3	Unnatural Selection
A/Spain/HCB-000106/2025	Anasazi	#F47CC3	The Arsenal of Freedom
A/Spain/HCB-000109/2025	Clyde Bruckman's Final Repose	#9E9E9E	Up the Long Ladder
A/Spain/HCB-000110/2025	Musings of a Cigarette Smoking Man	#FF9F40	11001001
A/Spain/HCB-000112/2025	Anasazi	#F47CC3	Family
A/Spain/HCB-000114/2025	Field Trip	#FFD23F	The Arsenal of Freedom
A/Spain/HCB-000116/2025	Musings of a Cigarette Smoking Man	#FF9F40	Phantasms
A/Spain/HCB-000119/2025	Musings of a Cigarette Smoking Man	#FF9F40	The Arsenal of Freedom
A/Spain/HCB-000120/2025	The End	#C48A5A	Family
A/Spain/HCB-000122/2025	Anasazi	#F47CC3	Q Who
A/Spain/HCB-000123/2025	Ghouli	#FF6F69	Conundrum
A/Spain/HCB-000125/2025	Jose Chung's From Outer Space	#3FD5D0	11001001
A/Spain/HCB-000126/2025	The End	#C48A5A	Journey's End
A/Spain/HCB-000127/2025	Hollywood A.D.	#6BA3E6	11001001
A/Spain/HCB-000128/2025	Clyde Bruckman's Final Repose	#9E9E9E	The Arsenal of Freedom
A/Spain/HCB-000129/2025	The End	#C48A5A	Journey's End
A/Spain/VC-CVA_PES-001907/2025	Hollywood A.D.	#6BA3E6	The Arsenal of Freedom
A/SriLanka/1/2022	Elegy	#B084F5	11001001
A/SriLanka/21/2025	Hollywood A.D.	#6BA3E6	Journey's End
A/SriLanka/34/2019	Musings of a Cigarette Smoking Man	#FF9F40	Journey's End
A/SriLanka/43/2024	Elegy	#B084F5	Q Who
A/SriLanka/58/2025	Field Trip	#FFD23F	11001001
A/SriLanka/64/2025	Musings of a Cigarette Smoking Man	#FF9F40	11001001
A/SriLanka/67/2025	The Walk	#4CCB7F	Q Who
A/SriLanka/68/2025	Hollywood A.D.	#6BA3E6	Family
A/SriLanka/69/2025	Musings of a Cigarette Smoking Man	#FF9F40	Conundrum
A/SriLanka/71/2025	The Walk	#4CCB7F	The Arsenal of Freedom
A/SriLanka/77/2025	Hollywood A.D.	#6BA3E6	Conundrum
A/SriLanka/79/2025	Musings of a Cigarette Smoking Man	#FF9F40	The Arsenal of Freedom
A/SriLanka/8/2022	Elegy	#B084F5	Phantasms
A/SriLanka/91/2024	Field Trip	#FFD23F	The Arsenal of Freedom
A/StAsaph/9490/2025	Jose Chung's From Outer Space	#3FD5D0	Phantasms
A/StPeterburg/84/CRIE/2025	Jose Chung's From Outer Space	#3FD5D0	Unnatural Selection
A/StPeterburg/85/CRIE/2025	Anasazi	#F47CC3	Family
A/StPeterburg/86/CRIE/2025	Musings of a Cigarette Smoking Man	#FF9F40	Journey's End
A/Stavropol_Krai/108-2V/2025	Anasazi	#F47CC3	Unnatural Selection
A/Stavropol_Krai/108-3V/2025	Elegy	#B084F5	Q Who
A/Stockholm/SE25-52179/2025	Field Trip	#FFD23F	Family
A/Stockholm/SE25-52284/2025	Anasazi	#F47CC3	The Price
A/Stockholm/SE25-52386/2025	The End	#C48A5A	The Price
A/Stockholm/SE25-52975/2025	The End	#C48A5A	Conundrum
A/Sully/3814/2025	Anasazi	#F47CC3	Unnatural Selection
A/Sumare/LEIAL6891/2025	Ghouli	#FF6F69	Phantasms
A/Sundsvall/SE25-11993/2025	Anasazi	#F47CC3	Unnatural Selection
A/SuratThani/B203/2025	Ghouli	#FF6F69	Up the Long Ladder
A/SuratThani/P2832/2025	Field Trip	#FFD23F	Unnatural Selection
A/SuratThani/P3169/2025	Musings of a Cigarette Smoking Man	#FF9F40	Journey's End
A/SuratThani/P3371/2025	Musings of a Cigarette Smoking Man	#FF9F40	Unnatural Selection
A/SuratThani/P3553/2025	Musings of a Cigarette Smoking Man	#FF9F40	The Price
A/SuratThani/P3556/2025	Jose Chung's From Outer Space	#3FD5D0	Conundrum
A/SuratThani/P3564/2025	Elegy	#B084F5	The Arsenal of Freedom
A/SuratThani/P3771/2025	Musings of a Cigarette Smoking Man	#FF9F40	Phantasms
A/SuratThani/P4127/2025	Anasazi	#F47CC3	Unnatural Selection
A/SuratThani/P4366/2025	The Walk	#4CCB7F	11001001
A/SuratThani/P4521/2025	The Walk	#4CCB7F	Family
A/SuratThani/P4527/2025	The End	#C48A5A	Up the Long Ladder
A/Suzhou/S02/2025	Jose Chung's From Outer Space	#3FD5D0	11001001
A/Suzhou/S03/2025	Elegy	#B084F5	The Arsenal of Freedom
A/Suzhou/S04/2025	The End	#C48A5A	Unnatural Selection
A/Suzhou/S05/2025	The Walk	#4CCB7F	Journey's End
A/Suzhou/S06/2025	The End	#C48A5A	Unnatural Selection
A/Suzhou/S07/2025	Musings of a Cigarette Smoking Man	#FF9F40	Unnatural Selection
A/Suzhou/S08/2025	Field Trip	#FFD23F	The Arsenal of Freedom
A/Suzhou/S09/2025	Musings of a Cigarette Smoking Man	#FF9F40	The Price
A/Suzhou/S10/2025	Clyde Bruckman's Final Repose	#9E9E9E	Q Who
A/Switzerland/59652/2024_E3	Elegy	#B084F5	Up the Long Ladder
A/Switzerland/8649/2023_E3Am1Al2	Anasazi	#F47CC3	Unnatural Selection
A/Switzerland/8649/2023_SIAT1	Ghouli	#FF6F69	The Arsenal of Freedom
A/Sydney/1359/2024_SIAT1	The Walk	#4CCB7F	Family
A/Sydney/16/2025_SIAT1	Anasazi	#F47CC3	The Price
A/Sydney/429/2025	Musings of a Cigarette Smoking Man	#FF9F40	Conundrum
A/Sydney/434/2025	Field Trip	#FFD23F	Q Who
A/Sydney/435/2025	Elegy	#B084F5	11001001
A/Sydney/449/2025	Jose Chung's From Outer Space	#3FD5D0	Up the Long Ladder
A/Sydney/465/2019	The Walk	#4CCB7F	Family
A/Sydney/514/2025	The Walk	#4CCB7F	Q Who
A/Sydney/578/2025	The End	#C48A5A	Journey's End
A/Sydney/68/2025_SIAT1	Hollywood A.D.	#6BA3E6	Phantasms
A/Sydney/699/2025	Clyde Bruckman's Final Repose	#9E9E9E	The Arsenal of Freedom
A/Sydney/703/2025	Jose Chung's From Outer Space	#3FD5D0	Family
A/Sydney/711/2024_Original	Clyde Bruckman's Final Repose	#9E9E9E	Phantasms
A/Sydney/726/2025	The Walk	#4CCB7F	The Arsenal of Freedom
A/Sydney/730/2025	The Walk	#4CCB7F	Unnatural Selection
A/Sydney/732/2022_SIAT3	Hollywood A.D.	#6BA3E6	Up the Long Ladder
A/Sydney/732/2025	Field Trip	#FFD23F	The Price
A/Sydney/747/2025	Field Trip	#FFD23F	Up the Long Ladder
A/Sydney/75/2025	Musings of a Cigarette Smoking Man	#FF9F40	The Arsenal of Freedom
A/Sydney/758/2025	Field Trip	#FFD23F	11001001
A/Sydney/764/2025	The Walk	#4CCB7F	11001001
A/Sydney/766/2025	Ghouli	#FF6F69	The Price
A/Sydney/767/2025	Field Trip	#FFD23F	11001001
A/Sydney/769/2025	Anasazi	#F47CC3	The Price
A/Sydney/775/2025	Elegy	#B084F5	The Arsenal of Freedom
A/Sydney/776/2025	Clyde Bruckman's Final Repose	#9E9E9E	11001001
A/Sydney/777/2025	Musings of a Cigarette Smoking Man	#FF9F40	Unnatural Selection
A/Sydney/779/2025	Jose Chung's From Outer Space	#3FD5D0	11001001
A/Sydney/780/2025	Anasazi	#F47CC3	Q Who
A/Sydney/783/2025	Clyde Bruckman's Final Repose	#9E9E9E	The Price
A/Sydney/786/2025	The Walk	#4CCB7F	Phantasms
A/Sydney/788/2025	Elegy	#B084F5	11001001
A/Sydney/795/2025	Hollywood A.D.	#6BA3E6	11001001
A/Sydney/796/2025	Ghouli	#FF6F69	The Arsenal of Freedom
A/Sydney/797/2025	Elegy	#B084F5	Journey's End
A/Sydney/799/2025	The End	#C48A5A	The Arsenal of Freedom
A/Sydney/800/2025	The Walk	#4CCB7F	Q Who
A/Sydney/801/2025	Clyde Bruckman's Final Repose	#9E9E9E	11001001
A/Sydney/802/2025	The Walk	#4CCB7F	Unnatural Selection
A/Sydney/803/2025	Field Trip	#FFD23F	Q Who
A/Sydney/804/2025	Anasazi	#F47CC3	Journey's End
A/Sydney/806/2025	The Walk	#4CCB7F	11001001
A/Sydney/809/2025	Jose Chung's From Outer Space	#3FD5D0	Phantasms
A/Sydney/810/2025	Musings of a Cigarette Smoking Man	#FF9F40	The Arsenal of Freedom
A/Sydney/811/2025	Jose Chung's From Outer Space	#3FD5D0	The Price
A/Sydney/812/2025	Clyde Bruckman's Final Repose	#9E9E9E	Journey's End
A/Sydney/813/2025	The Walk	#4CCB7F	Journey's End
A/Sydney/815/2025	Hollywood A.D.	#6BA3E6	Up the Long Ladder
A/Sydney/816/2025	Anasazi	#F47CC3	Family
A/Sydney/817/2025	Clyde Bruckman's Final Repose	#9E9E9E	Family
A/Sydney/818/2025	The End	#C48A5A	11001001
A/Sydney/822/2025	Clyde Bruckman's Final Repose	#9E9E9E	Up the Long Ladder
A/Sydney/823/2025	The Walk	#4CCB7F	Phantasms
A/Sydney/824/2025	The End	#C48A5A	Q Who
A/Sydney/825/2025	Clyde Bruckman's Final Repose	#9E9E9E	Q Who
A/Sydney/826/2025	Hollywood A.D.	#6BA3E6	Up the Long Ladder
A/Sydney/827/2025	The End	#C48A5A	Family
A/Sydney/828/2025	Field Trip	#FFD23F	Up the Long Ladder
A/Sydney/829/2025	The End	#C48A5A	Journey's End
A/Sydney/831/2025	Ghouli	#FF6F69	The Price
A/Sydney/832/2025	The End	#C48A5A	Up the Long Ladder
A/Sydney/833/2025	The End	#C48A5A	Q Who
A/Sydney/834/2025	Anasazi	#F47CC3	The Arsenal of Freedom
A/Sydney/837/2025	The End	#C48A5A	Conundrum
A/Sydney/838/2025	Ghouli	#FF6F69	Q Who
A/Sydney/839/2025	The End	#C48A5A	11001001
A/Sydney/840/2025	The End	#C48A5A	Q Who
A/Sydney/841/2025	The Walk	#4CCB7F	The Price
A/Sydney/842/2025	The End	#C48A5A	Family
A/Sydney/843/2025	Ghouli	#FF6F69	Family
A/Sydney/845/2025	Musings of a Cigarette Smoking Man	#FF9F40	The Price
A/Sydney/847/2025	Jose Chung's From Outer Space	#3FD5D0	11001001
A/Sydney/848/2025	Hollywood A.D.	#6BA3E6	Conundrum
A/Sydney/849/2025	Jose Chung's From Outer Space	#3FD5D0	The Price
A/Sydney/850/2025	Clyde Bruckman's Final Repose	#9E9E9E	11001001
A/Sydney/851/2025	The End	#C48A5A	11001001
A/Sydney/852/2025	Jose Chung's From Outer Space	#3FD5D0	Family
A/Sydney/853/2025	Ghouli	#FF6F69	Q Who
A/Sydney/853/2025_SIAT2	Clyde Bruckman's Final Repose	#9E9E9E	Phantasms
A/Sydney/854/2025	Ghouli	#FF6F69	Up the Long Ladder
A/Sydney/855/2025	Jose Chung's From Outer Space	#3FD5D0	Q Who
A/Sydney/856/2023_S1	Ghouli	#FF6F69	Phantasms
A/Sydney/856/2025	Musings of a Cigarette Smoking Man	#FF9F40	Up the Long Ladder
A/Sydney/857/2025	The Walk	#4CCB7F	Phantasms
A/Sydney/858/2025	Ghouli	#FF6F69	Q Who
A/Sydney/859/2025	Anasazi	#F47CC3	Up the Long Ladder
A/Sydney/860/2025	Ghouli	#FF6F69	Unnatural Selection
A/Sydney/861/2025	The Walk	#4CCB7F	The Arsenal of Freedom
A/Sydney/862/2025	The End	#C48A5A	Unnatural Selection
A/Sydney/863/2025	The Walk	#4CCB7F	Family
A/Sydney/864/2025	Field Trip	#FFD23F	Q Who
A/Sydney/865/2025	Jose Chung's From Outer Space	#3FD5D0	Q Who
A/Sydney/866/2025	Anasazi	#F47CC3	Up the Long Ladder
A/Sydney/867/2025	The End	#C48A5A	Phantasms
A/Sydney/868/2025	Clyde Bruckman's Final Repose	#9E9E9E	Up the Long Ladder
A/Sydney/869/2025	Ghouli	#FF6F69	11001001
A/Sydney/870/2025	Clyde Bruckman's Final Repose	#9E9E9E	Unnatural Selection
A/Sydney/871/2025	The Walk	#4CCB7F	Family
A/Sydney/872/2025	Jose Chung's From Outer Space	#3FD5D0	Family
A/Sydney/873/2025	Anasazi	#F47CC3	Up the Long Ladder
A/Sydney/874/2025	Musings of a Cigarette Smoking Man	#FF9F40	Phantasms
A/Sydney/875/2025	Musings of a Cigarette Smoking Man	#FF9F40	The Price
A/Sydney/876/2025	Jose Chung's From Outer Space	#3FD5D0	Family
A/Sydney/877/2025	Jose Chung's From Outer Space	#3FD5D0	Conundrum
A/Sydney/879/2025	The Walk	#4CCB7F	Conundrum
A/Sydney/880/2025	Hollywood A.D.	#6BA3E6	Conundrum
A/Sydney/882/2025	Hollywood A.D.	#6BA3E6	Conundrum
A/Sydney/883/2025	Ghouli	#FF6F69	Phantasms
A/Sydney/884/2025	Field Trip	#FFD23F	Unnatural Selection
A/TOCHIGI/1075/2025	Field Trip	#FFD23F	Journey's End
A/TOCHIGI/1107/2025	Field Trip	#FFD23F	Up the Long Ladder
A/TOCHIGI/25878/2025	Hollywood A.D.	#6BA3E6	Conundrum
A/TOKYO/EIS11-465/2025	Musings of a Cigarette Smoking Man	#FF9F40	Phantasms
A/TOKYO/EIS11-538/2025	Jose Chung's From Outer Space	#3FD5D0	11001001
A/TOKYO/EIS13-299/2025	The End	#C48A5A	Up the Long Ladder
A/TOKYO/EIS13-323/2025	The End	#C48A5A	The Arsenal of Freedom
A/TOKYO/EIS13-337/2025	Ghouli	#FF6F69	Q Who
A/TOKYO/EIS13-339/2025	The End	#C48A5A	The Price
A/TOKYO/EIS13-345/2025	The Walk	#4CCB7F	11001001
A/TOKYO/EIS13-355/2025	Elegy	#B084F5	Up the Long Ladder
A/TOKYO/EIS13-355/2025_hCK02	Musings of a Cigarette Smoking Man	#FF9F40	Family
A/TOKYO/EIS13-360/2025	Field Trip	#FFD23F	Unnatural Selection
A/TOKYO/EIS13-399/2025	Hollywood A.D.	#6BA3E6	The Arsenal of Freedom
A/TOKYO/EIS13-422/2025	Jose Chung's From Outer Space	#3FD5D0	Family
A/TOKYO/EIS13-445/2025	Anasazi	#F47CC3	Family
A/TOKYO/EIS13-452/2025	The Walk	#4CCB7F	Family
A/TOKYO/EIS13-453/2025	The End	#C48A5A	Up the Long Ladder
A/TOKYO/EIS13-454/2025	Ghouli	#FF6F69	Conundrum
A/TOKYO/EIS13-455/2025	Field Trip	#FFD23F	The Arsenal of Freedom
A/TOKYO/EIS13-462/2025	Clyde Bruckman's Final Repose	#9E9E9E	Up the Long Ladder
A/TOKYO/EIS13-471/2025	Ghouli	#FF6F69	11001001
A/TOKYO/EIS13-476/2025	The Walk	#4CCB7F	Conundrum
A/TOKYO/EIS13-484/2025	Hollywood A.D.	#6BA3E6	Q Who
A/TOKYO/EIS13-489/2025	Field Trip	#FFD23F	The Price
A/TOKYO/EIS13-490/2025	Ghouli	#FF6F69	11001001
A/TOKYO/EIS13-500/2025	Musings of a Cigarette Smoking Man	#FF9F40	Journey's End
A/TOKYO/EIS13-501/2025	Field Trip	#FFD23F	Conundrum
A/TOKYO/EIS13-507/2025	Jose Chung's From Outer Space	#3FD5D0	Up the Long Ladder
A/TOKYO/EIS13-514/2025	The End	#C48A5A	Q Who
A/TOKYO/EIS13-515/2025	Ghouli	#FF6F69	Q Who
A/TOKYO/EIS13-522/2025	The Walk	#4CCB7F	11001001
A/TOKYO/EIS13-529/2025	Anasazi	#F47CC3	Family
A/TOKYO/EIS13-533/2025	Hollywood A.D.	#6BA3E6	Journey's End
A/TOKYO/EIS13-538/2025	Musings of a Cigarette Smoking Man	#FF9F40	Q Who
A/TOKYO/EIS13-543/2025	Field Trip	#FFD23F	Conundrum
A/TOKYO/EIS13-545/2025	The End	#C48A5A	Family
A/TOKYO/EIS13-552/2025	Hollywood A.D.	#6BA3E6	Journey's End
A/TOKYO/EIS13-558/2025	Ghouli	#FF6F69	Up the Long Ladder
A/TOKYO/EIS13-565/2025	Elegy	#B084F5	Journey's End
A/TOKYO/EIS13-570/2025	Field Trip	#FFD23F	The Arsenal of Freedom
A/TOKYO/EIS13-577/2025	The End	#C48A5A	Conundrum
A/TOKYO/EIS13-578/2025	Jose Chung's From Outer Space	#3FD5D0	Phantasms
A/TOKYO/EIS13-579/2025	The Walk	#4CCB7F	Conundrum
A/TOKYO/EIS13-589/2025	Field Trip	#FFD23F	The Arsenal of Freedom
A/TOKYO/EIS13-591/2025	Jose Chung's From Outer Space	#3FD5D0	The Arsenal of Freedom
A/TOKYO/EIS13-594/2025	Elegy	#B084F5	The Arsenal of Freedom
A/TOKYO/EIS13-599/2025	Musings of a Cigarette Smoking Man	#FF9F40	Unnatural Selection
A/TOKYO/EIS13-606/2025	Hollywood A.D.	#6BA3E6	11001001
A/TOKYO/EIS13-609/2025	Ghouli	#FF6F69	Up the Long Ladder
A/TOKYO/EIS13-610/2025	Hollywood A.D.	#6BA3E6	Family
A/TOKYO/EIS13-615/2025	Musings of a Cigarette Smoking Man	#FF9F40	The Arsenal of Freedom
A/TOKYO/EIS13-624/2025	Musings of a Cigarette Smoking Man	#FF9F40	11001001
A/TOKYO/EIS13-626/2025	The Walk	#4CCB7F	Journey's End
A/TOKYO/EIS13-627/2025	Hollywood A.D.	#6BA3E6	Family
A/TOKYO/EIS13-631/2025	Clyde Bruckman's Final Repose	#9E9E9E	Family
A/TOKYO/EIS13-633/2025	The Walk	#4CCB7F	11001001
A/TOKYO/EIS13-642/2025	Jose Chung's From Outer Space	#3FD5D0	The Arsenal of Freedom
A/TOKYO/EIS13-651/2025	Field Trip	#FFD23F	Journey's End
A/TOKYO/EIS13-652/2025	Field Trip	#FFD23F	The Arsenal of Freedom
A/TOKYO/EIS13-655/2025	Hollywood A.D.	#6BA3E6	Q Who
A/TOKYO/EIS13-666/2025	Field Trip	#FFD23F	Up the Long Ladder
A/TOKYO/EIS13-673/2025	Ghouli	#FF6F69	Conundrum
A/TOKYO/EIS13-674/2025	Anasazi	#F47CC3	Conundrum
A/TOKYO/EIS13-676/2025	Ghouli	#FF6F69	11001001
A/TOKYO/EIS13-678/2025	The End	#C48A5A	The Price
A/TOKYO/EIS13-682/2025	Field Trip	#FFD23F	Unnatural Selection
A/TOKYO/EIS13-689/2025	Hollywood A.D.	#6BA3E6	11001001
A/TOKYO/EIS13-692/2025	The End	#C48A5A	Unnatural Selection
A/TOKYO/EIS13-700/2025	Elegy	#B084F5	Family
A/TOKYO/EIS13-702/2025	Ghouli	#FF6F69	Phantasms
A/TOKYO/EIS13-705/2025	Ghouli	#FF6F69	The Price
A/TOKYO/EIS13-707/2025	The Walk	#4CCB7F	The Arsenal of Freedom
A/TOKYO/EIS13-708/2025	Hollywood A.D.	#6BA3E6	Conundrum
A/TOKYO/EIS13-710/2025	Ghouli	#FF6F69	Conundrum
A/TOKYO/EIS13-718/2025	Clyde Bruckman's Final Repose	#9E9E9E	Up the Long Ladder
A/TOKYO/EIS13-719/2025	Musings of a Cigarette Smoking Man	#FF9F40	Journey's End
A/TOKYO/EIS13-722/2025	Clyde Bruckman's Final Repose	#9E9E9E	Journey's End
A/TOKYO/EIS13-723/2025	Ghouli	#FF6F69	Family
A/TOKYO/EIS13-725/2025	The End	#C48A5A	Journey's End
A/TOKYO/EIS13-734/2025	Clyde Bruckman's Final Repose	#9E9E9E	The Arsenal of Freedom
A/TOKYO/EIS13-737/2025	The End	#C48A5A	Phantasms
A/TOKYO/EIS13-738/2025	The Walk	#4CCB7F	The Price
A/TOKYO/EIS13-742/2025	Hollywood A.D.	#6BA3E6	Up the Long Ladder
A/TOKYO/EIS13-743/2025	Anasazi	#F47CC3	Up the Long Ladder
A/TOKYO/EIS13-745/2025	Hollywood A.D.	#6BA3E6	11001001
A/TOKYO/EIS13-747/2025	Elegy	#B084F5	Q Who
A/TOKYO/EIS13-749/2025	The End	#C48A5A	The Arsenal of Freedom
A/TOKYO/EIS13-751/2025	Field Trip	#FFD23F	Q Who
A/TOKYO/EIS13-760/2025	Elegy	#B084F5	Unnatural Selection
A/TOKYO/EIS13-766/2025	Clyde Bruckman's Final Repose	#9E9E9E	Q Who
A/TOKYO/EIS13-771/2025	The End	#C48A5A	The Arsenal of Freedom
A/TOKYO/EIS13-774/2025	Ghouli	#FF6F69	11001001
A/TOKYO/EIS13-780/2025	The End	#C48A5A	Journey's End
A/TOKYO/EIS13-787/2025	Jose Chung's From Outer Space	#3FD5D0	Family
A/TOKYO/EIS13-790/2025	Anasazi	#F47CC3	Q Who
A/TOKYO/EIS13-792/2025	Anasazi	#F47CC3	The Arsenal of Freedom
A/TOKYO/EIS13-796/2025	Hollywood A.D.	#6BA3E6	Q Who
A/TOKYO/EIS13-798/2025	Anasazi	#F47CC3	11001001
A/TOKYO/EIS13-801/2025	Elegy	#B084F5	Phantasms
A/TOKYO/EIS13-806/2025	Jose Chung's From Outer Space	#3FD5D0	The Arsenal of Freedom
A/TOKYO/EIS13-808/2025	Field Trip	#FFD23F	The Price
A/TOKYO/EIS13-816/2025	The End	#C48A5A	Conundrum
A/TOKYO/EIS13-820/2025	The End	#C48A5A	Up the Long Ladder
A/TOKYO/EIS13-822/2025	Elegy	#B084F5	The Arsenal of Freedom
A/TOKYO/EIS13-824/2025	Hollywood A.D.	#6BA3E6	Unnatural Selection
A/TOKYO/EIS13-828/2025	The End	#C48A5A	Up the Long Ladder
A/TOKYO/EIS13-829/2025	Elegy	#B084F5	Family
A/TOKYO/EIS13-831/2025	Ghouli	#FF6F69	Family
A/TOKYO/EIS13-832/2025	Musings of a Cigarette Smoking Man	#FF9F40	Conundrum
A/TOKYO/EIS13-833/2025	Musings of a Cigarette Smoking Man	#FF9F40	Family
A/TOKYO/EIS13-834/2025	Elegy	#B084F5	Conundrum
A/TOKYO/EIS13-835/2025	Clyde Bruckman's Final Repose	#9E9E9E	The Price
A/TOKYO/EIS13-838/2025	Elegy	#B084F5	Family
A/TOKYO/EIS13-842/2025	The Walk	#4CCB7F	11001001
A/TOKYO/EIS13-846/2025	The End	#C48A5A	11001001
A/TOKYO/EIS13-852/2025	The End	#C48A5A	Conundrum
A/TOKYO/EIS13-856/2025	Musings of a Cigarette Smoking Man	#FF9F40	Up the Long Ladder
A/TOKYO/EIS13-871/2025	Clyde Bruckman's Final Repose	#9E9E9E	Journey's End
A/TOKYO/EIS13-872/2025	Field Trip	#FFD23F	Phantasms
A/TOKYO/EIS13-875/2025	Elegy	#B084F5	Family
A/TOKYO/EIS13-876/2025	Musings of a Cigarette Smoking Man	#FF9F40	Journey's End
A/TOKYO/EIS13-877/2025	Anasazi	#F47CC3	The Arsenal of Freedom
A/TOKYO/EIS13-878/2025	Elegy	#B084F5	Conundrum
A/TOKYO/EIS13-879/2025	Jose Chung's From Outer Space	#3FD5D0	Family
A/TOKYO/EIS13-880/2025	Jose Chung's From Outer Space	#3FD5D0	Phantasms
A/TOKYO/EIS13-884/2025	Ghouli	#FF6F69	Up the Long Ladder
A/TOKYO/EIS13-887/2025	Hollywood A.D.	#6BA3E6	11001001
A/TOKYO/EIS13-889/2025	Anasazi	#F47CC3	Phantasms
A/TOKYO/EIS13-890/2025	Jose Chung's From Outer Space	#3FD5D0	Family
A/TOKYO/EIS13-893/2025	Field Trip	#FFD23F	The Price
A/TOKYO/EIS13-894/2025	The Walk	#4CCB7F	Unnatural Selection
A/TOKYO/EIS13-899/2025	Jose Chung's From Outer Space	#3FD5D0	The Price
A/TOKYO/EIS13-904/2025	Clyde Bruckman's Final Repose	#9E9E9E	Family
A/TOKYO/EIS13-907/2025	The Walk	#4CCB7F	Up the Long Ladder
A/TOKYO/EIS13-911/2025	Musings of a Cigarette Smoking Man	#FF9F40	Unnatural Selection
A/TOKYO/EIS13-912/2025	Clyde Bruckman's Final Repose	#9E9E9E	Up the Long Ladder
A/TOKYO/EIS13-918/2025	Elegy	#B084F5	The Price
A/TOKYO/EIS13-920/2025	Hollywood A.D.	#6BA3E6	Phantasms
A/TOKYO/EIS13-921/2025	Clyde Bruckman's Final Repose	#9E9E9E	The Price
A/TOKYO/EIS13-924/2025	Musings of a Cigarette Smoking Man	#FF9F40	Family
A/TOKYO/EIS13-925/2025	Field Trip	#FFD23F	Up the Long Ladder
A/TOKYO/EIS13-931/2025	The Walk	#4CCB7F	Q Who
A/TOKYO/EIS13-933/2025	Musings of a Cigarette Smoking Man	#FF9F40	11001001
A/TOKYO/EIS13-935/2025	Field Trip	#FFD23F	Phantasms
A/TOKYO/EIS13-936/2025	Anasazi	#F47CC3	Family
A/TOKYO/EIS13-940/2025	Jose Chung's From Outer Space	#3FD5D0	Family
A/TOKYO/EIS13-945/2025	Clyde Bruckman's Final Repose	#9E9E9E	Up the Long Ladder
A/TOKYO/EIS13-946/2025	Ghouli	#FF6F69	Phantasms
A/TOKYO/EIS13-947/2025	Field Trip	#FFD23F	Family
A/TOKYO/EIS13-949/2025	Clyde Bruckman's Final Repose	#9E9E9E	Conundrum
A/TOKYO/EIS13-950/2025	Musings of a Cigarette Smoking Man	#FF9F40	Conundrum
A/TOKYO/EIS13-951/2025	The Walk	#4CCB7F	Journey's End
A/TOKYO/EIS13-952/2025	Anasazi	#F47CC3	Unnatural Selection
A/TOKYO/EIS13-953/2025	Musings of a Cigarette Smoking Man	#FF9F40	Up the Long Ladder
A/TOKYO/EIS13-954/2025	Field Trip	#FFD23F	Unnatural Selection
A/TOKYO/EIS13-955/2025	Ghouli	#FF6F69	Family
A/TOKYO/EIS13-959/2025	Musings of a Cigarette Smoking Man	#FF9F40	Up the Long Ladder
A/TOKYO/EIS13-966/2025	Anasazi	#F47CC3	Phantasms
A/TOKYO/EIS13-967/2025	The End	#C48A5A	11001001
A/TOKYO/EIS13-968/2025	Hollywood A.D.	#6BA3E6	Conundrum
A/TOKYO/EIS13-974/2025	Ghouli	#FF6F69	11001001
A/TOKYO/EIS13-977/2025	Ghouli	#FF6F69	11001001
A/TOKYO/EIS13-978/2025	Clyde Bruckman's Final Repose	#9E9E9E	Up the Long Ladder
A/TOKYO/EIS13-981/2025	Elegy	#B084F5	Q Who
A/TOKYO/EIS13-983/2025	Ghouli	#FF6F69	Q Who
A/TOKYO/EIS13-985/2025	Elegy	#B084F5	The Arsenal of Freedom
A/TOKYO/EIS13-986/2025	Hollywood A.D.	#6BA3E6	Phantasms
A/TOKYO/EIS13-987/2025	Elegy	#B084F5	Family
A/TOKYO/EIS13-991/2025	The Walk	#4CCB7F	Conundrum
A/TOKYO/EIS13-992/2025	Jose Chung's From Outer Space	#3FD5D0	Family
A/TOKYO/EIS13-997/2025	Hollywood A.D.	#6BA3E6	The Price
A/TOKYO/EIS13-998/2025	Ghouli	#FF6F69	Journey's End
A/TOKYO/EIS13-999/2025	Clyde Bruckman's Final Repose	#9E9E9E	The Price
A/TOKYO/EIS14-001/2025	Musings of a Cigarette Smoking Man	#FF9F40	Conundrum
A/TOKYO/EIS14-004/2025	Field Trip	#FFD23F	Q Who
A/TOKYO/EIS14-006/2025	Jose Chung's From Outer Space	#3FD5D0	The Price
A/TOKYO/EIS14-008/2025	Clyde Bruckman's Final Repose	#9E9E9E	Journey's End
A/TOKYO/EIS14-009/2025	Musings of a Cigarette Smoking Man	#FF9F40	Unnatural Selection
A/TOKYO/EIS14-010/2025	Hollywood A.D.	#6BA3E6	The Arsenal of Freedom
A/TOKYO/EIS14-013/2025	Ghouli	#FF6F69	Up the Long Ladder
A/TOKYO/EIS14-018/2025	Ghouli	#FF6F69	Conundrum
A/TOKYO/EIS14-019/2025	The Walk	#4CCB7F	Up the Long Ladder
A/TOKYO/EIS14-020/2025	Jose Chung's From Outer Space	#3FD5D0	Up the Long Ladder
A/TOKYO/EIS14-021/2025	The End	#C48A5A	Unnatural Selection
A/TOKYO/EIS14-023/2025	The End	#C48A5A	The Price
A/TOKYO/EIS14-024/2025	Hollywood A.D.	#6BA3E6	The Arsenal of Freedom
A/TOKYO/EIS14-025/2025	The End	#C48A5A	The Price
A/TOKYO/EIS14-026/2025	Elegy	#B084F5	The Arsenal of Freedom
A/TOKYO/EIS14-027/2025	The Walk	#4CCB7F	11001001
A/TOKYO/EIS14-028/2025	Field Trip	#FFD23F	Family
A/TOKYO/EIS14-029/2025	The End	#C48A5A	Family
A/TOKYO/EIS14-030/2025	Anasazi	#F47CC3	Journey's End
A/TOKYO/EIS14-032/2025	The End	#C48A5A	Family
A/TOKYO/EIS14-037/2025	Clyde Bruckman's Final Repose	#9E9E9E	Phantasms
A/TOKYO/EIS14-040/2025	The End	#C48A5A	Family
A/TOKYO/EIS14-043/2025	Jose Chung's From Outer Space	#3FD5D0	The Arsenal of Freedom
A/TOKYO/EIS14-047/2025	Ghouli	#FF6F69	Family
A/TOKYO/EIS14-061/2025	Elegy	#B084F5	Unnatural Selection
A/TOKYO/EIS14-065/2025	The Walk	#4CCB7F	Up the Long Ladder
A/TOKYO/EIS14-066/2025	Jose Chung's From Outer Space	#3FD5D0	The Price
A/Taiwan/C22085/2025	Field Trip	#FFD23F	Unnatural Selection
A/Tak/F1323/2024	The Walk	#4CCB7F	11001001
A/Tak/P3792/2025	Ghouli	#FF6F69	11001001
A/Tak/P4150/2025	Jose Chung's From Outer Space	#3FD5D0	Q Who
A/Tak/P4534/2025	The End	#C48A5A	The Price
A/Tak/P4535/2025	The Walk	#4CCB7F	Journey's End
A/Tak/P4889/2025	Elegy	#B084F5	11001001
A/Talca/73867/2025	The Walk	#4CCB7F	The Arsenal of Freedom
A/Talca/82303/2025	The Walk	#4CCB7F	Q Who
A/Talca/84665/2025	Clyde Bruckman's Final Repose	#9E9E9E	Conundrum
A/Talca/87073/2025	The End	#C48A5A	Q Who
A/Talca/89506/2025	Anasazi	#F47CC3	The Price
A/Talcahuano/68555/2025	Field Trip	#FFD23F	Journey's End
A/Talcahuano/68582/2025	Anasazi	#F47CC3	The Arsenal of Freedom
A/Taquaritinga/LEIAL6885/2025	Field Trip	#FFD23F	Up the Long Ladder
A/Taranaki/02/2025	Hollywood A.D.	#6BA3E6	Up the Long Ladder
A/Taranaki/03/2025	Field Trip	#FFD23F	Unnatural Selection
A/Taraz/3586/2025	The End	#C48A5A	The Arsenal of Freedom
A/Taraz/3588/2025	Musings of a Cigarette Smoking Man	#FF9F40	Q Who
A/Taraz/3593/2025	Elegy	#B084F5	Family
A/Taraz/3652/2025	Clyde Bruckman's Final Repose	#9E9E9E	Family
A/Tasmania/2521815682/2025	Anasazi	#F47CC3	Up the Long Ladder
A/Tasmania/557/2025_MDCK1	The Walk	#4CCB7F	The Arsenal of Freedom
A/Tasmania/626/2025	Hollywood A.D.	#6BA3E6	The Price
A/Tasmania/627/2025	The End	#C48A5A	The Arsenal of Freedom
A/Tasmania/627/2025_MDCK1	Anasazi	#F47CC3	Phantasms
A/Tasmania/645/2025	Musings of a Cigarette Smoking Man	#FF9F40	Journey's End
A/Tasmania/676/2025	Jose Chung's From Outer Space	#3FD5D0	Unnatural Selection
A/Tasmania/705/2025	Anasazi	#F47CC3	The Price
A/Tasmania/729/2025	Elegy	#B084F5	The Arsenal of Freedom
A/Tasmania/784/2025	Musings of a Cigarette Smoking Man	#FF9F40	Unnatural Selection
A/Tasmania/787/2025	The Walk	#4CCB7F	Q Who
A/Tasmania/805/2025	Musings of a Cigarette Smoking Man	#FF9F40	The Arsenal of Freedom
A/Tasmania/807/2025	The End	#C48A5A	Conundrum
A/Tasmania/819/2025	The End	#C48A5A	Q Who
A/Tasmania/821/2025	Clyde Bruckman's Final Repose	#9E9E9E	Q Who
A/Tasmania/829/2025	The End	#C48A5A	Journey's End
A/Tasmania/831/2025	The End	#C48A5A	Unnatural Selection
A/Tasmania/847/2025	Anasazi	#F47CC3	Journey's End
A/Tasmania/850/2025	Elegy	#B084F5	11001001
A/Tasmania/851/2025	Ghouli	#FF6F69	Unnatural Selection
A/Tasmania/854/2025	Clyde Bruckman's Final Repose	#9E9E9E	Journey's End
A/Tasmania/866/2025	Anasazi	#F47CC3	Phantasms
A/Tasmania/871/2025	Clyde Bruckman's Final Repose	#9E9E9E	Journey's End
A/Tasmania/872/2025	Clyde Bruckman's Final Repose	#9E9E9E	Conundrum
A/Tasmania/875/2025	Clyde Bruckman's Final Repose	#9E9E9E	Family
A/Tasmania/878/2025	The End	#C48A5A	11001001
A/Tasmania/888/2025	Field Trip	#FFD23F	The Price
A/Tasmania/891/2025	The Walk	#4CCB7F	Phantasms
A/Tasmania/894/2025	Musings of a Cigarette Smoking Man	#FF9F40	Up the Long Ladder
A/Tasmania/895/2025	Anasazi	#F47CC3	Up the Long Ladder
A/Tasmania/896/2025	Jose Chung's From Outer Space	#3FD5D0	Conundrum
A/Tasmania/898/2025	Musings of a Cigarette Smoking Man	#FF9F40	The Price
A/Tasmania/900/2025	Field Trip	#FFD23F	Family
A/Tasmania/901/2025	The End	#C48A5A	Phantasms
A/Tasmania/902/2025	Ghouli	#FF6F69	Unnatural Selection
A/Tasmania/903/2025	The End	#C48A5A	Family
A/Tasmania/906/2025	Jose Chung's From Outer Space	#3FD5D0	The Price
A/Tasmania/907/2025	Jose Chung's From Outer Space	#3FD5D0	Phantasms
A/Tasmania/911/2025	The End	#C48A5A	The Price
A/Tasmania/915/2025	Ghouli	#FF6F69	11001001
A/Tasmania/953/2025_SIAT1	Clyde Bruckman's Final Repose	#9E9E9E	Phantasms
A/Tatarstan/41-1V/2025	Musings of a Cigarette Smoking Man	#FF9F40	The Arsenal of Freedom
A/Tecpan/FLU-270/2025	Elegy	#B084F5	Journey's End
A/Tecpan/FLU-368/2025	Ghouli	#FF6F69	Up the Long Ladder
A/Temuco/65060/2025	The End	#C48A5A	The Arsenal of Freedom
A/Temuco/67477/2025	Anasazi	#F47CC3	The Arsenal of Freedom
A/Temuco/67478/2025	The Walk	#4CCB7F	11001001
A/Temuco/67479/2025	Musings of a Cigarette Smoking Man	#FF9F40	Journey's End
A/Temuco/67480/2025	Hollywood A.D.	#6BA3E6	The Price
A/Temuco/69275/2025	Musings of a Cigarette Smoking Man	#FF9F40	Family
A/Temuco/71410/2025	Elegy	#B084F5	The Arsenal of Freedom
A/Temuco/71413/2025	Elegy	#B084F5	Unnatural Selection
A/Temuco/71414/2025	Jose Chung's From Outer Space	#3FD5D0	Unnatural Selection
A/Temuco/73782/2025	Ghouli	#FF6F69	11001001
A/Temuco/73783/2025	The Walk	#4CCB7F	Conundrum
A/Temuco/73784/2025	Field Trip	#FFD23F	Family
A/Temuco/73790/2025	The End	#C48A5A	The Price
A/Temuco/73791/2025	Jose Chung's From Outer Space	#3FD5D0	11001001
A/Temuco/75895/2025	Jose Chung's From Outer Space	#3FD5D0	Journey's End
A/Temuco/75896/2025	Field Trip	#FFD23F	The Arsenal of Freedom
A/Temuco/75898/2025	Musings of a Cigarette Smoking Man	#FF9F40	Unnatural Selection
A/Temuco/75899/2025	Anasazi	#F47CC3	Phantasms
A/Temuco/75900/2025	Elegy	#B084F5	Phantasms
A/Temuco/77245/2025	The End	#C48A5A	Unnatural Selection
A/Temuco/77246/2025	Musings of a Cigarette Smoking Man	#FF9F40	The Arsenal of Freedom
A/Temuco/79349/2025	Clyde Bruckman's Final Repose	#9E9E9E	Q Who
A/Temuco/88251/2025	Anasazi	#F47CC3	The Arsenal of Freedom
A/Temuco/90794/2025	Anasazi	#F47CC3	Phantasms
A/Tenby/8154/2025	Jose Chung's From Outer Space	#3FD5D0	Family
A/Tennessee/71/2024	Musings of a Cigarette Smoking Man	#FF9F40	Up the Long Ladder
A/Teresina/LEIAL7327/2025	Hollywood A.D.	#6BA3E6	Q Who
A/Texas/13287/2022	Field Trip	#FFD23F	Q Who
A/Texas/14940/2024	Anasazi	#F47CC3	Phantasms
A/Texas/15542/2024	Elegy	#B084F5	Journey's End
A/Texas/15996/2025	The End	#C48A5A	Up the Long Ladder
A/Thailand/23/2024	Field Trip	#FFD23F	Up the Long Ladder
A/Thailand/8/2022_E3/E12023-02-17	Ghouli	#FF6F69	11001001
A/Thailand/8/2022_SIAT2	Musings of a Cigarette Smoking Man	#FF9F40	Phantasms
A/Thessaloniki/834/2025	Hollywood A.D.	#6BA3E6	Family
A/Thessaloniki/835/2025	The End	#C48A5A	Phantasms
A/Thueringen/71/2025	The Walk	#4CCB7F	Up the Long Ladder
A/Tianjin-Hebei/1943/2025	Ghouli	#FF6F69	The Price
A/Timor-Leste/12/2021	Hollywood A.D.	#6BA3E6	11001001
A/Timor-Leste/302/2024	Ghouli	#FF6F69	Phantasms
A/Togo/1117/2024	Field Trip	#FFD23F	Unnatural Selection
A/Togo/1126/2022_SIAT1	Musings of a Cigarette Smoking Man	#FF9F40	Conundrum
A/Togo/1505/2022	Musings of a Cigarette Smoking Man	#FF9F40	Q Who
A/Togo/1667/2025	Jose Chung's From Outer Space	#3FD5D0	Phantasms
A/Togo/A17/2024	Field Trip	#FFD23F	Family
A/Tokyo/EIS10-618/2024_hCK3	Hollywood A.D.	#6BA3E6	The Price
A/Tokyo/EIS13-029/2025_hCK2	Ghouli	#FF6F69	11001001
A/Tokyo/EIS13-355/2025	Elegy	#B084F5	Q Who
A/Tokyo/EIS13-692/2025	Ghouli	#FF6F69	Q Who
A/Tokyo/EIS13-877/2025	Musings of a Cigarette Smoking Man	#FF9F40	Family
A/Tokyo/EIS13-877/2025_HCK2	Clyde Bruckman's Final Repose	#9E9E9E	11001001
A/Tomsk_Oblast/426-13V/2025	Clyde Bruckman's Final Repose	#9E9E9E	Phantasms
A/Toronto/ON-SHL-FLUA-00182/2025	Musings of a Cigarette Smoking Man	#FF9F40	Family
A/Trang/B119/2025	Field Trip	#FFD23F	Up the Long Ladder
A/Trang/B125/2025	The End	#C48A5A	The Arsenal of Freedom
A/Trang/B193/2025	Hollywood A.D.	#6BA3E6	The Price
A/Trang/B195/2025	The Walk	#4CCB7F	Unnatural Selection
A/Trang/B209/2025	Ghouli	#FF6F69	Journey's End
A/Trang/B211/2025	Field Trip	#FFD23F	11001001
A/Trkiye/HSGM-S2425-P58/2025	Elegy	#B084F5	Phantasms
A/Trujillo/TRU03915/2025H3N2	Anasazi	#F47CC3	11001001
A/Trujillo/TRU04029/2025H3N2	Ghouli	#FF6F69	Up the Long Ladder
A/Trujillo/TRU04037/2025H3N2	Ghouli	#FF6F69	The Price
A/Turkestan/3399/2025	Musings of a Cigarette Smoking Man	#FF9F40	The Arsenal of Freedom
A/Turkestan/3440/2025	Ghouli	#FF6F69	Up the Long Ladder
A/Turkestan/3441/2025	Hollywood A.D.	#6BA3E6	Phantasms
A/Turkestan/3442/2025	Elegy	#B084F5	11001001
A/Tywyn/6934/2025	Elegy	#B084F5	Conundrum
A/UTSUNOMIYA/346/2025	Elegy	#B084F5	Conundrum
A/UTSUNOMIYA/349/2025	Clyde Bruckman's Final Repose	#9E9E9E	Unnatural Selection
A/Udmurtia/432-2V/2025	Hollywood A.D.	#6BA3E6	The Price
A/Uganda/HCL025195395701/2025	The Walk	#4CCB7F	Family
A/Uganda/HCL025195397801/2025	Field Trip	#FFD23F	Family
A/Uganda/HCL025195400101/2025	Field Trip	#FFD23F	Up the Long Ladder
A/Uganda/HCL025195402901/2025	The Walk	#4CCB7F	Up the Long Ladder
A/Uganda/HCL025195404701/2025	Elegy	#B084F5	The Arsenal of Freedom
A/Uganda/UVRI_FTL2895_2025	Ghouli	#FF6F69	Family
A/Uganda/UVRI_FTL2938_2025	Elegy	#B084F5	Unnatural Selection
A/Uganda/UVRI_FTL2971_2025	Ghouli	#FF6F69	Q Who
A/Uganda/UVRI_FTL2985_2025	Elegy	#B084F5	Up the Long Ladder
A/Uganda/UVRI_KIS7155_2025	Musings of a Cigarette Smoking Man	#FF9F40	Family
A/Uganda/UVRI_KIS7174_2025	Field Trip	#FFD23F	Unnatural Selection
A/Uganda/UVRI_KIS7178_2025	Ghouli	#FF6F69	Family
A/Uganda/UVRI_KSW8372_2025	Anasazi	#F47CC3	The Price
A/Uganda/UVRI_KSW8415_2025	Clyde Bruckman's Final Repose	#9E9E9E	Conundrum
A/Uganda/UVRI_TOR4329/2025	The End	#C48A5A	The Price
A/Ukraine/3657/2025	Ghouli	#FF6F69	Unnatural Selection
A/Ulaanbaatar/10859/2023	Musings of a Cigarette Smoking Man	#FF9F40	Journey's End
A/Ulaanbaatar/20252568/2025	Musings of a Cigarette Smoking Man	#FF9F40	Family
A/Ulsan/1762/2025	Field Trip	#FFD23F	Conundrum
A/Ulsan/1764/2025	Jose Chung's From Outer Space	#3FD5D0	Q Who
A/Ulsan/1831/2025	Field Trip	#FFD23F	Conundrum
A/Ulsan/1832/2025	The Walk	#4CCB7F	Journey's End
A/Ulsan/1833/2025	Field Trip	#FFD23F	Phantasms
A/Ulyanovsk_Oblast/484-2V/2025	Hollywood A.D.	#6BA3E6	Up the Long Ladder
A/UmmAlquwain/1437/2025	Anasazi	#F47CC3	Q Who
A/UnitedKingdom/16158/2025	Elegy	#B084F5	Up the Long Ladder
A/UnitedKingdom/USAFSAM-16605/2025	The Walk	#4CCB7F	Unnatural Selection
A/Uruguay/1848/2022	Clyde Bruckman's Final Repose	#9E9E9E	Q Who
A/Utah/13/2022	The End	#C48A5A	Up the Long Ladder
A/VALLADOLID/276/2025	Ghouli	#FF6F69	Up the Long Ladder
A/VALLADOLID/284/2025	The Walk	#4CCB7F	Conundrum
A/VALLADOLID/285/2025	Hollywood A.D.	#6BA3E6	Phantasms
A/VALLADOLID/294/2025	Field Trip	#FFD23F	Family
A/VALLADOLID/295/2025	Field Trip	#FFD23F	The Arsenal of Freedom
A/VALLADOLID/314/2025	Jose Chung's From Outer Space	#3FD5D0	Family
A/VALLADOLID/327/2025	Elegy	#B084F5	Family
A/Valdivia/62477/2025	Jose Chung's From Outer Space	#3FD5D0	Phantasms
A/Valdivia/65435/2025	The End	#C48A5A	The Arsenal of Freedom
A/Valdivia/66690/2025	Anasazi	#F47CC3	Phantasms
A/Valdivia/66703/2025	The Walk	#4CCB7F	Up the Long Ladder
A/Valdivia/68518/2025	The Walk	#4CCB7F	Conundrum
A/Valdivia/69704/2025	The Walk	#4CCB7F	11001001
A/Valdivia/70613/2025	Musings of a Cigarette Smoking Man	#FF9F40	Up the Long Ladder
A/Valdivia/71660/2025	Ghouli	#FF6F69	Conundrum
A/Valdivia/71661/2025	Elegy	#B084F5	Conundrum
A/Valdivia/73153/2025	Field Trip	#FFD23F	The Arsenal of Freedom
A/Valdivia/73154/2025	Musings of a Cigarette Smoking Man	#FF9F40	Phantasms
A/Valdivia/73156/2025	Clyde Bruckman's Final Repose	#9E9E9E	Journey's End
A/Valdivia/73158/2025	Musings of a Cigarette Smoking Man	#FF9F40	Journey's End
A/Valdivia/74198/2025	Anasazi	#F47CC3	Unnatural Selection
A/Valdivia/74201/2025	Hollywood A.D.	#6BA3E6	The Arsenal of Freedom
A/Valdivia/75170/2025	Clyde Bruckman's Final Repose	#9E9E9E	The Arsenal of Freedom
A/Valdivia/75171/2025	Elegy	#B084F5	Conundrum
A/Valdivia/75174/2025	Ghouli	#FF6F69	Q Who
A/Valdivia/76317/2025	Clyde Bruckman's Final Repose	#9E9E9E	Unnatural Selection
A/Valdivia/76536/2025	Musings of a Cigarette Smoking Man	#FF9F40	Conundrum
A/Valdivia/76539/2025	Clyde Bruckman's Final Repose	#9E9E9E	The Price
A/Valdivia/76543/2025	Anasazi	#F47CC3	The Arsenal of Freedom
A/Valdivia/77459/2025	Musings of a Cigarette Smoking Man	#FF9F40	Family
A/Valdivia/77462/2025	Ghouli	#FF6F69	Journey's End
A/Valdivia/77463/2025	Anasazi	#F47CC3	Family
A/Valdivia/80443/2025	The Walk	#4CCB7F	Unnatural Selection
A/Valdivia/83071/2025	The End	#C48A5A	Q Who
A/Valdivia/86590/2025	Elegy	#B084F5	The Price
A/Valdivia/86605/2025	Ghouli	#FF6F69	Up the Long Ladder
A/Valdivia/86609/2025	Field Trip	#FFD23F	Journey's End
A/Valdivia/87554/2025	The Walk	#4CCB7F	The Price
A/Valdivia/87555/2025	Anasazi	#F47CC3	Family
A/Valdivia/87556/2025	The End	#C48A5A	The Arsenal of Freedom
A/Valdivia/87558/2025	The End	#C48A5A	11001001
A/Valdivia/87563/2025	Field Trip	#FFD23F	The Arsenal of Freedom
A/Valdivia/88940/2025	Field Trip	#FFD23F	Phantasms
A/Valdivia/88942/2025	Clyde Bruckman's Final Repose	#9E9E9E	The Price
A/Valdivia/91284/2025	Clyde Bruckman's Final Repose	#9E9E9E	Phantasms
A/Valencia/CSISP-11_0950/2025	The End	#C48A5A	Up the Long Ladder
A/Valencia/VAHNSI_07_0359/2025_90400_45048	The Walk	#4CCB7F	Conundrum
A/Valladolid/1187/2025	Hollywood A.D.	#6BA3E6	The Arsenal of Freedom
A/Valladolid/1187/2025_S2	Anasazi	#F47CC3	11001001
A/Valparaso/75486/2025	Anasazi	#F47CC3	11001001
A/Valparaso/83359/2025	Elegy	#B084F5	Up the Long Ladder
A/Valparaso/88114/2025	Musings of a Cigarette Smoking Man	#FF9F40	The Arsenal of Freedom
A/Valparaso/89620/2025	The End	#C48A5A	Family
A/Vasteras/SE23-14213/2023_SIAT1/SIAT1	Elegy	#B084F5	Phantasms
A/Vasteras/SE25-10216/2025	Clyde Bruckman's Final Repose	#9E9E9E	Up the Long Ladder
A/Vasteras/SE25-12515/2025	Field Trip	#FFD23F	Q Who
A/Vermont/70/2025	Musings of a Cigarette Smoking Man	#FF9F40	Unnatural Selection
A/Vermont/71/2025	The End	#C48A5A	11001001
A/Vermont/72/2025	The End	#C48A5A	The Price
A/Vermont/73/2025	Anasazi	#F47CC3	Journey's End
A/Vermont/76/2025	Musings of a Cigarette Smoking Man	#FF9F40	Family
A/ViadelMar/77706/2025	Hollywood A.D.	#6BA3E6	Phantasms
A/ViadelMar/77708/2025	Field Trip	#FFD23F	Phantasms
A/ViadelMar/92660/2025	Clyde Bruckman's Final Repose	#9E9E9E	Unnatural Selection
A/Victoria/1226/2025	The End	#C48A5A	Conundrum
A/Victoria/1768/2023	Anasazi	#F47CC3	Q Who
A/Victoria/1836/2025	Musings of a Cigarette Smoking Man	#FF9F40	Unnatural Selection
A/Victoria/1838/2025	Elegy	#B084F5	Journey's End
A/Victoria/1878/2025	Hollywood A.D.	#6BA3E6	Unnatural Selection
A/Victoria/1953/2025	The End	#C48A5A	Journey's End
A/Victoria/1971/2025	Musings of a Cigarette Smoking Man	#FF9F40	Phantasms
A/Victoria/1976/2025	The End	#C48A5A	Family
A/Victoria/2007/2025	Jose Chung's From Outer Space	#3FD5D0	Conundrum
A/Victoria/2016/2025	Jose Chung's From Outer Space	#3FD5D0	11001001
A/Victoria/2035/2025	Hollywood A.D.	#6BA3E6	Up the Long Ladder
A/Victoria/2038/2025	Field Trip	#FFD23F	Unnatural Selection
A/Victoria/2041/2025	Ghouli	#FF6F69	Up the Long Ladder
A/Victoria/2045/2025	Field Trip	#FFD23F	Phantasms
A/Victoria/2054/2025	Jose Chung's From Outer Space	#3FD5D0	Up the Long Ladder
A/Victoria/2075/2025	Ghouli	#FF6F69	The Price
A/Victoria/2083/2025	Ghouli	#FF6F69	Unnatural Selection
A/Victoria/2088/2025	Ghouli	#FF6F69	Family
A/Victoria/2096/2025	Clyde Bruckman's Final Repose	#9E9E9E	The Arsenal of Freedom
A/Victoria/2097/2025	Jose Chung's From Outer Space	#3FD5D0	Unnatural Selection
A/Victoria/2098/2025	The Walk	#4CCB7F	Journey's End
A/Victoria/2101/2025	Clyde Bruckman's Final Repose	#9E9E9E	Q Who
A/Victoria/2103/2025	The End	#C48A5A	Conundrum
A/Victoria/2104/2025	Hollywood A.D.	#6BA3E6	Unnatural Selection
A/Victoria/2107/2025	Elegy	#B084F5	Q Who
A/Victoria/2109/2025	Anasazi	#F47CC3	Journey's End
A/Victoria/2110/2025	The Walk	#4CCB7F	Q Who
A/Victoria/2111/2025	Clyde Bruckman's Final Repose	#9E9E9E	11001001
A/Victoria/2112/2025	Clyde Bruckman's Final Repose	#9E9E9E	Phantasms
A/Victoria/2117/2025	Field Trip	#FFD23F	Conundrum
A/Victoria/2131/2025	The End	#C48A5A	Q Who
A/Victoria/2133/2025	The End	#C48A5A	The Arsenal of Freedom
A/Victoria/2135/2025	Hollywood A.D.	#6BA3E6	Unnatural Selection
A/Victoria/2136/2025	Jose Chung's From Outer Space	#3FD5D0	Conundrum
A/Victoria/2140/2025	Field Trip	#FFD23F	The Arsenal of Freedom
A/Victoria/2142/2025	Elegy	#B084F5	Family
A/Victoria/2144/2025	The End	#C48A5A	Phantasms
A/Victoria/2146/2025	Anasazi	#F47CC3	Phantasms
A/Victoria/2147/2025	Clyde Bruckman's Final Repose	#9E9E9E	Unnatural Selection
A/Victoria/2170/2025	Elegy	#B084F5	The Arsenal of Freedom
A/Victoria/2202/2025	Musings of a Cigarette Smoking Man	#FF9F40	The Price
A/Victoria/2207/2025	The Walk	#4CCB7F	Phantasms
A/Victoria/2215/2025	Ghouli	#FF6F69	Journey's End
A/Victoria/2215A/2025	Anasazi	#F47CC3	Up the Long Ladder
A/Victoria/2216/2025	Field Trip	#FFD23F	Journey's End
A/Victoria/2216A/2025	The Walk	#4CCB7F	The Arsenal of Freedom
A/Victoria/2218/2025	Hollywood A.D.	#6BA3E6	The Price
A/Victoria/2222/2025	Ghouli	#FF6F69	Phantasms
A/Victoria/2224/2025	The End	#C48A5A	Phantasms
A/Victoria/2226/2025	The End	#C48A5A	Unnatural Selection
A/Victoria/2227/2025	The End	#C48A5A	Phantasms
A/Victoria/2230/2025	Clyde Bruckman's Final Repose	#9E9E9E	Journey's End
A/Victoria/2234/2025	Ghouli	#FF6F69	The Arsenal of Freedom
A/Victoria/2244/2025	Jose Chung's From Outer Space	#3FD5D0	The Arsenal of Freedom
A/Victoria/2246/2025	Ghouli	#FF6F69	Up the Long Ladder
A/Victoria/2247/2025	Musings of a Cigarette Smoking Man	#FF9F40	Unnatural Selection
A/Victoria/2248/2025	The Walk	#4CCB7F	Up the Long Ladder
A/Victoria/2252/2025	Hollywood A.D.	#6BA3E6	Conundrum
A/Victoria/2253/2025	Jose Chung's From Outer Space	#3FD5D0	11001001
A/Victoria/2282/2025	The Walk	#4CCB7F	Unnatural Selection
A/Victoria/2283/2025	Hollywood A.D.	#6BA3E6	The Arsenal of Freedom
A/Victoria/2284/2025	The End	#C48A5A	The Arsenal of Freedom
A/Victoria/2287/2025	Musings of a Cigarette Smoking Man	#FF9F40	The Price
A/Victoria/2288/2025	Jose Chung's From Outer Space	#3FD5D0	Conundrum
A/Victoria/2289/2025	Musings of a Cigarette Smoking Man	#FF9F40	Family
A/Victoria/2290/2025	Hollywood A.D.	#6BA3E6	Phantasms
A/Victoria/2294/2025	Jose Chung's From Outer Space	#3FD5D0	Q Who
A/Victoria/2301/2025	The Walk	#4CCB7F	Unnatural Selection
A/Victoria/2326/2025	The End	#C48A5A	Family
A/Victoria/2329/2025	Clyde Bruckman's Final Repose	#9E9E9E	The Arsenal of Freedom
A/Victoria/2333/2025	Elegy	#B084F5	Up the Long Ladder
A/Victoria/2335/2025	Elegy	#B084F5	Q Who
A/Victoria/2337/2025	Musings of a Cigarette Smoking Man	#FF9F40	Unnatural Selection
A/Victoria/2338/2025	Ghouli	#FF6F69	Family
A/Victoria/2339/2025	Elegy	#B084F5	Phantasms
A/Victoria/2341/2025	Hollywood A.D.	#6BA3E6	Q Who
A/Victoria/2346/2025	Ghouli	#FF6F69	Phantasms
A/Victoria/2347/2025	Anasazi	#F47CC3	Conundrum
A/Victoria/2349/2025	The End	#C48A5A	The Arsenal of Freedom
A/Victoria/2351/2025	The Walk	#4CCB7F	The Arsenal of Freedom
A/Victoria/2352/2025	Musings of a Cigarette Smoking Man	#FF9F40	Unnatural Selection
A/Victoria/2354/2025	Ghouli	#FF6F69	Journey's End
A/Victoria/2355/2025	Field Trip	#FFD23F	Phantasms
A/Victoria/2357/2025	Field Trip	#FFD23F	Family
A/Victoria/2359/2025	Clyde Bruckman's Final Repose	#9E9E9E	Conundrum
A/Victoria/2364/2025	Jose Chung's From Outer Space	#3FD5D0	Conundrum
A/Victoria/2368/2025	Field Trip	#FFD23F	The Arsenal of Freedom
A/Victoria/2370/2025	Musings of a Cigarette Smoking Man	#FF9F40	Journey's End
A/Victoria/2371/2025	The Walk	#4CCB7F	Conundrum
A/Victoria/2373/2025	Elegy	#B084F5	The Arsenal of Freedom
A/Victoria/2379/2025	Field Trip	#FFD23F	Family
A/Victoria/2381/2025	Elegy	#B084F5	Q Who
A/Victoria/2382/2025	The End	#C48A5A	Unnatural Selection
A/Victoria/2383/2025	Ghouli	#FF6F69	Up the Long Ladder
A/Victoria/2384/2025	Hollywood A.D.	#6BA3E6	Family
A/Victoria/2386/2025	Clyde Bruckman's Final Repose	#9E9E9E	Q Who
A/Victoria/2389/2025	Ghouli	#FF6F69	The Price
A/Victoria/2391/2025	Jose Chung's From Outer Space	#3FD5D0	Unnatural Selection
A/Victoria/2397/2025	Field Trip	#FFD23F	Journey's End
A/Victoria/2404/2025	Hollywood A.D.	#6BA3E6	11001001
A/Victoria/2405/2025	The End	#C48A5A	Journey's End
A/Victoria/2406/2025	Elegy	#B084F5	Unnatural Selection
A/Victoria/2408/2025	Clyde Bruckman's Final Repose	#9E9E9E	The Arsenal of Freedom
A/Victoria/2409/2025	Clyde Bruckman's Final Repose	#9E9E9E	Phantasms
A/Victoria/2418/2025	Anasazi	#F47CC3	Up the Long Ladder
A/Victoria/2427014656/2025	Field Trip	#FFD23F	Phantasms
A/Victoria/2465/2025	Clyde Bruckman's Final Repose	#9E9E9E	The Price
A/Victoria/2466/2025	Musings of a Cigarette Smoking Man	#FF9F40	11001001
A/Victoria/2467/2025	The End	#C48A5A	Up the Long Ladder
A/Victoria/2468/2025	Musings of a Cigarette Smoking Man	#FF9F40	The Price
A/Victoria/2469/2025	Anasazi	#F47CC3	The Price
A/Victoria/2470/2025	Jose Chung's From Outer Space	#3FD5D0	11001001
A/Victoria/2471/2025	Anasazi	#F47CC3	The Price
A/Victoria/2472/2025	Elegy	#B084F5	Journey's End
A/Victoria/2475/2025	The End	#C48A5A	Phantasms
A/Victoria/2476/2025	Elegy	#B084F5	Up the Long Ladder
A/Victoria/2477/2025	The End	#C48A5A	Conundrum
A/Victoria/2478/2025	Clyde Bruckman's Final Repose	#9E9E9E	The Arsenal of Freedom
A/Victoria/2479/2025	Hollywood A.D.	#6BA3E6	Unnatural Selection
A/Victoria/2480/2025	Clyde Bruckman's Final Repose	#9E9E9E	Family
A/Victoria/2481/2025	Musings of a Cigarette Smoking Man	#FF9F40	The Price
A/Victoria/2489/2025	Clyde Bruckman's Final Repose	#9E9E9E	Conundrum
A/Victoria/2495/2025	Hollywood A.D.	#6BA3E6	Family
A/Victoria/2498/2025	Ghouli	#FF6F69	Conundrum
A/Victoria/2499/2025	Musings of a Cigarette Smoking Man	#FF9F40	11001001
A/Victoria/2521/2025	The Walk	#4CCB7F	Q Who
A/Victoria/2522/2025	Ghouli	#FF6F69	Conundrum
A/Victoria/2523215286/2025	The End	#C48A5A	Phantasms
A/Victoria/2525608275/2025	Clyde Bruckman's Final Repose	#9E9E9E	11001001
A/Victoria/2525706517/2025	Hollywood A.D.	#6BA3E6	Journey's End
A/Victoria/2526715478/2025	Musings of a Cigarette Smoking Man	#FF9F40	11001001
A/Victoria/2527216497/2025	Field Trip	#FFD23F	Up the Long Ladder
A/Victoria/2528016340/2025	Ghouli	#FF6F69	Up the Long Ladder
A/Victoria/2529/2025	Elegy	#B084F5	Phantasms
A/Victoria/2529415731/2025	The End	#C48A5A	Phantasms
A/Victoria/2529615038/2025	Elegy	#B084F5	Up the Long Ladder
A/Victoria/2530/2025	Jose Chung's From Outer Space	#3FD5D0	Up the Long Ladder
A/Victoria/2530315112/2025	Field Trip	#FFD23F	The Arsenal of Freedom
A/Victoria/2531/2025	The End	#C48A5A	Q Who
A/Victoria/2532/2025	Hollywood A.D.	#6BA3E6	Conundrum
A/Victoria/2533/2025	Musings of a Cigarette Smoking Man	#FF9F40	Conundrum
A/Victoria/2536/2025	The End	#C48A5A	The Arsenal of Freedom
A/Victoria/2538/2025	Elegy	#B084F5	Journey's End
A/Victoria/2539/2025	The Walk	#4CCB7F	Unnatural Selection
A/Victoria/2540/2025	Hollywood A.D.	#6BA3E6	Phantasms
A/Victoria/2542/2025	Anasazi	#F47CC3	Family
A/Victoria/2545/2025	Hollywood A.D.	#6BA3E6	Phantasms
A/Victoria/2547/2025	The End	#C48A5A	11001001
A/Victoria/2549/2025	Clyde Bruckman's Final Repose	#9E9E9E	Journey's End
A/Victoria/2629/2025	The Walk	#4CCB7F	The Price
A/Victoria/2631/2025	The Walk	#4CCB7F	The Arsenal of Freedom
A/Victoria/2633/2025	Jose Chung's From Outer Space	#3FD5D0	Up the Long Ladder
A/Victoria/2634/2025	Jose Chung's From Outer Space	#3FD5D0	Journey's End
A/Victoria/2635/2025	Ghouli	#FF6F69	Family
A/Victoria/2636/2025	Musings of a Cigarette Smoking Man	#FF9F40	Unnatural Selection
A/Victoria/2637/2025	Field Trip	#FFD23F	Up the Long Ladder
A/Victoria/2639/2025	Elegy	#B084F5	Q Who
A/Victoria/2641/2025	Ghouli	#FF6F69	Up the Long Ladder
A/Victoria/2642/2025	Anasazi	#F47CC3	Phantasms
A/Victoria/2643/2025	The Walk	#4CCB7F	Q Who
A/Victoria/2644/2025	Jose Chung's From Outer Space	#3FD5D0	Conundrum
A/Victoria/2645/2025	Jose Chung's From Outer Space	#3FD5D0	Conundrum
A/Victoria/2646/2025	Ghouli	#FF6F69	Up the Long Ladder
A/Victoria/2648/2025	The Walk	#4CCB7F	Journey's End
A/Victoria/2689/2025	Anasazi	#F47CC3	Family
A/Victoria/2691/2025	Field Trip	#FFD23F	Unnatural Selection
A/Victoria/2692/2025	Jose Chung's From Outer Space	#3FD5D0	Conundrum
A/Victoria/2694/2025	The Walk	#4CCB7F	Family
A/Victoria/2695/2025	Hollywood A.D.	#6BA3E6	11001001
A/Victoria/2696/2025	Elegy	#B084F5	11001001
A/Victoria/2699/2025	Elegy	#B084F5	Up the Long Ladder
A/Victoria/2700/2025	Jose Chung's From Outer Space	#3FD5D0	Journey's End
A/Victoria/2703/2025	Hollywood A.D.	#6BA3E6	Unnatural Selection
A/Victoria/2707/2025	Ghouli	#FF6F69	Up the Long Ladder
A/Victoria/2708/2025	Clyde Bruckman's Final Repose	#9E9E9E	Journey's End
A/Victoria/2709/2025	Field Trip	#FFD23F	Up the Long Ladder
A/Victoria/2711/2025	Ghouli	#FF6F69	The Price
A/Victoria/2765/2025	Hollywood A.D.	#6BA3E6	Up the Long Ladder
A/Victoria/2766/2025	Elegy	#B084F5	The Price
A/Victoria/2769/2025	Hollywood A.D.	#6BA3E6	Journey's End
A/Victoria/2770/2025	Clyde Bruckman's Final Repose	#9E9E9E	Conundrum
A/Victoria/2771/2025	The End	#C48A5A	Q Who
A/Victoria/2772/2025	The Walk	#4CCB7F	Q Who
A/Victoria/2774/2025	Ghouli	#FF6F69	Phantasms
A/Victoria/2776/2025	Ghouli	#FF6F69	Conundrum
A/Victoria/2778/2025	Clyde Bruckman's Final Repose	#9E9E9E	The Arsenal of Freedom
A/Victoria/2779/2025	The Walk	#4CCB7F	11001001
A/Victoria/2780/2025	Field Trip	#FFD23F	The Price
A/Victoria/2782/2025	The End	#C48A5A	Q Who
A/Victoria/2784/2025	Musings of a Cigarette Smoking Man	#FF9F40	Conundrum
A/Victoria/2785/2025	Clyde Bruckman's Final Repose	#9E9E9E	The Price
A/Victoria/2786/2025	Jose Chung's From Outer Space	#3FD5D0	Journey's End
A/Victoria/2871/2025	Ghouli	#FF6F69	The Arsenal of Freedom
A/Victoria/2873/2025	The Walk	#4CCB7F	11001001
A/Victoria/2874/2025	Ghouli	#FF6F69	Phantasms
A/Victoria/2876/2025	Field Trip	#FFD23F	Phantasms
A/Victoria/2877/2025	Anasazi	#F47CC3	Family
A/Victoria/2878/2025	The Walk	#4CCB7F	Journey's End
A/Victoria/2880/2025	Anasazi	#F47CC3	Family
A/Victoria/2882/2025	Ghouli	#FF6F69	11001001
A/Victoria/2883/2025	Hollywood A.D.	#6BA3E6	Journey's End
A/Victoria/2885/2025	Musings of a Cigarette Smoking Man	#FF9F40	The Arsenal of Freedom
A/Victoria/2906/2023_SIAT1	Clyde Bruckman's Final Repose	#9E9E9E	Family
A/Victoria/2997/2023_E4	Clyde Bruckman's Final Repose	#9E9E9E	Family
A/Victoria/2997/2023_SIAT1	Anasazi	#F47CC3	Journey's End
A/Victoria/300/2025	Anasazi	#F47CC3	Journey's End
A/Victoria/3064/2023	Ghouli	#FF6F69	Unnatural Selection
A/Victoria/3099/2023_SIAT1	The Walk	#4CCB7F	Family
A/Victoria/397/2025	Musings of a Cigarette Smoking Man	#FF9F40	Unnatural Selection
A/Victoria/488/2024_S2	Hollywood A.D.	#6BA3E6	The Arsenal of Freedom
A/Victoria/958/2024_SIAT1	Elegy	#B084F5	Phantasms
A/Victoria/979/2024_S2	Jose Chung's From Outer Space	#3FD5D0	Unnatural Selection
A/Vietnam/5141/2025	The End	#C48A5A	Journey's End
A/Vietnam/5183/2025	Field Trip	#FFD23F	Phantasms
A/Vietnam/5187/2025	Clyde Bruckman's Final Repose	#9E9E9E	Phantasms
A/Vietnam/5189/2025	The End	#C48A5A	Unnatural Selection
A/Vietnam/5190/2025	Anasazi	#F47CC3	Conundrum
A/Vietnam/5197/2025	Elegy	#B084F5	Up the Long Ladder
A/Vietnam/5200/2025	Ghouli	#FF6F69	Phantasms
A/Vietnam/5201/2025	The End	#C48A5A	Conundrum
A/Vietnam/5205/2025	Ghouli	#FF6F69	The Arsenal of Freedom
A/Vietnam/5220/2025	Clyde Bruckman's Final Repose	#9E9E9E	The Price
A/Vietnam/5221/2025	Anasazi	#F47CC3	The Arsenal of Freedom
A/Vietnam/5228/2025	Hollywood A.D.	#6BA3E6	Journey's End
A/Vietnam/5230/2025	Jose Chung's From Outer Space	#3FD5D0	Up the Long Ladder
A/Vietnam/5263/2025	The Walk	#4CCB7F	Q Who
A/Vietnam/5271/2025	Jose Chung's From Outer Space	#3FD5D0	Journey's End
A/Vietnam/5283/2025	Anasazi	#F47CC3	11001001
A/Vietnam/5292/2025	Clyde Bruckman's Final Repose	#9E9E9E	Up the Long Ladder
A/Vietnam/5295/2025	Hollywood A.D.	#6BA3E6	The Price
A/Vietnam/5352/2025	Anasazi	#F47CC3	The Arsenal of Freedom
A/Vietnam/5359/2025	Field Trip	#FFD23F	Conundrum
A/Vietnam/5366/2025	Anasazi	#F47CC3	11001001
A/Vietnam/5373/2025	Jose Chung's From Outer Space	#3FD5D0	Family
A/Vietnam/5383/2025	Hollywood A.D.	#6BA3E6	Conundrum
A/Vietnam/F7_159/2025	Ghouli	#FF6F69	Conundrum
A/Vietnam/F7_163/2025	Jose Chung's From Outer Space	#3FD5D0	Family
A/Vietnam/F7_185/2025	The End	#C48A5A	Phantasms
A/Vietnam/F7_187/2025	Jose Chung's From Outer Space	#3FD5D0	Q Who
A/Vietnam/F7_198/2025	Musings of a Cigarette Smoking Man	#FF9F40	Journey's End
A/Vietnam/F7_206/2025	Ghouli	#FF6F69	The Arsenal of Freedom
A/Vietnam/F7_207/2025	Field Trip	#FFD23F	The Price
A/Vietnam/F7_221/2025	Clyde Bruckman's Final Repose	#9E9E9E	The Price
A/Vietnam/F7_223/2025	Field Trip	#FFD23F	Q Who
A/Vietnam/F7_224/2025	Musings of a Cigarette Smoking Man	#FF9F40	Conundrum
A/Vietnam/F7_230/2025	Hollywood A.D.	#6BA3E6	Conundrum
A/Vietnam/F7_240/2025	Field Trip	#FFD23F	11001001
A/Vietnam/F7_246/2025	Hollywood A.D.	#6BA3E6	The Arsenal of Freedom
A/Vietnam/F7_252/2025	Clyde Bruckman's Final Repose	#9E9E9E	Journey's End
A/Vietnam/F7_254/2025	The End	#C48A5A	Family
A/Vietnam/FP225035/2025	Hollywood A.D.	#6BA3E6	Phantasms
A/Vietnam/FP325105/2025	Clyde Bruckman's Final Repose	#9E9E9E	The Price
A/Vietnam/FP425001/2025	Anasazi	#F47CC3	Unnatural Selection
A/Vietnam/FP425102/2025	Clyde Bruckman's Final Repose	#9E9E9E	11001001
A/Vietnam/IC00447/2025	Jose Chung's From Outer Space	#3FD5D0	Q Who
A/Vietnam/PF124082/2024	The Walk	#4CCB7F	Up the Long Ladder
A/Vietnam/PF124483/2024	Clyde Bruckman's Final Repose	#9E9E9E	The Price
A/Vietnam/PF125261/2025	Clyde Bruckman's Final Repose	#9E9E9E	Journey's End
A/Vietnam/PF125330/2025	Hollywood A.D.	#6BA3E6	Conundrum
A/Vietnam/PF125359/2024	The End	#C48A5A	Phantasms
A/Vietnam/PF125361/2024	Field Trip	#FFD23F	The Arsenal of Freedom
A/Vietnam/PF125365/2024	The End	#C48A5A	Journey's End
A/Vietnam/PF125366/2024	Field Trip	#FFD23F	Unnatural Selection
A/Vietnam/PF125367/2024	Musings of a Cigarette Smoking Man	#FF9F40	Phantasms
A/Vietnam/PF125371/2024	Clyde Bruckman's Final Repose	#9E9E9E	Family
A/Vietnam/PF125378/2024	The Walk	#4CCB7F	Conundrum
A/Vietnam/PF125383/2024	Elegy	#B084F5	Q Who
A/Vietnam/PF125392/2024	Field Trip	#FFD23F	Conundrum
A/Vietnam/PF125393/2024	Clyde Bruckman's Final Repose	#9E9E9E	Journey's End
A/Vietnam/PF125395/2024	Elegy	#B084F5	The Arsenal of Freedom
A/Vietnam/PF125399/2024	Jose Chung's From Outer Space	#3FD5D0	Up the Long Ladder
A/Vietnam/PF125403/2024	Musings of a Cigarette Smoking Man	#FF9F40	Journey's End
A/Vietnam/PF224225/2024	The End	#C48A5A	Up the Long Ladder
A/Vietnam/PF225360/2024	Clyde Bruckman's Final Repose	#9E9E9E	Up the Long Ladder
A/Vietnam/PF225362/2024	Hollywood A.D.	#6BA3E6	Conundrum
A/Vietnam/PF225366/2024	Anasazi	#F47CC3	Journey's End
A/Vietnam/PF225372/2024	The Walk	#4CCB7F	Up the Long Ladder
A/Vietnam/PF225373/2024	Elegy	#B084F5	The Arsenal of Freedom
A/Vietnam/PF325274/2025	Clyde Bruckman's Final Repose	#9E9E9E	Journey's End
A/Vietnam/PF325352/2024	The End	#C48A5A	11001001
A/Vietnam/PF325356/2024	The End	#C48A5A	11001001
A/Vietnam/PF325364/2024	Ghouli	#FF6F69	Family
A/Vietnam/PF325366/2024	The Walk	#4CCB7F	The Arsenal of Freedom
A/Vietnam/PF325367/2024	Field Trip	#FFD23F	The Price
A/Vietnam/PF325369/2024	Elegy	#B084F5	11001001
A/Vietnam/PF325370/2024	Musings of a Cigarette Smoking Man	#FF9F40	The Arsenal of Freedom
A/VillaNueva/FLU-381/2025	Ghouli	#FF6F69	Journey's End
A/Virginia/55/2025	Elegy	#B084F5	Up the Long Ladder
A/Virginia/61/2025	Elegy	#B084F5	Conundrum
A/Virginia/62/2025	Ghouli	#FF6F69	Unnatural Selection
A/Virginia/GKISBBBF04112/2025	Ghouli	#FF6F69	The Price
A/Virginia/GKISBBBH25328/2025	The End	#C48A5A	Journey's End
A/Virginia/GKISBBBI21072/2025	The Walk	#4CCB7F	Journey's End
A/Virginia/GKISBBBI26222/2025	Hollywood A.D.	#6BA3E6	11001001
A/Virginia/GKISBBBI27646/2025	Anasazi	#F47CC3	The Price
A/Virginia/GKISBBBI42812/2025	Hollywood A.D.	#6BA3E6	The Price
A/Virginia/GKISBBBI43506/2025	Hollywood A.D.	#6BA3E6	The Arsenal of Freedom
A/Vladimir/RII-MH223409S/2024	Jose Chung's From Outer Space	#3FD5D0	Journey's End
A/Vladivostok/25/25	The End	#C48A5A	Phantasms
A/Volgograd_Oblast/182-3V/2024	Musings of a Cigarette Smoking Man	#FF9F40	Up the Long Ladder
A/Vologda_Oblast/115-1V/2025	Clyde Bruckman's Final Repose	#9E9E9E	Phantasms
A/Vologda_Oblast/122-1V/2025	The End	#C48A5A	The Price
A/Vologda_Oblast/122-3V/2025	Clyde Bruckman's Final Repose	#9E9E9E	The Price
A/Waikato/01/2025	Ghouli	#FF6F69	Q Who
A/Wairarapa/01/2025	The End	#C48A5A	Conundrum
A/Wairarapa/02/2025	Anasazi	#F47CC3	Conundrum
A/Waitemata/01/2025	Elegy	#B084F5	The Arsenal of Freedom
A/Washington/13327/2022	The End	#C48A5A	Journey's End
A/Washington/167/2025	The Walk	#4CCB7F	Family
A/Washington/172/2025	Hollywood A.D.	#6BA3E6	Conundrum
A/Washington/2152/2025	Clyde Bruckman's Final Repose	#9E9E9E	Q Who
A/Washington/2156/2025	Musings of a Cigarette Smoking Man	#FF9F40	Q Who
A/Washington/25/2023	Clyde Bruckman's Final Repose	#9E9E9E	Unnatural Selection
A/Washington/9904/2019	Clyde Bruckman's Final Repose	#9E9E9E	The Arsenal of Freedom
A/Washington/GKISBBBG73386/2025	Elegy	#B084F5	Journey's End
A/Washington/GKISBBBG80555/2025	Musings of a Cigarette Smoking Man	#FF9F40	Unnatural Selection
A/Washington/GKISBBBH05886/2025	Hollywood A.D.	#6BA3E6	Up the Long Ladder
A/Washington/GKISBBBH10244/2025	Jose Chung's From Outer Space	#3FD5D0	Up the Long Ladder
A/Washington/GKISBBBH23146/2025	Clyde Bruckman's Final Repose	#9E9E9E	Family
A/Washington/S27463/2020	Musings of a Cigarette Smoking Man	#FF9F40	Q Who
A/Washington/UW-69024/2025	The End	#C48A5A	11001001
A/Wellington/43/2025	The End	#C48A5A	Conundrum
A/Wellington/44/2025	The Walk	#4CCB7F	11001001
A/Wellington/45/2025	Field Trip	#FFD23F	Q Who
A/Welshpool/9339/2025	The End	#C48A5A	Family
A/WesternAustralia/2523716882/2025	Ghouli	#FF6F69	Phantasms
A/WesternAustralia/2526516830/2025	Elegy	#B084F5	Journey's End
A/WesternAustralia/2526516832/2025	The End	#C48A5A	Conundrum
A/WesternAustralia/2526815156/2025	Clyde Bruckman's Final Repose	#9E9E9E	Journey's End
A/WesternAustralia/2527416285/2025	Field Trip	#FFD23F	Family
A/WesternAustralia/2527416319/2025	Musings of a Cigarette Smoking Man	#FF9F40	11001001
A/WesternAustralia/2528016919/2025	The End	#C48A5A	Phantasms
A/WesternAustralia/2530115882/2025	Field Trip	#FFD23F	The Price
A/WesternAustralia/2530216228/2025	Jose Chung's From Outer Space	#3FD5D0	Family
A/Wisconsin/114/2025	Elegy	#B084F5	Q Who
A/Wisconsin/117/2025	Clyde Bruckman's Final Repose	#9E9E9E	11001001
A/Wisconsin/122/2025	Musings of a Cigarette Smoking Man	#FF9F40	Family
A/Wisconsin/126/2025	Ghouli	#FF6F69	Phantasms
A/Wisconsin/128/2025	The Walk	#4CCB7F	The Arsenal of Freedom
A/Wisconsin/129/2025	Clyde Bruckman's Final Repose	#9E9E9E	Q Who
A/Wisconsin/130/2025	Hollywood A.D.	#6BA3E6	11001001
A/Wisconsin/132/2025	Jose Chung's From Outer Space	#3FD5D0	Q Who
A/Wisconsin/133/2025	Field Trip	#FFD23F	Family
A/Wisconsin/135/2025	Field Trip	#FFD23F	Q Who
A/Wisconsin/136/2025	Jose Chung's From Outer Space	#3FD5D0	Up the Long Ladder
A/Wisconsin/137/2025	Field Trip	#FFD23F	Phantasms
A/Wisconsin/138/2025	Anasazi	#F47CC3	The Price
A/Wisconsin/139/2025	Musings of a Cigarette Smoking Man	#FF9F40	The Arsenal of Freedom
A/Wisconsin/140/2025	Ghouli	#FF6F69	Q Who
A/Wisconsin/142/2025	Clyde Bruckman's Final Repose	#9E9E9E	Family
A/Wisconsin/144/2025	The End	#C48A5A	11001001
A/Wisconsin/145/2025	Field Trip	#FFD23F	11001001
A/Wisconsin/147/2025	The Walk	#4CCB7F	Family
A/Wisconsin/148/2025	The Walk	#4CCB7F	Q Who
A/Wisconsin/149/2025	Musings of a Cigarette Smoking Man	#FF9F40	Phantasms
A/Wisconsin/154/2024_S1	Hollywood A.D.	#6BA3E6	11001001
A/Wisconsin/160/2024_Spf3	Elegy	#B084F5	The Arsenal of Freedom
A/Wisconsin/90/2023_Spf3E12024-01-29	The Walk	#4CCB7F	Phantasms
A/Wisconsin/NIRC-IS-1244/2025	Elegy	#B084F5	Conundrum
A/Wisconsin/NIRC-IS-1245/2025	Ghouli	#FF6F69	Unnatural Selection
A/Wisconsin/NIRC-IS-1246/2025	Clyde Bruckman's Final Repose	#9E9E9E	Conundrum
A/Wisconsin/NIRC-IS-1247/2025	Ghouli	#FF6F69	The Price
A/Wisconsin/NIRC-IS-1248/2025	The Walk	#4CCB7F	Journey's End
A/Wrexham/4174/2025	Ghouli	#FF6F69	Up the Long Ladder
A/Wrexham/6624/2025	The End	#C48A5A	Unnatural Selection
A/Xinjiang-Changji/1952/2025_C1S1	Elegy	#B084F5	11001001
A/Xinjiang-Hejing/39/2025	Musings of a Cigarette Smoking Man	#FF9F40	Family
A/Xinjiang-Midong/397/2025	Jose Chung's From Outer Space	#3FD5D0	Up the Long Ladder
A/Xinjiang-Shuimogou/328/2025	Field Trip	#FFD23F	Q Who
A/YAMAGATA/210/2024	Hollywood A.D.	#6BA3E6	11001001
A/YAMAGUCHI/77/2024_MDCK2hCK1	Ghouli	#FF6F69	The Arsenal of Freedom
A/YAMANASHI/25308/2025	The End	#C48A5A	Conundrum
A/YOKOHAMA/102/2025	Elegy	#B084F5	Unnatural Selection
A/YOKOHAMA/128/2025	Clyde Bruckman's Final Repose	#9E9E9E	Conundrum
A/YOKOHAMA/53/2025	Ghouli	#FF6F69	Family
A/YOKOHAMA/57/2025	Ghouli	#FF6F69	The Arsenal of Freedom
A/YOKOHAMA/60/2025	Anasazi	#F47CC3	The Price
A/YOKOHAMA/72/2025	Field Trip	#FFD23F	Q Who
A/YOKOHAMA/75/2025	Hollywood A.D.	#6BA3E6	Up the Long Ladder
A/YOKOHAMA/83/2025	Anasazi	#F47CC3	Family
A/YOKOHAMA/84/2025	Field Trip	#FFD23F	The Price
A/YOKOHAMA/85/2025	Anasazi	#F47CC3	Unnatural Selection
A/YOKOHAMA/89/2025	Musings of a Cigarette Smoking Man	#FF9F40	Conundrum
A/YOKOSUKA/10/2025	The Walk	#4CCB7F	Family
A/YOKOSUKA/11/2025	Musings of a Cigarette Smoking Man	#FF9F40	Journey's End
A/Yakutia/70-6V/2023	Clyde Bruckman's Final Repose	#9E9E9E	The Arsenal of Freedom
A/Yasothon/B218/2025	Hollywood A.D.	#6BA3E6	Unnatural Selection
A/Yasothon/B220/2025	Ghouli	#FF6F69	The Arsenal of Freedom
A/Yasothon/B245/2025	The End	#C48A5A	Family
A/Yasothon/B250/2025	Musings of a Cigarette Smoking Man	#FF9F40	11001001
A/Yasothon/B259/2025	Elegy	#B084F5	Phantasms
A/Yasothon/B271/2025	Musings of a Cigarette Smoking Man	#FF9F40	Unnatural Selection
A/Yasothon/B299/2025	Jose Chung's From Outer Space	#3FD5D0	Phantasms
A/Yasothon/B302/2025	Clyde Bruckman's Final Repose	#9E9E9E	11001001
A/Yasothon/B304/2025	Hollywood A.D.	#6BA3E6	Up the Long Ladder
A/Yokohama/48/2024_hCK3	Anasazi	#F47CC3	11001001
A/Yunnan-Chenggong/35/2025	Jose Chung's From Outer Space	#3FD5D0	Unnatural Selection
A/Yunnan-Eshanyizuzizhi/323/2025	Ghouli	#FF6F69	Phantasms
A/Yunnan-Guandu/336/2025	Ghouli	#FF6F69	The Price
A/Yunnan-Guandu/359/2025	Jose Chung's From Outer Space	#3FD5D0	Phantasms
A/Yunnan-Jinghong/11686/2025	Field Trip	#FFD23F	Journey's End
A/Yunnan-Jinghong/311/2025	Musings of a Cigarette Smoking Man	#FF9F40	Conundrum
A/Yunnan-Jinning/313/2025	Ghouli	#FF6F69	Phantasms
A/Yunnan-Ludian/1776/2025	Anasazi	#F47CC3	Phantasms
A/Yunnan-Maguan/1725/2025	Musings of a Cigarette Smoking Man	#FF9F40	The Arsenal of Freedom
A/Yunnan-Menghai/2534/2025	Field Trip	#FFD23F	Conundrum
A/Yunnan-Mengzi/1162/2019	Musings of a Cigarette Smoking Man	#FF9F40	Journey's End
A/Yunnan-Mengzi/12121/2025	Hollywood A.D.	#6BA3E6	The Arsenal of Freedom
A/Yunnan-Wenshan/12319/2025	Clyde Bruckman's Final Repose	#9E9E9E	Up the Long Ladder
A/Yunnan-Wenshan/1591/2022	Jose Chung's From Outer Space	#3FD5D0	Family
A/Yunnan-Wuhua/1926/2025	Ghouli	#FF6F69	Q Who
A/Yunnan-Wuhua/1970/2025	Elegy	#B084F5	Journey's End
A/Yunnan-Wuhua/1983/2025	The Walk	#4CCB7F	Family
A/Yunnan-Xishan/12006/2025	Jose Chung's From Outer Space	#3FD5D0	Q Who
A/Yunnan-Xishan/12574/2025	Elegy	#B084F5	The Price
A/ZAMORA/305/2025	The End	#C48A5A	Unnatural Selection
A/ZAMORA/306/2025	Musings of a Cigarette Smoking Man	#FF9F40	Phantasms
A/Zacapa/FLU-260/2025	Hollywood A.D.	#6BA3E6	Up the Long Ladder
A/Zacapa/FLU-325/2025	Clyde Bruckman's Final Repose	#9E9E9E	Up the Long Ladder
A/Zacapa/FLU-330/2025	Clyde Bruckman's Final Repose	#9E9E9E	Phantasms
A/Zambia/0086/2025	Hollywood A.D.	#6BA3E6	Family
A/Zambia/0093/2025	Musings of a Cigarette Smoking Man	#FF9F40	The Price
A/Zambia/01-NIC-777/2025	Field Trip	#FFD23F	The Arsenal of Freedom
A/Zambia/01-NIC-782/2025	Field Trip	#FFD23F	Conundrum
A/Zambia/01-NIC-786/2025	Ghouli	#FF6F69	Q Who
A/Zambia/01-NIC-808/2025	Hollywood A.D.	#6BA3E6	Q Who
A/Zambia/01-NIC-809/2025	Hollywood A.D.	#6BA3E6	11001001
A/Zambia/01-NIC-812/2025	Jose Chung's From Outer Space	#3FD5D0	Q Who
A/Zambia/01-NIC-828/2025	Ghouli	#FF6F69	The Arsenal of Freedom
A/Zambia/01-NIC-835/2025	The Walk	#4CCB7F	Phantasms
A/Zambia/02-NIC-336/2025	Clyde Bruckman's Final Repose	#9E9E9E	Conundrum
A/Zambia/02-NIC-355/2025	Jose Chung's From Outer Space	#3FD5D0	Conundrum
A/Zambia/0248/2025	Elegy	#B084F5	Up the Long Ladder
A/Zambia/0312/2025	Ghouli	#FF6F69	The Price
A/Zambia/0355/2025	Hollywood A.D.	#6BA3E6	Family
A/Zambia/05-NIC-074/2025	Jose Chung's From Outer Space	#3FD5D0	Q Who
A/Zambia/05-NIC-078/2025	Jose Chung's From Outer Space	#3FD5D0	Up the Long Ladder
A/Zambia/05-NIC-090/2025	Clyde Bruckman's Final Repose	#9E9E9E	The Price
A/Zambia/05-NIC-100/2025	Jose Chung's From Outer Space	#3FD5D0	Conundrum
A/Zambia/05-NIC-103/2025	Musings of a Cigarette Smoking Man	#FF9F40	Unnatural Selection
A/Zambia/05-NIC-104/2025	The End	#C48A5A	Journey's End
A/Zambia/0593/2025	The End	#C48A5A	Up the Long Ladder
A/Zambia/06-NIC-641/2025	Field Trip	#FFD23F	Phantasms
A/Zambia/06-NIC-878/2025	Musings of a Cigarette Smoking Man	#FF9F40	Unnatural Selection
A/Zambia/0600/2025	The End	#C48A5A	Family
A/Zambia/0609/2025	Anasazi	#F47CC3	The Arsenal of Freedom
A/Zambia/0641/2025	Musings of a Cigarette Smoking Man	#FF9F40	Q Who
A/Zambia/07-NIC-555/2025	Jose Chung's From Outer Space	#3FD5D0	Journey's End
A/Zambia/07-NIC-593/2025	Elegy	#B084F5	The Arsenal of Freedom
A/Zambia/07-NIC-597/2025	Jose Chung's From Outer Space	#3FD5D0	Journey's End
A/Zambia/07-NIC-600/2025	The Walk	#4CCB7F	The Price
A/Zambia/07-NIC-606/2025	Clyde Bruckman's Final Repose	#9E9E9E	Q Who
A/Zambia/07-NIC-608/2025	Musings of a Cigarette Smoking Man	#FF9F40	Phantasms
A/Zambia/07-NIC-609/2025	Hollywood A.D.	#6BA3E6	Q Who
A/Zambia/07-NIC-615/2025	Elegy	#B084F5	Unnatural Selection
A/Zambia/07-NIC-629/2025	Jose Chung's From Outer Space	#3FD5D0	11001001
A/Zambia/07-NIC-634/2025	Field Trip	#FFD23F	Journey's End
A/Zambia/07-NIC-635/2025	The Walk	#4CCB7F	The Price
A/Zambia/07-NIC-714/2025	Ghouli	#FF6F69	The Arsenal of Freedom
A/Zambia/07-NIC-717/2025	The Walk	#4CCB7F	Q Who
A/Zambia/07-NIC-721/2025	The Walk	#4CCB7F	Phantasms
A/Zambia/07-NIC-723/2025	The Walk	#4CCB7F	The Price
A/Zambia/07-NIC-725/2025	Musings of a Cigarette Smoking Man	#FF9F40	Unnatural Selection
A/Zambia/07-NIC-727/2025	Clyde Bruckman's Final Repose	#9E9E9E	Conundrum
A/Zambia/07-NIC-737/2025	Anasazi	#F47CC3	The Price
A/Zambia/08-NIC-209/2025	Hollywood A.D.	#6BA3E6	Up the Long Ladder
A/Zambia/0809/2025	Anasazi	#F47CC3	Phantasms
A/Zambia/0826/2025	Field Trip	#FFD23F	Journey's End
A/Zambia/09-NIC-238/2025	The End	#C48A5A	Family
A/Zambia/09-NIC-243/2025	Elegy	#B084F5	Unnatural Selection
A/Zambia/11-NIC-690/2025	Musings of a Cigarette Smoking Man	#FF9F40	Family
A/Zambia/11-NIC-700/2025	Elegy	#B084F5	Family
A/Zambia/11-NIC-707/2025	Musings of a Cigarette Smoking Man	#FF9F40	The Arsenal of Freedom
A/Zambia/11-NIC-740/2025	Anasazi	#F47CC3	The Price
A/Zambia/11-NIC-763/2025	Jose Chung's From Outer Space	#3FD5D0	Q Who
A/Zambia/11-NIC-765/2025	Ghouli	#FF6F69	Q Who
A/Zambia/11-NIC-766/2025	Musings of a Cigarette Smoking Man	#FF9F40	The Price
A/Zambia/13-NIC-096/2025	Clyde Bruckman's Final Repose	#9E9E9E	Journey's End
A/Zambia/13-NIC-099/2025	Jose Chung's From Outer Space	#3FD5D0	Journey's End
A/Zambia/14-NIC-036/2025	Anasazi	#F47CC3	The Price
A/Zambia/14-NIC-037/2025	Ghouli	#FF6F69	Unnatural Selection
A/Zambia/14-NIC-041/2025	The Walk	#4CCB7F	Phantasms
A/Zambia/14-NIC-045/2025	The End	#C48A5A	The Price
A/Zambia/14-NIC-055/2025	Jose Chung's From Outer Space	#3FD5D0	Family
A/Zambia/14-NIC-063/2025	Elegy	#B084F5	11001001
A/Zambia/15-NIC-068/2025	Jose Chung's From Outer Space	#3FD5D0	Family
A/Zambia/50100/2025	The Walk	#4CCB7F	The Price
A/Zhambyl/3411/2025	Anasazi	#F47CC3	Conundrum
A/Zhambyl/3414/2025	Anasazi	#F47CC3	Up the Long Ladder
A/Zhejiang-Deqing/2826/2025	Ghouli	#FF6F69	Q Who
A/Zhejiang-Dinghai/11727/2025	Anasazi	#F47CC3	11001001
A/Zhejiang-Gongshu/11070/2025	Clyde Bruckman's Final Repose	#9E9E9E	Phantasms
A/Zhejiang-Gongshu/31/2025	Clyde Bruckman's Final Repose	#9E9E9E	Q Who
A/Zhejiang-Leqing/1838/2025	Field Trip	#FFD23F	Journey's End
A/Zhejiang-Longwan/1854/2025	Anasazi	#F47CC3	Journey's End
A/Zhejiang-Nanhu/11041/2025	Anasazi	#F47CC3	11001001
A/Zhejiang-Nanxun/1830/2025	Field Trip	#FFD23F	Q Who
A/Zhejiang-Ruian/1826/2025	Anasazi	#F47CC3	Up the Long Ladder
A/Zhejiang-Shangcheng/11853/2025	Hollywood A.D.	#6BA3E6	The Arsenal of Freedom
A/Zhejiang-Shangcheng/12399/2025	Jose Chung's From Outer Space	#3FD5D0	11001001
A/Zhejiang-Shangcheng/1895/2024_C1S1	The Walk	#4CCB7F	Family
A/Zhejiang-Wuxing/1858/2025	Elegy	#B084F5	The Price
A/Zhejiang-Yuecheng/1963/2025	Anasazi	#F47CC3	Conundrum
A/Zhejiang-Yuhuan/2612/2025	The End	#C48A5A	The Price
A/Zhejiang-Zhangxing/1831/2025	Hollywood A.D.	#6BA3E6	The Price
A/Zhetysu/3404/2025	Field Trip	#FFD23F	The Arsenal of Freedom
A/Zhetysu/3493/2025	Ghouli	#FF6F69	Conundrum
A/Zhetysu/3495/2025	Musings of a Cigarette Smoking Man	#FF9F40	Phantasms
A/Zhetysu/3496/2025	Hollywood A.D.	#6BA3E6	Q Who
A/Zhetysu/3497/2025	The Walk	#4CCB7F	Q Who
A/shandongrencheng/11172/2022H3	Hollywood A.D.	#6BA3E6	11001001
A_Moscow_55_CRIE_2025	Field Trip	#FFD23F	11001001
A_Moscow_57_CRIE_2025	Musings of a Cigarette Smoking Man	#FF9F40	Journey's End
A_Moscow_58_CRIE_2025	The End	#C48A5A	Unnatural Selection
A_Moscow_59_CRIE_2025	Ghouli	#FF6F69	Conundrum
A_Moscow_60_CRIE_2025	The Walk	#4CCB7F	Conundrum
A_Moscow_61_CRIE_2025	Hollywood A.D.	#6BA3E6	Up the Long Ladder
A_Moscow_64_CRIE_2025	The Walk	#4CCB7F	The Arsenal of Freedom
A_Moscow_69_CRIE_2025	The End	#C48A5A	The Price
A_Moscow_70_CRIE_2025	Musings of a Cigarette Smoking Man	#FF9F40	The Arsenal of Freedom
A_Moscow_76_CRIE_2025	Jose Chung's From Outer Space	#3FD5D0	Conundrum
A_Moscow_78_CRIE_2025	Hollywood A.D.	#6BA3E6	11001001
A_Moscow_79_CRIE_2025	The Walk	#4CCB7F	Journey's End
A_Moscow_80_CRIE_2025	Elegy	#B084F5	11001001
A_Moscow_81_CRIE_2025	Ghouli	#FF6F69	The Arsenal of Freedom
A_Moscow_82_CRIE_2025	Field Trip	#FFD23F	11001001
A_Moscow_83_CRIE_2025	Anasazi	#F47CC3	11001001
A_Orenburg_66_CRIE_2025	Field Trip	#FFD23F	The Price
A_Orenburg_67_CRIE_2025	Anasazi	#F47CC3	Journey's End
A_Orenburg_68_CRIE_2025	Ghouli	#FF6F69	The Arsenal of Freedom
A_StPeterburg_73_CRIE_2025	The Walk	#4CCB7F	11001001
A_StPeterburg_74_CRIE_2025	Musings of a Cigarette Smoking Man	#FF9F40	Family
A_StPeterburg_75_CRIE_2025	Ghouli	#FF6F69	Journey's End
A_StPeterburg_88_CRIE_2025	Jose Chung's From Outer Space	#3FD5D0	Up the Long Ladder
CVR-209A/Sydney/1304/2022_	Elegy	#B084F5	Q Who
H3A/SaudiArabia/KFMC-131/2019	Hollywood A.D.	#6BA3E6	Q Who
